Baumart,Tiefe_cm,Tag_des_Jahres,Datum_MM_DD,Min,Q10,Q25,Median,Q75,Q90,Max
Buche,15,1,01-01,44.1,68.6,90.8,100.5,107.7,115.7,123.2
Buche,15,2,01-02,44.3,68.3,90.9,99.9,106.9,115.4,122.4
Buche,15,3,01-03,44.9,69.5,90.5,99.4,107.2,115.0,121.6
Buche,15,4,01-04,45.6,70.3,90.5,99.1,107.3,114.8,121.1
Buche,15,5,01-05,46.3,70.9,90.5,98.8,107.2,114.4,120.5
Buche,15,6,01-06,46.9,71.4,90.5,98.5,107.2,114.0,120.0
Buche,15,7,01-07,47.4,71.8,90.4,98.4,107.1,114.0,119.6
Buche,15,8,01-08,47.9,72.1,90.3,98.5,107.2,114.5,121.1
Buche,15,9,01-09,48.3,72.4,90.3,98.6,107.2,115.1,123.2
Buche,15,10,01-10,48.7,72.6,90.3,98.8,107.2,115.5,123.3
Buche,15,11,01-11,49.2,73.5,90.5,99,107.0,115.7,123.8
Buche,15,12,01-12,49.7,74.4,90.5,98.9,107.0,116.3,125.1
Buche,15,13,01-13,50.3,75.2,90.5,98.7,107.0,116.7,125.7
Buche,15,14,01-14,50.8,75.7,90.6,98.5,106.6,116.2,124.9
Buche,15,15,01-15,51.3,76.1,90.6,98.4,106.2,115.4,123.5
Buche,15,16,01-16,51.8,76.5,90.6,98.2,106.0,115.2,123.5
Buche,15,17,01-17,52.3,77.2,90.7,98.1,106.0,114.8,123.3
Buche,15,18,01-18,52.8,77.8,90.7,98.2,106.1,114.5,123.6
Buche,15,19,01-19,53.4,78.4,90.8,98.3,106.1,114.0,123.2
Buche,15,20,01-20,53.9,79.0,90.9,98.5,105.9,114.1,123.1
Buche,15,21,01-21,54.5,79.7,91.0,98.7,105.7,114.1,123.3
Buche,15,22,01-22,55.6,80.8,91.2,99,106.1,114.3,123.5
Buche,15,23,01-23,56.6,80.9,91.7,99.6,106.0,114.6,123.8
Buche,15,24,01-24,57.5,80.9,91.9,100,106.1,114.9,124.2
Buche,15,25,01-25,58.3,81.3,92.0,100.6,106.3,115.3,124.6
Buche,15,26,01-26,59.2,81.7,92.1,101,106.5,115.3,125.0
Buche,15,27,01-27,60.4,82.0,92.3,101.2,106.5,115.2,125.4
Buche,15,28,01-28,61.5,82.2,92.3,101.3,106.3,115.1,125.2
Buche,15,29,01-29,62.6,82.5,92.5,101.2,106.1,114.8,123.5
Buche,15,30,01-30,63.7,83.1,92.5,101.1,106.1,114.6,123.3
Buche,15,31,01-31,64.8,83.8,92.6,101.1,106.0,114.5,123.0
Buche,15,32,02-01,65.8,84.5,92.9,101.1,106.0,114.0,121.9
Buche,15,33,02-02,66.8,85.0,93.0,101.2,105.9,113.5,121.3
Buche,15,34,02-03,67.8,85.4,93.1,101.2,106.0,113.2,121.1
Buche,15,35,02-04,68.8,85.8,93.2,101.2,106.2,113.3,120.9
Buche,15,36,02-05,69.8,86.1,93.2,101.1,106.4,113.4,120.7
Buche,15,37,02-06,70.7,86.2,93.3,101,106.4,113.6,120.3
Buche,15,38,02-07,71.7,86.2,93.5,100.9,106.3,113.7,119.7
Buche,15,39,02-08,72.7,86.1,93.3,100.7,106.2,113.8,119.2
Buche,15,40,02-09,73.8,86.0,93.2,100.6,106.3,113.7,118.7
Buche,15,41,02-10,74.7,85.8,93.1,100.5,106.4,113.5,118.2
Buche,15,42,02-11,75.1,85.9,93.0,100.3,106.3,113.0,117.7
Buche,15,43,02-12,75.5,86.0,92.9,100,106.1,112.4,117.2
Buche,15,44,02-13,75.9,86.4,92.8,99.6,105.7,111.9,116.4
Buche,15,45,02-14,76.3,86.6,92.6,99.2,105.4,111.5,116.0
Buche,15,46,02-15,76.6,86.6,92.5,98.9,105.2,111.3,115.5
Buche,15,47,02-16,76.5,86.8,92.5,98.6,105.2,111.2,115.2
Buche,15,48,02-17,76.5,87.0,92.4,98.3,105.2,110.5,113.7
Buche,15,49,02-18,76.8,87.2,92.2,98.1,105.3,110.3,113.3
Buche,15,50,02-19,77.2,87.1,92.1,97.8,105.1,110.1,113.2
Buche,15,51,02-20,77.7,87.0,92.0,97.5,105.0,110.0,113.2
Buche,15,52,02-21,78.2,86.9,91.8,97.1,104.6,110.1,113.1
Buche,15,53,02-22,78.7,86.9,91.6,96.8,104.3,110.0,113.1
Buche,15,54,02-23,79.1,86.8,91.4,96.6,104.1,110.1,113.1
Buche,15,55,02-24,79.7,86.7,91.2,96.6,103.9,110.2,113.4
Buche,15,56,02-25,80.2,86.7,91.0,96.6,103.8,110.3,113.5
Buche,15,57,02-26,80.8,86.6,90.8,96.5,103.7,110.3,113.4
Buche,15,58,02-27,81.3,86.6,90.4,96.4,103.7,110.3,113.6
Buche,15,59,02-28,81.8,86.6,90.2,96.4,103.9,110.3,113.6
Buche,15,60,03-01,82.2,86.9,90.1,96.3,104.0,110.3,113.7
Buche,15,61,03-02,82.8,87.1,90.0,96.2,104.0,110.2,113.8
Buche,15,62,03-03,83.3,87.1,90.0,96.4,104.0,110.2,113.9
Buche,15,63,03-04,83.4,87.0,90.1,96.5,104.3,110.5,114.4
Buche,15,64,03-05,83.5,86.8,90.1,96.5,104.6,111.0,114.8
Buche,15,65,03-06,83.6,86.6,90.2,96.5,104.8,111.1,114.9
Buche,15,66,03-07,83.7,86.4,90.3,96.4,104.7,111.0,114.9
Buche,15,67,03-08,83.7,86.2,90.3,96.4,104.7,111.3,114.9
Buche,15,68,03-09,83.8,86.0,90.3,96.2,104.5,111.6,115.3
Buche,15,69,03-10,83.5,85.8,90.4,96.1,104.3,111.4,115.5
Buche,15,70,03-11,83.2,85.4,90.3,96,104.0,111.1,115.7
Buche,15,71,03-12,82.8,85.1,90.2,95.9,103.8,110.8,115.2
Buche,15,72,03-13,82.4,84.7,90.0,95.8,103.5,110.3,114.7
Buche,15,73,03-14,81.8,84.4,89.9,95.6,103.3,109.9,114.2
Buche,15,74,03-15,81.2,84.1,89.7,95.2,103.1,109.2,113.7
Buche,15,75,03-16,80.5,83.8,89.6,94.8,102.7,108.6,112.9
Buche,15,76,03-17,79.7,83.5,89.4,94.4,102.4,108.1,112.4
Buche,15,77,03-18,78.9,83.2,89.3,94.1,102.0,107.8,112.5
Buche,15,78,03-19,78.6,83.1,89.3,93.8,102.1,107.7,112.6
Buche,15,79,03-20,78.3,83.0,89.1,93.7,102.2,107.7,112.7
Buche,15,80,03-21,77.9,82.7,88.8,93.5,102.3,108.0,112.8
Buche,15,81,03-22,77.4,82.2,88.5,93.3,102.6,108.3,113.2
Buche,15,82,03-23,76.8,81.8,87.9,92.9,103.0,108.6,113.7
Buche,15,83,03-24,76.3,81.5,87.4,92.4,102.7,108.5,113.9
Buche,15,84,03-25,75.9,81.1,86.9,92.1,102.4,108.5,114.2
Buche,15,85,03-26,75.4,80.6,86.4,91.9,102.1,108.8,114.8
Buche,15,86,03-27,74.9,80.1,85.9,91.6,102.1,109.2,115.5
Buche,15,87,03-28,74.5,79.7,85.4,91.3,102.0,109.2,116.4
Buche,15,88,03-29,74.0,79.2,85.0,91,102.0,109.0,118.5
Buche,15,89,03-30,73.5,78.7,84.6,90.9,102.1,108.9,121.3
Buche,15,90,03-31,73.0,78.3,84.2,90.7,102.2,108.9,123.4
Buche,15,91,04-01,72.5,77.8,83.9,90.8,102.4,109.2,125.8
Buche,15,92,04-02,72.0,77.3,83.5,90.7,102.8,109.8,128.1
Buche,15,93,04-03,71.5,76.8,83.2,90.7,103.1,110.3,130.2
Buche,15,94,04-04,71.2,76.3,82.8,90.6,103.2,110.7,132.1
Buche,15,95,04-05,70.9,75.9,82.4,90.5,103.3,111.0,133.9
Buche,15,96,04-06,70.6,75.6,81.9,90.6,103.5,111.1,135.5
Buche,15,97,04-07,70.7,75.2,81.4,90.8,103.8,111.2,136.6
Buche,15,98,04-08,70.4,74.7,80.7,90.8,103.6,111.1,137.5
Buche,15,99,04-09,70.0,74.1,80.1,90.6,103.1,110.8,138.5
Buche,15,100,04-10,69.7,73.5,79.6,90.5,102.5,110.4,139.3
Buche,15,101,04-11,69.3,72.9,79.0,90.3,101.8,109.8,139.8
Buche,15,102,04-12,68.8,72.4,78.5,90,101.3,109.4,140.2
Buche,15,103,04-13,68.3,71.9,77.9,89.8,101.1,109.1,140.4
Buche,15,104,04-14,67.7,71.4,77.3,89.3,100.8,108.5,140.9
Buche,15,105,04-15,67.1,70.9,76.9,88.8,100.6,107.9,141.8
Buche,15,106,04-16,66.5,70.4,76.3,88.4,100.3,107.3,142.9
Buche,15,107,04-17,65.9,69.9,76.2,88.3,100.0,107.2,143.5
Buche,15,108,04-18,65.2,69.3,76.1,88.3,99.6,107.4,142.3
Buche,15,109,04-19,64.6,68.8,75.9,88.1,99.4,107.5,140.2
Buche,15,110,04-20,63.9,68.3,75.7,87.7,99.2,107.6,138.8
Buche,15,111,04-21,63.3,67.7,75.4,87.6,99.4,107.4,137.7
Buche,15,112,04-22,62.8,67.1,75.2,87.6,99.4,107.0,136.8
Buche,15,113,04-23,62.2,66.5,75.0,87.8,99.6,107.0,136.1
Buche,15,114,04-24,61.7,65.8,75.0,87.9,100.0,107.3,135.9
Buche,15,115,04-25,61.2,64.9,75.1,88,100.4,107.6,135.6
Buche,15,116,04-26,60.6,64.0,75.1,87.8,100.8,107.9,135.4
Buche,15,117,04-27,59.7,63.0,75.2,87.5,101.3,108.5,135.2
Buche,15,118,04-28,58.4,61.9,75.3,87.1,101.6,108.8,135.0
Buche,15,119,04-29,57.1,60.8,75.2,87,101.8,109.0,134.8
Buche,15,120,04-30,55.9,59.7,75.0,86.9,101.9,109.5,134.5
Buche,15,121,05-01,54.7,59.6,74.8,86.8,102.0,110.0,134.2
Buche,15,122,05-02,53.6,59.4,74.8,86.9,102.0,110.2,133.9
Buche,15,123,05-03,53.0,59.1,74.8,87.2,102.0,110.4,133.6
Buche,15,124,05-04,52.8,59.1,74.8,87.5,101.9,110.5,133.0
Buche,15,125,05-05,52.6,59.1,75.3,87.9,101.8,110.7,131.8
Buche,15,126,05-06,52.4,59.2,75.5,88.4,101.6,111.1,130.2
Buche,15,127,05-07,52.1,59.4,75.4,88.5,101.5,111.1,128.6
Buche,15,128,05-08,51.9,59.6,75.1,88.6,101.6,111.0,127.2
Buche,15,129,05-09,51.5,59.7,75.0,88.7,101.5,110.7,125.8
Buche,15,130,05-10,51.1,59.7,74.9,88.9,101.7,110.5,124.4
Buche,15,131,05-11,50.8,59.7,74.9,88.6,101.5,110.2,123.1
Buche,15,132,05-12,50.8,59.7,74.9,88.4,101.3,110.1,121.9
Buche,15,133,05-13,50.7,59.9,74.7,88.4,101.0,109.7,120.3
Buche,15,134,05-14,50.8,60.1,74.2,88.4,100.5,109.2,119.1
Buche,15,135,05-15,50.9,60.4,73.5,88.3,99.7,108.6,117.6
Buche,15,136,05-16,51.0,60.7,72.8,88.1,99.0,108.1,116.0
Buche,15,137,05-17,51.1,60.8,71.8,88,98.3,107.2,114.4
Buche,15,138,05-18,51.2,61.0,70.8,87.9,97.7,106.5,112.9
Buche,15,139,05-19,51.3,61.0,69.9,87.5,97.1,105.8,111.3
Buche,15,140,05-20,51.4,60.9,69.3,86.9,96.7,104.9,109.9
Buche,15,141,05-21,51.3,59.8,68.8,86.3,96.2,104.0,109.0
Buche,15,142,05-22,51.3,58.6,67.9,85.9,95.8,104.0,109.1
Buche,15,143,05-23,50.7,57.6,67.2,85.2,95.3,104.1,108.9
Buche,15,144,05-24,49.6,56.5,66.1,84.6,94.9,104.5,108.7
Buche,15,145,05-25,48.7,55.5,65.1,83.9,94.6,103.9,108.1
Buche,15,146,05-26,47.8,54.5,64.3,83.2,94.5,103.3,107.5
Buche,15,147,05-27,47.4,53.3,63.5,82.4,94.3,102.5,106.9
Buche,15,148,05-28,46.9,52.1,62.9,81.7,93.8,101.4,106.3
Buche,15,149,05-29,46.5,51.8,62.3,81.2,93.5,100.6,105.7
Buche,15,150,05-30,46.1,51.6,61.3,81.1,92.9,100.1,105.2
Buche,15,151,05-31,45.5,51.2,60.3,81,92.4,99.6,105.2
Buche,15,152,06-01,44.5,51.0,59.6,80.4,91.8,99.6,105.1
Buche,15,153,06-02,43.6,50.7,59.5,79.6,91.2,99.3,104.9
Buche,15,154,06-03,42.4,50.2,59.3,78.9,90.9,99.0,104.5
Buche,15,155,06-04,41.2,49.5,59.1,78.1,90.4,98.5,104.2
Buche,15,156,06-05,40.0,48.8,59.1,77.3,89.7,98.0,103.8
Buche,15,157,06-06,38.9,48.1,59.0,76.7,88.9,97.4,103.2
Buche,15,158,06-07,37.8,47.4,59.0,76,88.1,96.6,102.8
Buche,15,159,06-08,36.7,46.9,58.9,75.3,87.3,96.4,102.7
Buche,15,160,06-09,35.7,46.3,58.5,74.5,86.4,96.0,102.6
Buche,15,161,06-10,34.8,45.7,58.2,73.8,85.4,95.6,102.0
Buche,15,162,06-11,33.8,45.1,57.9,72.7,84.9,94.6,100.8
Buche,15,163,06-12,33.0,44.5,57.5,71.8,84.2,93.7,99.8
Buche,15,164,06-13,32.2,43.5,57.2,70.9,83.4,92.8,99.2
Buche,15,165,06-14,31.5,42.3,56.3,70,82.7,93.0,99.5
Buche,15,166,06-15,30.6,41.2,55.4,68.8,81.7,93.0,99.7
Buche,15,167,06-16,29.4,40.0,54.3,67.5,80.5,93.1,99.7
Buche,15,168,06-17,28.3,39.1,53.0,66.1,79.5,93.0,99.4
Buche,15,169,06-18,27.2,37.4,51.8,64.5,78.3,92.7,101.1
Buche,15,170,06-19,26.1,35.8,50.6,62.4,77.8,92.7,103.3
Buche,15,171,06-20,25.2,34.4,49.4,60.2,77.0,92.6,103.8
Buche,15,172,06-21,24.5,32.9,47.9,58.1,76.1,93.1,104.1
Buche,15,173,06-22,23.9,31.5,45.8,56,75.2,93.6,104.9
Buche,15,174,06-23,23.4,30.1,43.8,53.9,74.0,93.7,105.4
Buche,15,175,06-24,22.9,28.8,42.1,51.9,72.8,94.3,106.0
Buche,15,176,06-25,22.4,27.7,40.5,50.6,71.9,95.0,106.6
Buche,15,177,06-26,22.0,26.7,39.1,49.2,70.8,95.8,107.4
Buche,15,178,06-27,21.6,25.9,37.6,47.8,70.5,96.9,108.1
Buche,15,179,06-28,21.2,25.2,36.4,46.4,70.5,97.5,108.9
Buche,15,180,06-29,20.8,24.6,35.2,45.1,70.3,98.1,109.8
Buche,15,181,06-30,20.4,24.1,33.9,43.6,70.0,98.5,110.4
Buche,15,182,07-01,20.0,23.6,32.8,42.3,68.9,98.8,110.5
Buche,15,183,07-02,19.8,23.2,31.7,41.1,67.7,98.9,110.6
Buche,15,184,07-03,19.7,22.9,30.7,39.8,67.5,98.7,111.9
Buche,15,185,07-04,19.5,22.6,29.7,38.5,66.9,98.2,112.0
Buche,15,186,07-05,19.3,22.3,28.9,37.5,66.2,97.9,112.0
Buche,15,187,07-06,19.2,22.1,28.1,36.5,65.5,98.1,112.4
Buche,15,188,07-07,19.0,21.7,27.4,35.7,64.8,98.3,113.0
Buche,15,189,07-08,18.8,21.2,26.6,34.9,64.0,98.6,111.4
Buche,15,190,07-09,18.7,20.8,25.9,34.1,62.3,98.0,109.1
Buche,15,191,07-10,18.4,20.4,25.2,33.3,60.8,97.3,107.7
Buche,15,192,07-11,17.9,19.8,24.6,33,59.3,95.6,106.0
Buche,15,193,07-12,17.3,19.2,24.0,32.7,57.9,94.2,104.4
Buche,15,194,07-13,16.7,18.7,23.4,32.4,56.7,92.8,102.9
Buche,15,195,07-14,16.1,18.3,22.8,32.1,55.9,91.0,101.4
Buche,15,196,07-15,15.7,17.8,22.2,31.1,55.1,89.2,100.3
Buche,15,197,07-16,15.4,17.4,21.9,30.4,54.4,87.4,100.1
Buche,15,198,07-17,15.1,16.9,21.6,30.1,53.2,85.6,99.6
Buche,15,199,07-18,14.9,16.6,21.2,30,52.4,83.9,98.8
Buche,15,200,07-19,14.7,16.4,20.9,30,52.2,83.8,98.4
Buche,15,201,07-20,14.5,16.1,20.6,30.4,52.5,83.8,98.0
Buche,15,202,07-21,14.3,15.9,20.3,30.6,52.9,83.3,97.6
Buche,15,203,07-22,13.8,15.6,20.0,30.5,53.2,82.8,97.2
Buche,15,204,07-23,13.4,15.4,20.1,30.7,52.7,82.5,95.3
Buche,15,205,07-24,13.0,15.1,20.3,30.8,52.3,82.1,93.9
Buche,15,206,07-25,12.6,14.9,20.4,30.9,52.0,81.6,92.7
Buche,15,207,07-26,12.3,14.6,20.4,31,51.8,80.7,91.4
Buche,15,208,07-27,11.9,14.3,20.4,31,51.8,79.8,90.2
Buche,15,209,07-28,11.6,14.1,20.4,31.8,51.9,79.0,89.1
Buche,15,210,07-29,11.3,13.8,20.4,32.5,53.0,78.3,88.5
Buche,15,211,07-30,11.0,13.5,20.4,33.2,54.1,77.8,88.0
Buche,15,212,07-31,10.8,13.5,20.7,33.5,55.0,77.1,87.6
Buche,15,213,08-01,10.6,13.5,21.0,33.7,55.8,76.3,87.1
Buche,15,214,08-02,10.5,13.4,21.4,34.2,56.5,75.7,86.1
Buche,15,215,08-03,10.3,13.3,21.7,34.6,57.0,75.2,85.0
Buche,15,216,08-04,10.0,13.1,21.9,34.9,57.4,74.5,83.8
Buche,15,217,08-05,9.6,12.9,21.8,35,57.6,73.9,82.1
Buche,15,218,08-06,9.2,12.6,21.8,34.9,57.6,73.7,80.5
Buche,15,219,08-07,8.8,12.1,22.1,34.8,56.8,73.3,78.9
Buche,15,220,08-08,8.5,12.1,22.2,34.8,55.5,71.4,76.7
Buche,15,221,08-09,8.3,12.0,22.2,34.4,54.1,69.6,74.6
Buche,15,222,08-10,8.0,11.8,22.1,34.2,52.5,68.0,72.7
Buche,15,223,08-11,7.8,11.5,22.0,34,51.1,66.4,70.8
Buche,15,224,08-12,7.6,11.2,21.3,33.6,49.8,64.7,69.4
Buche,15,225,08-13,7.4,10.9,20.7,32.9,48.6,63.0,68.4
Buche,15,226,08-14,7.2,10.6,20.2,32.4,47.7,62.0,67.4
Buche,15,227,08-15,7.0,10.3,19.8,31.9,47.3,61.1,66.3
Buche,15,228,08-16,6.8,10.0,19.4,31.3,47.1,60.2,65.2
Buche,15,229,08-17,6.6,10.1,19.1,30,46.9,59.3,64.7
Buche,15,230,08-18,6.8,10.2,19.0,29,45.9,58.4,64.1
Buche,15,231,08-19,7.0,10.4,18.8,28,44.8,57.5,63.5
Buche,15,232,08-20,7.1,10.2,18.3,27.5,43.6,56.8,63.2
Buche,15,233,08-21,7.2,10.2,17.9,27.1,42.9,56.6,63.4
Buche,15,234,08-22,7.3,10.2,17.6,26.6,42.6,56.2,64.1
Buche,15,235,08-23,7.5,10.2,17.2,26,42.2,55.9,65.0
Buche,15,236,08-24,7.6,10.2,16.8,25.5,41.7,55.6,65.9
Buche,15,237,08-25,7.8,10.4,16.5,25.2,41.1,55.2,66.4
Buche,15,238,08-26,8.0,10.5,16.2,24.5,40.4,54.2,66.8
Buche,15,239,08-27,8.2,10.6,15.7,23.9,40.3,53.8,67.2
Buche,15,240,08-28,8.2,10.3,15.2,23.3,40.3,53.7,67.6
Buche,15,241,08-29,8.3,10.0,14.9,23.1,40.2,54.1,68.3
Buche,15,242,08-30,8.3,9.8,14.6,22.9,40.5,54.9,69.6
Buche,15,243,08-31,8.4,9.7,14.5,22.6,40.7,55.8,70.8
Buche,15,244,09-01,8.4,9.7,14.4,22.5,41.1,56.6,71.7
Buche,15,245,09-02,8.4,9.9,14.3,22.5,41.5,57.6,73.2
Buche,15,246,09-03,8.5,10.1,14.2,22.4,41.8,57.8,74.8
Buche,15,247,09-04,8.6,10.3,14.1,22.5,41.4,58.2,76.3
Buche,15,248,09-05,8.7,10.5,13.9,22.5,41.0,58.7,77.7
Buche,15,249,09-06,8.8,10.3,13.7,22.6,41.3,59.2,78.3
Buche,15,250,09-07,8.5,10.1,13.3,22.8,41.9,59.8,78.9
Buche,15,251,09-08,8.4,10.0,13.2,22.9,42.6,60.2,80.2
Buche,15,252,09-09,8.2,10.0,13.3,22.7,43.4,60.6,81.4
Buche,15,253,09-10,8.0,9.9,13.2,22.5,43.7,60.7,82.2
Buche,15,254,09-11,7.9,9.8,13.2,22.3,43.5,61.2,82.3
Buche,15,255,09-12,7.7,9.7,13.4,22.4,43.4,62.2,82.4
Buche,15,256,09-13,7.5,9.7,13.5,22.9,43.7,63.4,82.3
Buche,15,257,09-14,7.2,9.7,13.6,23.3,44.4,64.8,82.6
Buche,15,258,09-15,6.9,9.6,13.6,23.7,45.2,66.1,83.2
Buche,15,259,09-16,6.6,9.5,13.5,24.4,45.4,67.0,84.0
Buche,15,260,09-17,6.3,9.4,13.5,25,46.2,67.4,84.9
Buche,15,261,09-18,6.0,9.3,13.4,25.4,47.1,67.4,85.4
Buche,15,262,09-19,5.7,9.2,13.2,25.9,47.9,66.9,85.3
Buche,15,263,09-20,5.4,9.2,13.0,26.3,48.8,66.5,85.2
Buche,15,264,09-21,5.1,9.1,12.9,26.7,49.4,66.0,85.0
Buche,15,265,09-22,4.8,8.9,12.7,27,50.2,66.0,83.5
Buche,15,266,09-23,4.5,8.7,12.4,27.4,51.1,66.0,82.3
Buche,15,267,09-24,4.2,8.5,12.3,27.7,52.0,66.0,81.3
Buche,15,268,09-25,3.8,8.4,12.2,28,53.3,66.0,81.0
Buche,15,269,09-26,3.6,8.2,12.1,28.3,53.9,66.1,81.3
Buche,15,270,09-27,3.5,8.2,12.2,29.2,54.1,66.2,81.7
Buche,15,271,09-28,3.5,8.2,12.2,30.1,54.2,67.3,81.2
Buche,15,272,09-29,3.4,8.1,12.2,30.9,54.4,68.3,80.8
Buche,15,273,09-30,3.3,8.0,12.7,31.7,54.9,69.5,80.6
Buche,15,274,10-01,3.3,8.0,13.2,32.5,55.4,70.4,80.9
Buche,15,275,10-02,3.3,7.8,13.6,32.9,55.8,70.7,81.3
Buche,15,276,10-03,3.3,7.7,13.9,33,56.2,70.9,81.8
Buche,15,277,10-04,3.3,7.5,14.2,33.2,56.2,71.0,82.1
Buche,15,278,10-05,3.4,7.3,14.6,33.7,56.7,71.2,82.7
Buche,15,279,10-06,3.5,7.2,14.9,34,57.5,71.4,83.5
Buche,15,280,10-07,3.6,7.1,15.3,34.2,57.8,72.6,84.0
Buche,15,281,10-08,3.7,7.0,15.7,34.3,57.8,74.0,84.5
Buche,15,282,10-09,3.9,6.9,16.2,34.7,57.9,75.3,85.1
Buche,15,283,10-10,4.1,6.9,16.6,35.4,58.3,76.6,85.8
Buche,15,284,10-11,4.3,7.1,17.1,36.3,58.6,77.9,86.7
Buche,15,285,10-12,4.6,7.2,17.6,37.2,59.4,79.0,87.9
Buche,15,286,10-13,4.8,7.5,18.1,38.1,60.2,80.0,89.0
Buche,15,287,10-14,5.1,7.7,18.6,38.9,61.4,81.0,90.1
Buche,15,288,10-15,5.4,8.0,19.2,39.7,62.2,82.0,90.5
Buche,15,289,10-16,5.6,8.4,19.9,40.6,63.1,82.9,90.5
Buche,15,290,10-17,5.5,9.0,20.6,40.9,64.1,84.0,90.7
Buche,15,291,10-18,5.5,9.7,21.2,41.6,65.2,84.2,91.4
Buche,15,292,10-19,5.5,10.5,21.9,42.3,66.2,84.4,92.0
Buche,15,293,10-20,5.5,11.3,22.2,43,67.1,84.5,92.5
Buche,15,294,10-21,5.5,12.0,22.5,43.6,67.9,84.5,92.7
Buche,15,295,10-22,5.5,12.9,22.9,44.2,68.9,84.6,92.9
Buche,15,296,10-23,5.5,13.7,23.4,44.9,70.0,85.1,93.3
Buche,15,297,10-24,5.6,14.5,24.0,46.1,71.4,86.5,94.5
Buche,15,298,10-25,5.6,15.3,24.7,47.2,72.6,87.9,95.2
Buche,15,299,10-26,5.6,16.2,25.4,48.3,73.7,89.2,95.5
Buche,15,300,10-27,5.7,17.1,26.1,49.5,74.9,89.9,96.1
Buche,15,301,10-28,5.7,18.0,26.9,50.6,76.0,90.5,96.6
Buche,15,302,10-29,5.8,18.9,27.8,51.7,77.2,91.0,97.1
Buche,15,303,10-30,5.8,19.8,28.8,52.4,78.7,91.6,97.9
Buche,15,304,10-31,5.8,20.8,29.8,53.1,80.1,92.2,98.8
Buche,15,305,11-01,5.7,21.9,30.9,53.8,80.9,93.0,99.7
Buche,15,306,11-02,5.7,23.0,32.1,54.6,81.5,93.5,100.5
Buche,15,307,11-03,5.7,24.1,33.2,55.9,81.5,94.3,101.1
Buche,15,308,11-04,5.7,25.0,34.2,57.4,81.7,94.9,101.7
Buche,15,309,11-05,5.6,25.8,35.2,58.8,82.1,95.5,102.4
Buche,15,310,11-06,5.6,26.4,36.2,60.1,82.7,96.0,103.3
Buche,15,311,11-07,5.6,26.7,37.1,61,83.4,96.8,103.5
Buche,15,312,11-08,5.6,27.0,38.0,61.8,84.2,97.8,103.9
Buche,15,313,11-09,5.5,27.3,38.7,62.9,85.0,98.7,104.3
Buche,15,314,11-10,6.2,27.6,39.4,64.2,86.0,99.6,104.7
Buche,15,315,11-11,7.3,28.4,40.0,65.6,87.0,100.5,105.1
Buche,15,316,11-12,8.5,29.3,40.5,66.8,87.9,101.1,105.5
Buche,15,317,11-13,9.7,30.3,41.0,67.6,88.6,100.8,105.4
Buche,15,318,11-14,10.8,31.3,41.5,68.1,89.1,100.7,104.8
Buche,15,319,11-15,11.9,32.2,42.0,68.9,89.5,100.6,104.3
Buche,15,320,11-16,13.0,33.1,42.5,69.8,90.0,100.2,103.8
Buche,15,321,11-17,14.1,34.0,43.1,70.7,90.6,99.9,104.3
Buche,15,322,11-18,15.1,34.8,43.8,71.9,91.3,100.2,105.2
Buche,15,323,11-19,16.2,35.6,44.4,73.1,91.4,100.5,105.9
Buche,15,324,11-20,17.2,36.3,45.2,74.4,91.7,100.9,105.9
Buche,15,325,11-21,18.3,36.7,46.1,75.6,92.2,100.8,105.7
Buche,15,326,11-22,19.4,37.2,47.1,76.7,92.7,100.9,105.4
Buche,15,327,11-23,20.6,37.7,48.0,77.4,93.4,100.8,105.2
Buche,15,328,11-24,22.1,38.3,49.0,78.1,93.8,100.9,105.5
Buche,15,329,11-25,24.1,39.2,50.1,78.7,94.1,101.5,106.0
Buche,15,330,11-26,26.3,40.5,51.6,79.6,94.2,101.9,105.9
Buche,15,331,11-27,28.5,41.9,53.3,80.7,94.4,102.0,106.8
Buche,15,332,11-28,30.7,43.2,54.9,81.7,94.5,101.9,107.5
Buche,15,333,11-29,32.8,44.6,56.9,82.6,94.7,101.9,108.3
Buche,15,334,11-30,34.3,46.0,59.1,83.4,94.9,102.0,109.0
Buche,15,335,12-01,35.2,47.0,61.3,84.2,95.1,102.5,109.8
Buche,15,336,12-02,36.2,47.7,63.5,85.1,95.4,102.9,110.4
Buche,15,337,12-03,37.1,48.5,65.6,86.2,95.6,103.5,111.0
Buche,15,338,12-04,38.1,49.2,67.6,87.3,96.2,104.0,111.7
Buche,15,339,12-05,39.0,49.9,69.5,88.1,96.7,104.6,112.3
Buche,15,340,12-06,40.0,50.7,71.3,88.8,97.2,105.5,113.1
Buche,15,341,12-07,41.0,51.7,73.0,89.4,97.4,106.0,113.5
Buche,15,342,12-08,42.0,52.6,74.6,89.7,97.7,106.1,113.5
Buche,15,343,12-09,43.0,53.6,76.1,89.9,97.8,106.3,113.1
Buche,15,344,12-10,44.0,54.5,77.4,90.3,97.9,106.3,113.1
Buche,15,345,12-11,45.0,55.4,78.5,90.7,98.1,106.3,113.4
Buche,15,346,12-12,46.0,56.3,80.0,91.3,98.9,106.8,114.5
Buche,15,347,12-13,46.8,57.2,81.5,91.8,99.6,107.7,115.5
Buche,15,348,12-14,47.4,58.0,82.7,92.4,100.2,108.2,116.2
Buche,15,349,12-15,47.4,58.5,83.8,93.1,100.7,108.5,116.6
Buche,15,350,12-16,47.2,58.6,84.4,93.7,101.2,108.9,117.0
Buche,15,351,12-17,47.1,58.6,84.8,94,101.7,109.5,116.8
Buche,15,352,12-18,46.9,58.7,85.2,94.3,102.3,110.6,117.1
Buche,15,353,12-19,46.8,58.7,85.2,94.5,102.9,111.1,117.5
Buche,15,354,12-20,46.7,58.6,85.1,94.8,103.3,111.6,118.0
Buche,15,355,12-21,46.5,58.6,85.1,95.1,103.6,111.8,118.0
Buche,15,356,12-22,46.5,58.7,85.0,95.3,103.8,112.0,117.9
Buche,15,357,12-23,46.4,58.7,85.0,95.4,104.1,112.1,118.0
Buche,15,358,12-24,46.3,58.9,85.0,95.4,104.1,112.2,118.2
Buche,15,359,12-25,46.3,59.0,85.1,95.4,104.2,112.3,118.7
Buche,15,360,12-26,46.2,59.0,85.2,95.6,104.3,112.1,118.9
Buche,15,361,12-27,46.2,58.9,85.4,95.8,104.6,112.5,118.9
Buche,15,362,12-28,46.1,58.8,85.6,96.1,105.0,112.9,119.0
Buche,15,363,12-29,46.0,58.6,85.9,96.5,105.6,113.6,119.6
Buche,15,364,12-30,46.0,58.5,86.2,96.8,106.5,114.3,120.6
Buche,15,365,12-31,45.9,58.5,86.6,97,107.2,115.3,
Buche,30,1,01-01,44.8,61.1,90.2,98,103.7,107.6,115.6
Buche,30,2,01-02,45.8,61.0,90.1,97.9,103.1,107.1,114.7
Buche,30,3,01-03,47.2,61.6,90.0,97.8,103.1,106.8,114.1
Buche,30,4,01-04,48.6,62.2,90.3,97.8,103.1,106.6,113.5
Buche,30,5,01-05,49.8,62.7,90.6,97.6,102.9,106.4,113.1
Buche,30,6,01-06,50.9,63.1,90.8,97.7,102.8,106.2,112.8
Buche,30,7,01-07,51.7,63.6,91.0,97.7,102.8,106.3,112.7
Buche,30,8,01-08,52.5,64.0,91.2,97.8,102.9,106.8,113.6
Buche,30,9,01-09,53.1,64.4,91.3,97.9,103.0,107.3,115.4
Buche,30,10,01-10,53.7,65.0,91.3,97.9,103.1,107.6,115.4
Buche,30,11,01-11,54.7,65.9,91.5,98.1,103.3,108.1,115.7
Buche,30,12,01-12,55.6,67.2,91.6,98.1,103.5,108.7,116.6
Buche,30,13,01-13,56.6,68.5,91.8,98,103.5,108.9,117.6
Buche,30,14,01-14,57.5,69.8,91.9,97.9,103.2,108.6,116.9
Buche,30,15,01-15,58.4,71.1,92.0,97.6,103.0,108.6,115.5
Buche,30,16,01-16,59.3,72.4,92.0,97.6,102.8,108.5,115.6
Buche,30,17,01-17,60.3,73.7,92.1,97.6,102.6,108.4,115.5
Buche,30,18,01-18,61.2,75.0,92.2,97.7,102.6,108.5,115.6
Buche,30,19,01-19,62.1,76.4,92.3,97.8,102.7,108.5,115.3
Buche,30,20,01-20,63.0,77.8,92.3,98,102.9,108.6,115.4
Buche,30,21,01-21,64.1,79.3,92.5,98.1,103.1,109.0,115.7
Buche,30,22,01-22,65.0,80.8,92.8,98.4,103.5,109.5,116.0
Buche,30,23,01-23,65.5,82.2,93.2,98.6,103.5,109.9,116.6
Buche,30,24,01-24,65.8,83.5,93.5,98.8,103.6,110.0,116.8
Buche,30,25,01-25,66.2,84.8,93.6,99,103.8,110.1,117.0
Buche,30,26,01-26,66.6,86.1,93.7,99.1,103.9,110.2,117.2
Buche,30,27,01-27,67.0,87.3,93.8,99.1,103.8,110.0,117.3
Buche,30,28,01-28,67.5,88.5,93.9,99.1,103.8,109.6,116.4
Buche,30,29,01-29,68.0,89.6,94.0,99,103.6,108.9,114.6
Buche,30,30,01-30,68.6,90.5,94.2,99,103.4,108.3,114.4
Buche,30,31,01-31,69.1,91.2,94.4,99,103.2,107.8,114.3
Buche,30,32,02-01,69.6,91.4,94.7,99,103.1,107.2,113.4
Buche,30,33,02-02,70.2,91.7,94.8,99.1,102.9,106.9,112.5
Buche,30,34,02-03,70.7,91.9,95.0,99.2,102.8,106.7,112.4
Buche,30,35,02-04,71.3,92.1,95.2,99.3,102.7,106.7,112.2
Buche,30,36,02-05,71.9,92.2,95.3,99.4,102.7,106.6,112.1
Buche,30,37,02-06,72.4,92.4,95.5,99.3,102.7,106.6,111.9
Buche,30,38,02-07,73.0,92.8,95.6,99.2,102.5,106.5,111.6
Buche,30,39,02-08,73.6,93.0,95.7,99.1,102.3,106.4,111.1
Buche,30,40,02-09,74.2,93.1,95.7,99,102.1,106.1,110.7
Buche,30,41,02-10,74.5,93.2,95.8,98.9,102.0,105.9,110.4
Buche,30,42,02-11,74.6,93.3,95.6,98.6,101.8,105.5,110.1
Buche,30,43,02-12,74.7,93.1,95.4,98.5,101.6,105.1,109.6
Buche,30,44,02-13,74.8,92.9,95.1,98.3,101.4,105.0,109.4
Buche,30,45,02-14,75.0,92.7,94.8,98.3,101.3,105.0,109.1
Buche,30,46,02-15,75.2,92.4,94.5,98.2,101.2,105.1,108.9
Buche,30,47,02-16,75.3,92.1,94.3,98.2,101.1,105.1,108.6
Buche,30,48,02-17,75.4,91.8,94.2,98.1,101.0,104.9,108.3
Buche,30,49,02-18,75.7,91.6,94.0,98,101.1,105.2,108.2
Buche,30,50,02-19,76.4,91.4,93.9,98,101.3,105.4,108.2
Buche,30,51,02-20,77.0,91.4,93.8,98,101.3,105.6,108.1
Buche,30,52,02-21,77.7,91.3,93.6,97.9,101.2,106.0,108.1
Buche,30,53,02-22,78.4,91.3,93.4,97.8,101.2,106.1,108.0
Buche,30,54,02-23,79.1,91.3,93.2,97.7,101.3,105.9,108.0
Buche,30,55,02-24,79.7,91.2,93.1,97.7,101.4,105.8,107.9
Buche,30,56,02-25,80.4,91.3,93.0,97.6,101.6,105.8,107.9
Buche,30,57,02-26,81.0,91.3,92.9,97.6,101.7,105.8,107.8
Buche,30,58,02-27,81.7,91.2,92.9,97.6,101.9,105.8,108.0
Buche,30,59,02-28,82.3,91.1,93.0,97.6,102.0,105.8,108.2
Buche,30,60,03-01,83.1,91.1,93.0,97.6,102.1,105.8,108.4
Buche,30,61,03-02,84.0,91.1,93.1,97.6,102.1,105.8,108.4
Buche,30,62,03-03,84.8,91.1,93.3,97.7,102.2,105.7,108.5
Buche,30,63,03-04,85.5,91.1,93.5,97.9,102.4,105.8,108.5
Buche,30,64,03-05,86.1,91.1,93.6,98,102.4,105.9,108.6
Buche,30,65,03-06,86.8,91.0,93.8,98,102.4,106.0,108.7
Buche,30,66,03-07,87.4,91.0,93.9,98.1,102.4,105.9,108.7
Buche,30,67,03-08,88.0,91.0,94.0,98.2,102.3,105.8,108.8
Buche,30,68,03-09,88.6,91.0,94.1,98.2,102.3,105.8,108.9
Buche,30,69,03-10,88.9,91.0,94.2,98.2,102.2,105.7,109.1
Buche,30,70,03-11,88.9,91.0,94.2,98.1,101.8,105.5,109.2
Buche,30,71,03-12,88.9,90.8,94.2,98,101.7,104.9,108.7
Buche,30,72,03-13,88.9,90.7,94.2,97.9,101.5,104.4,108.2
Buche,30,73,03-14,88.9,90.5,94.3,97.8,101.3,103.9,107.7
Buche,30,74,03-15,88.9,90.4,94.3,97.7,101.0,103.5,107.3
Buche,30,75,03-16,88.8,90.3,94.3,97.5,100.7,103.1,106.8
Buche,30,76,03-17,88.8,90.1,94.3,97.3,100.3,102.7,106.4
Buche,30,77,03-18,88.8,90.0,94.3,97.2,100.0,102.3,106.5
Buche,30,78,03-19,88.7,89.8,94.2,97.2,99.8,102.3,106.5
Buche,30,79,03-20,88.6,89.7,94.1,97,99.8,102.4,106.6
Buche,30,80,03-21,88.3,89.6,94.1,96.9,99.8,102.6,106.6
Buche,30,81,03-22,88.0,89.3,93.9,96.8,99.9,102.9,106.7
Buche,30,82,03-23,87.6,89.1,93.7,96.7,100.1,103.3,106.8
Buche,30,83,03-24,87.2,88.9,93.5,96.4,99.9,103.4,107.0
Buche,30,84,03-25,86.8,88.7,93.2,96.1,99.7,103.5,107.2
Buche,30,85,03-26,86.4,88.5,93.0,95.8,99.6,103.6,107.5
Buche,30,86,03-27,86.0,88.3,92.8,95.6,99.5,104.0,107.8
Buche,30,87,03-28,85.6,88.2,92.6,95.5,99.4,104.3,108.2
Buche,30,88,03-29,85.2,88.0,92.4,95.4,99.4,104.4,109.3
Buche,30,89,03-30,84.8,87.9,92.1,95.3,99.5,104.6,111.1
Buche,30,90,03-31,84.4,87.7,91.9,95.3,99.5,104.9,112.4
Buche,30,91,04-01,83.9,87.5,91.6,95.2,99.7,105.3,114.1
Buche,30,92,04-02,83.4,87.4,91.3,95.2,99.9,105.7,115.8
Buche,30,93,04-03,82.9,87.3,91.0,95.1,100.2,106.1,117.5
Buche,30,94,04-04,82.4,87.1,90.7,95,100.3,106.5,119.1
Buche,30,95,04-05,81.8,87.0,90.4,94.9,100.5,106.9,120.7
Buche,30,96,04-06,81.3,86.9,90.0,94.8,100.6,107.2,122.1
Buche,30,97,04-07,80.8,86.7,89.7,94.7,100.7,107.5,123.1
Buche,30,98,04-08,80.3,86.4,89.3,94.5,100.6,107.6,124.1
Buche,30,99,04-09,79.9,86.0,88.9,94.3,100.4,107.6,125.1
Buche,30,100,04-10,79.6,85.6,88.5,94.1,100.2,107.4,126.0
Buche,30,101,04-11,79.3,85.2,88.2,94,99.9,107.2,126.8
Buche,30,102,04-12,78.9,84.7,87.8,93.9,99.6,106.8,127.6
Buche,30,103,04-13,78.6,84.2,87.4,93.9,99.4,106.6,128.4
Buche,30,104,04-14,78.3,83.7,87.1,93.7,99.3,106.3,129.0
Buche,30,105,04-15,77.9,83.1,86.7,93.7,99.1,106.1,129.8
Buche,30,106,04-16,77.5,82.7,86.2,93.5,99.0,106.0,130.6
Buche,30,107,04-17,77.0,82.4,85.8,93.3,99.0,105.8,131.3
Buche,30,108,04-18,76.5,82.0,85.4,93,98.9,105.8,131.1
Buche,30,109,04-19,76.0,81.6,85.1,92.8,98.8,105.7,130.2
Buche,30,110,04-20,75.4,81.1,84.7,92.5,98.7,105.7,129.7
Buche,30,111,04-21,74.9,80.6,84.4,92.5,98.8,105.7,129.2
Buche,30,112,04-22,74.3,80.0,84.1,92.4,98.9,106.0,128.8
Buche,30,113,04-23,73.7,79.3,83.7,92.5,99.0,106.3,128.5
Buche,30,114,04-24,73.1,78.6,83.4,92.6,99.2,106.7,128.2
Buche,30,115,04-25,72.5,77.9,83.1,92.8,99.3,106.8,128.0
Buche,30,116,04-26,71.9,77.1,82.8,92.9,99.5,106.9,127.8
Buche,30,117,04-27,71.2,76.3,82.5,93,99.6,107.0,127.6
Buche,30,118,04-28,70.3,75.3,82.2,93,99.8,106.8,127.4
Buche,30,119,04-29,69.3,74.4,81.9,92.9,99.8,106.7,127.3
Buche,30,120,04-30,68.2,73.4,81.6,92.7,99.9,106.4,127.1
Buche,30,121,05-01,67.2,72.4,81.2,92.5,99.9,106.2,126.9
Buche,30,122,05-02,66.2,71.5,80.9,92.3,99.8,106.0,126.7
Buche,30,123,05-03,65.2,70.6,80.5,92.1,99.8,105.8,126.5
Buche,30,124,05-04,64.4,70.0,80.2,91.9,99.7,105.5,126.2
Buche,30,125,05-05,63.7,69.5,80.1,91.7,99.6,105.0,125.8
Buche,30,126,05-06,63.1,68.8,80.0,91.6,99.6,104.5,125.2
Buche,30,127,05-07,62.4,68.0,79.8,91.5,99.4,104.1,124.5
Buche,30,128,05-08,61.8,67.1,79.6,91.5,99.0,103.6,123.8
Buche,30,129,05-09,61.1,66.3,79.3,91.5,98.7,103.2,123.1
Buche,30,130,05-10,60.4,65.3,79.1,91.5,98.5,102.6,122.4
Buche,30,131,05-11,59.7,64.6,78.9,91.2,98.1,102.1,121.6
Buche,30,132,05-12,58.9,64.0,78.7,90.8,97.6,101.6,120.7
Buche,30,133,05-13,58.1,63.5,78.5,90.3,97.2,101.0,119.9
Buche,30,134,05-14,57.3,62.9,78.2,89.8,96.7,100.5,119.0
Buche,30,135,05-15,56.6,62.4,78.0,89.2,96.2,100.2,118.0
Buche,30,136,05-16,55.8,62.0,77.7,88.7,95.7,100.0,117.1
Buche,30,137,05-17,55.1,61.5,77.2,88.1,95.2,99.7,116.1
Buche,30,138,05-18,54.4,61.2,76.7,87.5,94.7,99.5,115.2
Buche,30,139,05-19,53.7,60.9,76.2,86.9,94.2,99.3,114.2
Buche,30,140,05-20,53.1,60.6,75.7,86.4,93.8,99.1,113.2
Buche,30,141,05-21,52.3,60.3,75.1,85.8,93.4,99.0,112.3
Buche,30,142,05-22,51.4,59.9,74.4,85.2,93.3,99.3,111.5
Buche,30,143,05-23,50.5,59.4,73.7,84.6,93.6,99.4,110.8
Buche,30,144,05-24,49.3,58.8,72.7,84,93.7,99.7,110.1
Buche,30,145,05-25,48.1,58.4,71.8,83.2,93.5,99.8,109.3
Buche,30,146,05-26,46.9,57.9,70.7,82.5,93.7,100.0,108.5
Buche,30,147,05-27,45.8,57.3,69.6,81.7,93.9,100.0,107.8
Buche,30,148,05-28,44.9,56.6,68.4,80.9,94.0,100.0,107.0
Buche,30,149,05-29,44.1,56.2,67.4,80.1,94.0,100.0,106.3
Buche,30,150,05-30,43.4,55.7,66.6,79.2,93.9,100.0,105.9
Buche,30,151,05-31,42.8,55.1,65.6,78.4,93.7,99.8,105.3
Buche,30,152,06-01,42.3,54.3,64.6,78.1,93.6,99.5,104.7
Buche,30,153,06-02,41.9,53.4,63.5,77.8,93.3,99.1,104.2
Buche,30,154,06-03,41.4,52.3,62.3,77.3,93.0,98.4,104.0
Buche,30,155,06-04,40.9,51.3,61.1,76.7,92.7,97.7,103.7
Buche,30,156,06-05,40.3,50.3,59.8,75.9,92.3,97.1,103.3
Buche,30,157,06-06,39.6,49.4,58.5,75.2,91.8,96.4,102.9
Buche,30,158,06-07,39.0,48.5,57.4,74.5,91.2,95.7,102.6
Buche,30,159,06-08,38.3,47.6,56.2,73.7,90.5,95.1,102.2
Buche,30,160,06-09,37.6,46.8,54.9,72.9,89.7,94.4,101.9
Buche,30,161,06-10,36.8,46.0,53.7,72.3,88.8,93.5,101.5
Buche,30,162,06-11,36.1,45.1,52.6,71.7,87.5,92.4,100.9
Buche,30,163,06-12,35.4,44.2,51.5,71.1,85.9,91.2,100.2
Buche,30,164,06-13,34.7,43.0,50.4,70.4,84.5,89.8,99.4
Buche,30,165,06-14,34.0,41.5,49.1,69.5,83.6,88.7,98.5
Buche,30,166,06-15,33.2,40.0,47.9,68.4,82.3,87.4,97.6
Buche,30,167,06-16,32.4,38.6,46.8,67.3,81.0,86.1,96.4
Buche,30,168,06-17,31.4,37.4,45.6,66.2,79.7,84.9,95.3
Buche,30,169,06-18,30.3,36.0,44.3,64.9,78.3,83.9,95.4
Buche,30,170,06-19,29.1,34.6,42.8,63.8,77.1,82.8,96.6
Buche,30,171,06-20,28.2,33.7,41.3,62.7,76.1,81.7,97.2
Buche,30,172,06-21,27.2,32.8,40.0,61,74.8,81.3,97.5
Buche,30,173,06-22,26.2,32.0,38.7,59.1,73.4,81.0,97.6
Buche,30,174,06-23,25.3,31.1,37.5,57.4,72.1,81.1,97.3
Buche,30,175,06-24,24.4,30.1,36.3,55.8,70.8,81.3,97.1
Buche,30,176,06-25,23.5,29.1,35.2,54.3,69.4,81.4,96.9
Buche,30,177,06-26,22.7,28.2,34.2,52.7,68.1,81.5,96.8
Buche,30,178,06-27,21.9,27.3,33.1,51.2,67.5,81.7,96.6
Buche,30,179,06-28,21.2,26.4,32.1,50,67.2,82.3,96.6
Buche,30,180,06-29,20.5,25.6,31.0,48.6,67.0,82.9,96.6
Buche,30,181,06-30,19.8,24.8,30.0,46.9,66.8,83.6,96.6
Buche,30,182,07-01,19.2,24.1,28.9,45.3,66.7,84.1,96.6
Buche,30,183,07-02,18.6,23.4,28.0,43.9,66.4,84.6,96.6
Buche,30,184,07-03,18.2,22.8,27.1,42.4,65.9,85.1,97.4
Buche,30,185,07-04,17.7,22.3,26.2,41.1,65.2,85.4,98.3
Buche,30,186,07-05,17.3,21.8,25.3,39.9,64.4,85.6,99.2
Buche,30,187,07-06,17.0,21.3,24.6,38.6,63.5,85.7,100.1
Buche,30,188,07-07,16.8,20.8,24.0,37.3,62.6,85.6,101.0
Buche,30,189,07-08,16.5,20.4,23.4,36,61.7,85.4,100.7
Buche,30,190,07-09,16.3,19.9,22.7,34.6,60.5,85.1,98.8
Buche,30,191,07-10,15.8,19.1,22.1,33.2,59.1,84.8,97.7
Buche,30,192,07-11,15.3,18.3,21.4,32.2,57.9,83.7,96.7
Buche,30,193,07-12,14.8,17.6,20.8,31.5,56.7,83.3,95.9
Buche,30,194,07-13,14.2,17.0,20.2,30.8,56.5,82.8,96.0
Buche,30,195,07-14,13.7,16.5,19.6,30.2,56.4,82.0,95.9
Buche,30,196,07-15,13.3,16.1,19.1,29.5,56.1,81.2,95.7
Buche,30,197,07-16,13.0,15.7,18.5,29.1,55.7,80.5,96.2
Buche,30,198,07-17,12.8,15.2,17.9,28.6,55.6,79.8,96.6
Buche,30,199,07-18,12.6,14.8,17.4,27.9,55.2,78.6,96.9
Buche,30,200,07-19,12.4,14.3,17.0,27.2,54.6,79.2,97.4
Buche,30,201,07-20,12.3,14.0,16.6,26.7,53.9,79.7,97.9
Buche,30,202,07-21,12.1,13.6,16.2,26.2,53.1,80.0,98.2
Buche,30,203,07-22,11.9,13.3,15.9,25.9,52.2,80.2,98.5
Buche,30,204,07-23,11.7,13.0,15.7,25.6,51.4,80.4,98.1
Buche,30,205,07-24,11.4,12.7,15.5,25.3,50.6,80.6,97.6
Buche,30,206,07-25,11.2,12.4,15.4,24.9,49.8,80.7,97.2
Buche,30,207,07-26,10.9,12.3,15.3,24.5,49.4,80.9,96.9
Buche,30,208,07-27,10.6,12.3,15.1,24.2,49.0,80.9,96.5
Buche,30,209,07-28,10.4,12.3,14.8,24.1,49.7,80.9,96.1
Buche,30,210,07-29,10.1,12.3,14.6,24,50.8,81.7,96.2
Buche,30,211,07-30,10.0,12.2,14.4,24,52.0,82.5,96.2
Buche,30,212,07-31,10.0,12.1,14.3,23.9,53.1,83.1,96.2
Buche,30,213,08-01,9.9,12.1,14.2,23.6,54.2,82.8,96.2
Buche,30,214,08-02,9.9,12.0,14.2,23.3,54.1,82.3,95.2
Buche,30,215,08-03,9.8,12.0,14.1,22.9,54.1,81.9,94.3
Buche,30,216,08-04,9.7,11.8,14.0,22.7,54.3,81.4,93.3
Buche,30,217,08-05,9.4,11.5,13.9,22.5,54.6,81.0,91.5
Buche,30,218,08-06,9.2,11.3,13.8,22.4,54.0,80.6,89.7
Buche,30,219,08-07,8.9,11.0,13.8,22.4,53.4,80.1,87.9
Buche,30,220,08-08,8.7,10.7,13.8,22.4,52.8,77.9,85.6
Buche,30,221,08-09,8.5,10.4,13.7,22.4,52.4,75.6,83.4
Buche,30,222,08-10,8.3,10.1,13.6,22.3,52.0,73.5,81.3
Buche,30,223,08-11,8.2,9.8,13.4,21.8,51.7,71.2,79.2
Buche,30,224,08-12,8.0,9.5,13.1,21.4,51.4,69.0,77.2
Buche,30,225,08-13,7.9,9.3,12.8,21,51.1,67.4,75.4
Buche,30,226,08-14,7.7,9.1,12.4,20.8,51.1,66.0,74.7
Buche,30,227,08-15,7.5,8.7,12.0,20.6,51.2,64.8,74.1
Buche,30,228,08-16,7.4,8.3,11.6,20.5,51.2,63.7,73.4
Buche,30,229,08-17,7.2,7.8,11.5,20.2,50.3,63.1,72.6
Buche,30,230,08-18,7.1,7.6,11.3,19.9,49.2,61.8,71.4
Buche,30,231,08-19,6.8,7.3,11.2,19.7,48.0,60.7,70.1
Buche,30,232,08-20,6.5,7.0,10.9,19.3,46.9,59.7,68.7
Buche,30,233,08-21,6.2,6.8,10.7,19.1,45.7,58.8,67.5
Buche,30,234,08-22,5.9,6.7,10.6,18.9,44.6,58.1,66.6
Buche,30,235,08-23,5.7,6.7,10.5,18.9,43.5,57.3,65.9
Buche,30,236,08-24,5.4,6.6,10.4,18.7,42.3,56.5,65.4
Buche,30,237,08-25,5.5,6.8,10.5,18.5,41.1,55.7,65.0
Buche,30,238,08-26,5.6,6.9,10.5,18,40.3,54.8,64.8
Buche,30,239,08-27,5.7,6.9,10.4,17.5,39.6,54.7,65.6
Buche,30,240,08-28,5.7,7.0,10.4,17.1,39.5,55.0,66.1
Buche,30,241,08-29,5.7,7.1,10.3,16.8,39.5,55.5,67.2
Buche,30,242,08-30,5.7,7.1,10.4,16.4,39.3,56.3,69.1
Buche,30,243,08-31,5.6,7.2,10.4,16.1,39.2,57.5,71.0
Buche,30,244,09-01,5.6,7.3,10.5,15.7,39.1,58.8,72.8
Buche,30,245,09-02,5.6,7.4,10.6,15.6,38.9,60.6,74.3
Buche,30,246,09-03,5.7,7.4,10.7,15.5,38.5,62.4,75.2
Buche,30,247,09-04,5.7,7.5,10.8,15.4,37.7,64.0,76.0
Buche,30,248,09-05,5.7,7.6,10.9,15.3,37.1,65.5,76.9
Buche,30,249,09-06,5.6,7.7,10.7,15.2,36.4,66.6,77.8
Buche,30,250,09-07,5.6,7.7,10.6,15,35.8,67.6,78.8
Buche,30,251,09-08,5.5,7.6,10.5,15.1,35.2,68.5,80.1
Buche,30,252,09-09,5.4,7.7,10.6,15.1,34.8,69.3,81.7
Buche,30,253,09-10,5.3,7.6,10.5,15,34.5,70.0,83.2
Buche,30,254,09-11,5.2,7.5,10.3,14.7,34.3,70.6,84.6
Buche,30,255,09-12,5.2,7.5,10.3,14.8,35.0,71.2,85.8
Buche,30,256,09-13,5.1,7.5,10.2,14.9,36.4,71.9,86.9
Buche,30,257,09-14,4.7,7.4,10.1,14.8,37.8,73.4,87.8
Buche,30,258,09-15,4.3,7.3,10.1,14.9,38.9,75.0,88.9
Buche,30,259,09-16,4.0,7.3,10.1,15,40.0,75.8,89.3
Buche,30,260,09-17,3.7,7.2,10.1,15.2,40.6,76.5,89.9
Buche,30,261,09-18,3.4,7.2,10.0,15.3,41.2,76.9,90.1
Buche,30,262,09-19,3.2,7.1,10.0,15.4,42.0,77.0,89.5
Buche,30,263,09-20,3.0,7.1,9.9,15.5,42.8,77.1,89.0
Buche,30,264,09-21,2.6,7.0,9.8,15.7,43.8,77.0,88.5
Buche,30,265,09-22,2.3,6.9,9.7,15.8,44.9,76.3,88.0
Buche,30,266,09-23,2.0,6.9,9.7,16,46.0,75.7,86.9
Buche,30,267,09-24,1.8,6.9,9.6,16.4,47.1,75.2,86.0
Buche,30,268,09-25,1.6,6.8,9.6,16.8,48.2,74.8,85.3
Buche,30,269,09-26,1.4,6.8,9.6,17.2,49.3,74.5,85.0
Buche,30,270,09-27,1.3,6.8,9.6,17.7,50.3,74.3,84.8
Buche,30,271,09-28,1.4,6.8,9.5,17.9,51.3,74.6,84.5
Buche,30,272,09-29,1.5,6.8,9.4,18.2,52.3,75.1,84.5
Buche,30,273,09-30,1.6,6.9,9.5,18.6,53.3,75.7,84.4
Buche,30,274,10-01,1.7,6.9,9.6,18.9,54.2,76.5,84.5
Buche,30,275,10-02,1.8,6.9,9.7,18.9,54.2,77.5,84.6
Buche,30,276,10-03,1.9,6.8,9.7,19,53.8,78.4,84.7
Buche,30,277,10-04,2.1,6.7,9.8,19.3,53.4,78.7,84.9
Buche,30,278,10-05,2.4,6.6,9.7,19.2,52.9,78.9,85.4
Buche,30,279,10-06,2.6,6.5,9.6,19.2,52.5,79.2,86.2
Buche,30,280,10-07,2.7,6.4,9.5,19.1,52.6,79.6,86.8
Buche,30,281,10-08,2.9,6.4,9.4,19.1,52.7,80.1,87.4
Buche,30,282,10-09,3.2,6.4,9.6,19.3,52.8,80.5,87.9
Buche,30,283,10-10,3.5,6.5,9.8,19.6,52.9,81.1,88.5
Buche,30,284,10-11,3.8,6.8,10.2,19.8,53.0,81.7,89.2
Buche,30,285,10-12,4.1,7.2,10.4,19.9,53.1,82.1,90.0
Buche,30,286,10-13,4.4,7.5,10.7,20,53.5,82.4,90.9
Buche,30,287,10-14,4.7,7.9,11.0,20,54.6,82.8,91.8
Buche,30,288,10-15,5.0,8.2,11.4,20.2,55.9,83.2,92.6
Buche,30,289,10-16,5.3,8.6,11.8,20.5,57.3,83.7,93.0
Buche,30,290,10-17,5.5,9.0,12.3,20.7,58.7,84.1,93.5
Buche,30,291,10-18,5.6,9.4,12.9,21,60.0,84.3,94.0
Buche,30,292,10-19,5.7,9.9,13.6,21.3,61.4,84.4,94.3
Buche,30,293,10-20,5.8,10.3,14.1,21.6,62.8,84.6,94.6
Buche,30,294,10-21,5.9,10.8,14.6,21.9,64.2,84.7,95.0
Buche,30,295,10-22,6.0,11.3,15.2,22.2,65.5,84.8,95.3
Buche,30,296,10-23,6.1,12.0,15.7,22.5,66.9,84.9,95.7
Buche,30,297,10-24,6.1,12.7,16.3,23,68.2,85.2,96.3
Buche,30,298,10-25,6.1,13.3,16.9,23.5,69.9,85.4,96.7
Buche,30,299,10-26,6.2,14.0,17.5,24.1,71.5,85.8,96.5
Buche,30,300,10-27,6.3,14.7,18.1,24.8,72.9,86.1,96.6
Buche,30,301,10-28,6.4,15.5,18.8,25.4,74.5,86.5,96.8
Buche,30,302,10-29,6.4,16.1,19.3,26.1,76.0,86.8,97.0
Buche,30,303,10-30,6.4,16.8,19.8,27.2,77.6,87.2,97.3
Buche,30,304,10-31,6.4,17.2,20.2,28.4,79.2,87.6,97.9
Buche,30,305,11-01,6.4,17.7,20.7,29.6,80.8,88.0,98.5
Buche,30,306,11-02,6.4,18.2,21.3,31,82.1,88.7,99.0
Buche,30,307,11-03,6.4,18.7,21.8,32.8,82.7,89.3,99.4
Buche,30,308,11-04,6.4,19.2,22.3,34.4,83.2,89.9,99.8
Buche,30,309,11-05,6.4,19.6,22.8,36.1,83.5,90.6,100.3
Buche,30,310,11-06,6.4,20.1,23.1,37.8,83.8,91.5,101.1
Buche,30,311,11-07,6.4,20.5,23.4,39.6,84.4,92.2,101.5
Buche,30,312,11-08,6.4,20.9,23.6,41.7,85.0,92.8,101.9
Buche,30,313,11-09,6.4,21.2,23.8,43.5,85.6,93.4,102.4
Buche,30,314,11-10,7.2,21.6,24.3,45.7,86.3,94.1,102.7
Buche,30,315,11-11,8.0,21.8,24.8,48.7,87.1,94.8,103.0
Buche,30,316,11-12,8.8,22.0,25.3,51.8,87.8,95.4,103.3
Buche,30,317,11-13,9.6,22.1,25.8,54.7,88.6,95.9,103.6
Buche,30,318,11-14,10.3,22.3,26.3,57.5,89.0,96.4,103.7
Buche,30,319,11-15,11.1,22.4,26.8,60.2,89.5,96.7,103.8
Buche,30,320,11-16,11.8,22.5,27.3,62.9,89.8,96.9,103.8
Buche,30,321,11-17,12.6,22.6,27.8,65.5,90.1,97.2,103.7
Buche,30,322,11-18,13.3,22.7,28.9,68,90.5,97.8,103.9
Buche,30,323,11-19,14.0,22.8,29.8,70.1,90.9,98.4,104.2
Buche,30,324,11-20,14.7,22.9,30.8,72.4,91.3,98.9,104.0
Buche,30,325,11-21,15.4,22.9,32.0,74.6,91.8,99.4,103.8
Buche,30,326,11-22,16.2,23.0,33.4,76.6,92.2,99.7,103.7
Buche,30,327,11-23,16.9,23.0,34.8,78.2,92.6,100.0,103.6
Buche,30,328,11-24,17.6,23.0,36.3,79.6,93.0,100.2,103.5
Buche,30,329,11-25,18.5,23.6,38.1,80.9,93.5,100.3,103.5
Buche,30,330,11-26,19.4,24.4,40.1,82.2,94.1,100.2,103.1
Buche,30,331,11-27,20.3,25.2,42.1,83.6,94.4,100.2,103.2
Buche,30,332,11-28,21.2,26.2,44.1,84.6,94.8,100.3,103.5
Buche,30,333,11-29,22.2,27.4,46.2,86,95.1,100.3,103.9
Buche,30,334,11-30,22.4,28.6,48.0,87,95.4,100.3,104.2
Buche,30,335,12-01,22.6,29.7,50.0,87.2,95.6,100.4,104.7
Buche,30,336,12-02,22.8,30.9,52.1,87.6,95.8,100.4,105.1
Buche,30,337,12-03,23.1,32.1,54.3,88,96.1,100.6,105.5
Buche,30,338,12-04,23.5,33.2,56.8,88.5,96.3,101.0,105.8
Buche,30,339,12-05,23.8,34.4,59.2,89,96.7,101.2,106.1
Buche,30,340,12-06,24.3,35.5,61.6,89.6,97.1,101.5,106.4
Buche,30,341,12-07,24.8,36.7,64.0,90.2,97.3,102.0,106.9
Buche,30,342,12-08,25.3,37.8,66.0,90.5,97.3,102.2,107.1
Buche,30,343,12-09,25.8,39.0,67.9,90.9,97.3,102.2,107.0
Buche,30,344,12-10,26.4,40.1,69.6,91,97.3,102.2,106.9
Buche,30,345,12-11,27.1,41.2,71.0,91.2,97.4,102.2,106.9
Buche,30,346,12-12,27.7,42.4,72.6,91.4,97.6,102.6,107.7
Buche,30,347,12-13,28.4,43.5,74.1,91.8,97.9,102.9,108.5
Buche,30,348,12-14,29.2,44.6,75.8,92.3,98.2,103.2,109.2
Buche,30,349,12-15,30.2,45.1,77.2,92.8,98.5,103.2,109.8
Buche,30,350,12-16,31.3,45.5,78.4,93.4,98.5,103.7,110.3
Buche,30,351,12-17,32.3,45.9,79.5,93.7,98.6,104.1,110.5
Buche,30,352,12-18,33.3,46.3,80.7,93.9,98.8,104.6,111.5
Buche,30,353,12-19,34.3,46.8,81.8,94.1,98.9,105.1,111.4
Buche,30,354,12-20,35.3,47.5,82.9,94.3,99.0,105.3,111.4
Buche,30,355,12-21,36.2,48.3,83.9,94.6,99.2,105.5,111.4
Buche,30,356,12-22,36.7,48.4,84.4,94.6,99.4,105.7,111.3
Buche,30,357,12-23,37.2,48.5,84.8,94.6,99.5,105.7,111.3
Buche,30,358,12-24,37.7,48.6,85.0,94.6,99.7,105.7,111.4
Buche,30,359,12-25,38.2,48.8,85.3,94.6,99.8,105.9,111.6
Buche,30,360,12-26,38.8,49.0,85.5,94.7,99.7,105.9,111.8
Buche,30,361,12-27,39.3,49.2,85.8,94.8,99.7,105.9,111.9
Buche,30,362,12-28,39.9,49.4,86.1,95,99.8,105.8,112.1
Buche,30,363,12-29,40.5,49.7,86.5,95.3,100.0,106.0,112.6
Buche,30,364,12-30,41.2,50.1,87.3,95.6,100.3,106.5,113.6
Buche,30,365,12-31,42.0,50.5,88.2,95.9,100.6,107.0,
Buche,60,1,01-01,52.3,55.9,93.2,95.9,100.8,103.6,118.4
Buche,60,2,01-02,52.4,56.1,93.2,95.9,100.6,103.6,117.6
Buche,60,3,01-03,52.7,56.6,93.3,96.1,100.6,103.5,116.9
Buche,60,4,01-04,53.0,57.1,93.5,96.2,100.5,103.5,116.2
Buche,60,5,01-05,53.3,57.7,93.5,96.4,100.4,103.5,115.5
Buche,60,6,01-06,53.5,58.3,93.6,96.5,100.4,103.4,114.9
Buche,60,7,01-07,53.8,58.9,93.6,96.5,100.4,103.5,114.4
Buche,60,8,01-08,54.1,59.5,93.6,96.6,100.6,103.6,114.0
Buche,60,9,01-09,54.3,60.1,93.6,96.6,100.7,103.8,113.7
Buche,60,10,01-10,54.6,60.6,93.7,96.7,100.8,103.8,113.3
Buche,60,11,01-11,55.1,61.5,93.7,96.8,100.9,104.0,113.4
Buche,60,12,01-12,55.6,62.6,93.8,96.9,101.0,104.2,113.5
Buche,60,13,01-13,56.1,64.1,93.8,97,101.1,104.3,112.5
Buche,60,14,01-14,56.6,65.7,93.8,97.1,101.1,104.2,111.2
Buche,60,15,01-15,57.0,67.3,93.9,97.1,101.0,103.8,110.9
Buche,60,16,01-16,57.4,68.9,93.9,97.2,100.9,103.8,110.3
Buche,60,17,01-17,57.9,70.4,93.9,97.2,100.9,103.8,109.3
Buche,60,18,01-18,58.3,72.2,94.0,97.3,100.9,103.7,108.5
Buche,60,19,01-19,58.8,73.9,94.1,97.4,100.9,103.7,107.3
Buche,60,20,01-20,59.3,75.5,94.1,97.5,100.9,103.7,106.9
Buche,60,21,01-21,59.8,77.2,94.2,97.6,101.0,103.8,106.6
Buche,60,22,01-22,60.3,79.1,94.3,97.6,101.0,103.7,106.5
Buche,60,23,01-23,60.8,80.7,94.4,97.7,101.1,103.7,106.5
Buche,60,24,01-24,61.3,82.2,94.4,97.7,101.1,103.7,106.4
Buche,60,25,01-25,61.9,83.6,94.6,97.7,101.2,103.6,106.4
Buche,60,26,01-26,62.6,85.0,94.7,97.7,101.2,103.6,106.3
Buche,60,27,01-27,63.3,86.2,94.8,97.7,101.2,103.5,106.3
Buche,60,28,01-28,64.1,87.5,94.9,97.7,101.0,103.3,106.1
Buche,60,29,01-29,64.9,88.7,95.0,97.7,100.9,103.1,106.0
Buche,60,30,01-30,65.8,89.8,95.1,97.8,100.7,102.9,105.9
Buche,60,31,01-31,66.6,90.9,95.2,97.8,100.7,102.8,105.9
Buche,60,32,02-01,67.4,91.8,95.3,97.9,100.8,102.7,106.1
Buche,60,33,02-02,68.1,92.3,95.4,98,100.7,102.7,106.1
Buche,60,34,02-03,68.9,92.7,95.5,98,100.6,102.6,106.8
Buche,60,35,02-04,69.7,93.0,95.5,98.1,100.5,102.4,107.3
Buche,60,36,02-05,70.4,93.3,95.6,98.2,100.4,102.3,107.6
Buche,60,37,02-06,71.2,93.6,95.7,98.3,100.4,102.2,107.9
Buche,60,38,02-07,71.9,93.6,95.7,98.3,100.4,102.1,108.0
Buche,60,39,02-08,72.6,93.5,95.7,98.4,100.5,102.1,108.0
Buche,60,40,02-09,73.4,93.5,95.7,98.4,100.5,102.1,108.0
Buche,60,41,02-10,74.1,93.4,95.7,98.5,100.5,102.0,107.9
Buche,60,42,02-11,74.7,93.4,95.6,98.5,100.4,101.9,107.9
Buche,60,43,02-12,75.4,93.3,95.6,98.5,100.3,101.9,107.9
Buche,60,44,02-13,76.0,93.2,95.5,98.5,100.4,102.0,108.0
Buche,60,45,02-14,76.5,93.2,95.4,98.5,100.5,102.1,108.0
Buche,60,46,02-15,76.9,93.1,95.3,98.5,100.5,102.1,108.0
Buche,60,47,02-16,77.3,93.0,95.2,98.5,100.6,102.1,107.9
Buche,60,48,02-17,77.5,93.0,95.2,98.5,100.6,102.1,107.9
Buche,60,49,02-18,77.8,93.0,95.2,98.5,100.6,102.1,107.9
Buche,60,50,02-19,78.1,93.0,95.1,98.5,100.7,102.1,107.9
Buche,60,51,02-20,78.5,93.0,95.1,98.5,100.6,102.3,107.9
Buche,60,52,02-21,78.9,93.0,95.1,98.4,100.6,102.3,107.6
Buche,60,53,02-22,79.4,93.0,95.1,98.3,100.5,102.2,107.4
Buche,60,54,02-23,79.9,93.0,95.1,98.3,100.5,102.2,106.5
Buche,60,55,02-24,80.4,93.0,95.1,98.2,100.5,102.4,105.9
Buche,60,56,02-25,81.0,93.0,95.1,98.2,100.5,102.5,105.5
Buche,60,57,02-26,81.5,93.0,95.1,98.1,100.5,102.6,105.3
Buche,60,58,02-27,82.3,93.1,95.2,98.1,100.5,102.7,105.0
Buche,60,59,02-28,83.1,93.3,95.3,98.1,100.5,102.8,104.8
Buche,60,60,03-01,84.0,93.4,95.3,98.1,100.5,102.8,104.7
Buche,60,61,03-02,84.8,93.4,95.4,98.1,100.5,102.8,104.5
Buche,60,62,03-03,85.6,93.5,95.4,98.1,100.6,102.9,104.5
Buche,60,63,03-04,86.4,93.5,95.5,98.1,100.7,103.1,104.5
Buche,60,64,03-05,87.2,93.6,95.5,98.2,100.6,102.9,104.5
Buche,60,65,03-06,87.9,93.7,95.6,98.2,100.6,102.9,104.5
Buche,60,66,03-07,88.6,93.7,95.6,98.2,100.6,103.0,104.6
Buche,60,67,03-08,89.3,93.8,95.6,98.3,100.6,102.9,104.6
Buche,60,68,03-09,90.0,93.8,95.7,98.3,100.5,102.8,104.7
Buche,60,69,03-10,90.6,93.8,95.8,98.3,100.5,102.7,104.7
Buche,60,70,03-11,91.2,93.8,95.8,98.3,100.4,102.6,104.7
Buche,60,71,03-12,91.7,93.9,95.9,98.4,100.4,102.4,104.7
Buche,60,72,03-13,92.2,93.9,95.9,98.4,100.3,102.2,104.7
Buche,60,73,03-14,92.6,93.9,96.0,98.5,100.3,102.0,104.7
Buche,60,74,03-15,92.9,94.0,96.0,98.5,100.3,101.8,104.7
Buche,60,75,03-16,93.2,94.0,96.1,98.5,100.2,101.6,104.7
Buche,60,76,03-17,93.5,94.1,96.1,98.5,100.2,101.6,104.6
Buche,60,77,03-18,93.7,94.1,96.1,98.5,100.1,101.4,104.6
Buche,60,78,03-19,93.8,94.0,96.1,98.5,100.1,101.3,104.6
Buche,60,79,03-20,93.7,93.9,96.1,98.5,100.0,101.3,104.6
Buche,60,80,03-21,93.6,93.9,96.1,98.4,100.1,101.3,104.6
Buche,60,81,03-22,93.6,93.8,96.1,98.5,100.2,101.4,104.9
Buche,60,82,03-23,93.5,93.7,96.0,98.4,100.3,101.5,104.9
Buche,60,83,03-24,93.4,93.6,96.0,98.4,100.2,101.3,104.7
Buche,60,84,03-25,93.3,93.5,96.0,98.3,100.1,101.3,104.6
Buche,60,85,03-26,93.2,93.5,96.0,98.2,100.1,101.3,104.5
Buche,60,86,03-27,93.1,93.4,96.0,98.2,100.1,101.3,104.5
Buche,60,87,03-28,92.9,93.4,96.0,98.1,100.0,101.3,104.5
Buche,60,88,03-29,92.8,93.4,95.9,98,100.0,101.4,104.9
Buche,60,89,03-30,92.7,93.5,95.8,98,100.0,101.5,106.4
Buche,60,90,03-31,92.6,93.5,95.8,97.9,100.0,101.7,107.9
Buche,60,91,04-01,92.4,93.5,95.7,97.9,100.0,101.8,108.5
Buche,60,92,04-02,92.3,93.5,95.7,97.8,100.0,102.0,109.0
Buche,60,93,04-03,92.1,93.6,95.6,97.7,100.0,102.1,109.5
Buche,60,94,04-04,91.9,93.6,95.6,97.7,100.0,102.2,109.9
Buche,60,95,04-05,91.7,93.6,95.6,97.6,100.0,102.4,110.3
Buche,60,96,04-06,91.5,93.7,95.6,97.6,100.0,102.3,110.8
Buche,60,97,04-07,91.3,93.7,95.5,97.5,100.1,102.5,111.2
Buche,60,98,04-08,91.1,93.7,95.5,97.4,100.1,102.6,111.6
Buche,60,99,04-09,91.0,93.7,95.4,97.3,100.1,102.6,112.0
Buche,60,100,04-10,90.8,93.7,95.3,97.2,99.9,102.6,112.5
Buche,60,101,04-11,90.6,93.7,95.3,97.2,99.8,102.5,112.6
Buche,60,102,04-12,90.5,93.6,95.2,97.1,99.6,102.4,112.8
Buche,60,103,04-13,90.3,93.6,95.1,97,99.5,102.3,113.1
Buche,60,104,04-14,90.2,93.6,95.0,96.9,99.5,102.2,113.5
Buche,60,105,04-15,90.0,93.5,94.9,96.8,99.4,102.1,113.8
Buche,60,106,04-16,89.9,93.4,94.8,96.7,99.2,102.0,114.4
Buche,60,107,04-17,89.8,93.3,94.7,96.7,99.1,101.9,114.8
Buche,60,108,04-18,89.8,93.1,94.6,96.6,99.0,101.7,114.8
Buche,60,109,04-19,89.7,93.0,94.5,96.5,98.8,101.5,113.6
Buche,60,110,04-20,89.7,92.8,94.5,96.4,98.7,101.4,112.5
Buche,60,111,04-21,89.6,92.6,94.4,96.3,98.5,101.2,112.2
Buche,60,112,04-22,89.5,92.4,94.4,96.2,98.6,101.2,112.1
Buche,60,113,04-23,89.5,92.2,94.2,96.2,98.6,101.2,112.0
Buche,60,114,04-24,89.4,92.1,94.1,96.1,98.6,101.4,111.9
Buche,60,115,04-25,89.3,91.9,93.9,96,98.6,101.5,111.8
Buche,60,116,04-26,89.2,91.7,93.7,96,98.6,101.7,111.8
Buche,60,117,04-27,89.1,91.5,93.6,95.9,98.6,101.7,111.7
Buche,60,118,04-28,88.9,91.3,93.4,95.9,98.6,101.8,111.6
Buche,60,119,04-29,88.7,91.0,93.2,95.8,98.5,101.8,111.6
Buche,60,120,04-30,88.5,90.7,93.0,95.8,98.4,101.9,111.5
Buche,60,121,05-01,88.3,90.4,92.8,95.7,98.4,102.0,111.4
Buche,60,122,05-02,88.0,90.1,92.6,95.6,98.4,102.0,111.3
Buche,60,123,05-03,87.8,89.7,92.3,95.5,98.4,102.0,111.2
Buche,60,124,05-04,87.5,89.5,92.1,95.4,98.5,102.0,111.0
Buche,60,125,05-05,87.3,89.2,92.0,95.3,98.6,102.1,110.8
Buche,60,126,05-06,87.0,89.0,91.8,95.2,98.7,102.2,110.3
Buche,60,127,05-07,86.7,88.7,91.7,95.2,98.8,102.3,109.9
Buche,60,128,05-08,86.3,88.3,91.5,95.2,98.9,102.5,109.6
Buche,60,129,05-09,85.8,88.0,91.3,95.3,99.0,102.5,109.3
Buche,60,130,05-10,85.4,87.5,91.1,95.3,99.2,102.6,108.9
Buche,60,131,05-11,85.0,87.1,90.9,95.2,99.3,102.8,108.6
Buche,60,132,05-12,84.6,86.6,90.7,95.1,99.4,102.9,108.3
Buche,60,133,05-13,84.1,86.1,90.6,95.1,99.3,102.8,107.9
Buche,60,134,05-14,83.7,85.6,90.6,95,99.3,102.7,107.9
Buche,60,135,05-15,83.2,85.1,90.5,94.8,99.3,102.5,107.7
Buche,60,136,05-16,82.8,84.6,90.4,94.8,99.3,102.4,107.2
Buche,60,137,05-17,82.3,84.1,90.3,94.7,99.2,102.2,106.8
Buche,60,138,05-18,81.9,83.6,90.2,94.7,99.2,102.0,106.3
Buche,60,139,05-19,81.4,83.1,90.0,94.6,99.2,101.9,105.8
Buche,60,140,05-20,81.0,82.6,89.8,94.5,99.2,101.7,105.3
Buche,60,141,05-21,80.4,82.1,89.6,94.5,99.1,101.5,104.9
Buche,60,142,05-22,79.9,81.5,89.4,94.5,99.2,101.4,104.6
Buche,60,143,05-23,79.3,81.0,89.1,94.5,99.2,101.5,104.4
Buche,60,144,05-24,78.7,80.4,88.7,94.6,99.2,101.6,104.5
Buche,60,145,05-25,78.1,79.8,88.4,94.5,99.1,101.6,104.3
Buche,60,146,05-26,77.5,79.3,88.1,94.6,99.0,101.6,104.1
Buche,60,147,05-27,76.9,78.9,87.8,94.5,98.8,101.6,103.9
Buche,60,148,05-28,76.3,78.5,87.4,94.4,98.7,101.4,103.8
Buche,60,149,05-29,75.8,78.1,87.1,94.2,98.5,101.3,103.7
Buche,60,150,05-30,75.2,77.7,86.6,94,98.3,101.3,103.7
Buche,60,151,05-31,74.7,77.2,86.2,93.7,98.1,101.1,103.7
Buche,60,152,06-01,74.2,76.7,85.7,93.5,97.9,100.9,103.5
Buche,60,153,06-02,73.7,76.2,85.1,93.3,97.7,100.7,103.5
Buche,60,154,06-03,73.1,75.6,84.5,93.1,97.6,100.6,103.3
Buche,60,155,06-04,72.4,75.1,83.9,92.9,97.4,100.5,103.2
Buche,60,156,06-05,71.7,74.6,83.2,92.5,97.3,100.3,103.3
Buche,60,157,06-06,71.0,74.1,82.6,92.1,97.1,100.2,103.4
Buche,60,158,06-07,70.2,73.6,82.0,91.6,96.8,100.1,103.6
Buche,60,159,06-08,69.4,73.2,81.4,91.1,96.5,100.0,103.7
Buche,60,160,06-09,68.6,72.7,80.8,90.6,96.3,99.9,103.9
Buche,60,161,06-10,67.7,72.3,80.2,90.2,96.0,99.7,104.1
Buche,60,162,06-11,66.8,71.9,79.6,89.7,95.6,99.4,104.1
Buche,60,163,06-12,65.9,71.4,79.1,89.2,95.1,99.0,104.0
Buche,60,164,06-13,65.0,70.8,78.5,88.6,94.7,98.5,103.6
Buche,60,165,06-14,64.1,70.0,77.8,87.9,94.2,98.0,103.5
Buche,60,166,06-15,63.1,69.2,77.0,87.2,93.7,97.6,103.4
Buche,60,167,06-16,62.1,68.3,76.3,86.4,93.2,97.2,103.1
Buche,60,168,06-17,60.9,67.4,75.4,85.7,92.7,96.7,102.9
Buche,60,169,06-18,59.8,66.4,74.6,85,92.2,96.6,102.5
Buche,60,170,06-19,58.6,65.5,73.7,84.2,91.6,96.4,102.6
Buche,60,171,06-20,57.3,64.7,72.8,83.6,91.0,96.2,102.6
Buche,60,172,06-21,56.1,63.9,71.9,83.1,90.2,95.9,102.6
Buche,60,173,06-22,54.9,63.1,71.0,82.4,89.5,95.5,102.6
Buche,60,174,06-23,53.8,62.3,70.0,81.7,88.7,95.3,102.5
Buche,60,175,06-24,52.7,61.5,69.1,81,87.9,95.1,102.4
Buche,60,176,06-25,51.7,60.7,68.1,80.3,87.1,94.9,102.3
Buche,60,177,06-26,50.8,59.8,67.2,79.6,86.2,94.7,102.3
Buche,60,178,06-27,49.8,58.9,66.3,79,85.3,94.6,102.2
Buche,60,179,06-28,48.9,58.0,65.4,78.5,84.4,94.4,102.2
Buche,60,180,06-29,48.0,57.1,64.5,77.9,83.8,94.3,102.1
Buche,60,181,06-30,47.2,56.2,63.6,77,83.3,94.2,102.1
Buche,60,182,07-01,46.3,55.3,62.7,76.2,82.7,94.0,102.1
Buche,60,183,07-02,45.8,54.5,61.8,75.4,82.0,93.9,102.1
Buche,60,184,07-03,45.2,53.6,61.0,74.5,81.2,93.8,102.3
Buche,60,185,07-04,44.5,52.9,60.2,73.7,80.6,93.7,102.6
Buche,60,186,07-05,43.9,52.2,59.4,73,79.9,93.6,102.9
Buche,60,187,07-06,43.4,51.5,58.7,72.2,79.2,93.4,103.1
Buche,60,188,07-07,42.9,50.8,58.0,71.4,78.3,93.3,103.5
Buche,60,189,07-08,42.4,50.1,57.4,70.6,77.4,93.0,103.8
Buche,60,190,07-09,42.0,49.4,56.8,69.8,76.6,92.6,103.7
Buche,60,191,07-10,41.5,48.7,56.2,69,75.8,92.2,103.6
Buche,60,192,07-11,41.1,48.0,55.7,68,75.1,91.8,103.4
Buche,60,193,07-12,40.6,47.3,55.2,67,74.2,91.5,103.3
Buche,60,194,07-13,40.1,46.6,54.7,66,73.6,91.3,103.2
Buche,60,195,07-14,39.6,45.9,54.3,65.2,73.2,91.1,103.0
Buche,60,196,07-15,39.1,45.3,53.9,64.3,72.8,91.0,102.8
Buche,60,197,07-16,38.7,44.7,53.5,63.4,72.5,91.2,102.5
Buche,60,198,07-17,38.4,44.1,53.1,62.5,72.3,91.3,102.4
Buche,60,199,07-18,38.0,43.5,52.6,61.7,72.1,91.4,102.2
Buche,60,200,07-19,37.8,43.0,52.2,61,71.9,91.5,102.2
Buche,60,201,07-20,37.7,42.5,51.8,60.4,71.6,91.7,102.1
Buche,60,202,07-21,37.6,42.0,51.5,59.8,71.3,91.8,102.0
Buche,60,203,07-22,37.3,41.6,51.1,59.2,71.1,92.0,101.8
Buche,60,204,07-23,37.0,41.3,50.8,58.8,70.8,92.1,101.5
Buche,60,205,07-24,36.9,41.1,50.4,58.2,70.6,92.3,101.2
Buche,60,206,07-25,36.8,40.9,50.1,57.7,70.4,92.5,100.9
Buche,60,207,07-26,36.7,40.6,49.8,57.2,70.2,92.7,100.6
Buche,60,208,07-27,36.6,40.3,49.5,56.7,70.0,92.9,100.3
Buche,60,209,07-28,36.6,40.1,49.1,56.3,70.4,93.1,100.0
Buche,60,210,07-29,36.5,39.8,48.9,56,71.2,93.5,99.7
Buche,60,211,07-30,36.5,39.6,48.6,55.7,72.1,94.0,99.4
Buche,60,212,07-31,36.4,39.4,48.3,55.5,73.0,94.4,99.1
Buche,60,213,08-01,36.4,39.1,48.1,55.3,73.8,94.8,98.8
Buche,60,214,08-02,36.3,38.9,47.9,55.1,74.4,94.8,98.5
Buche,60,215,08-03,36.2,38.7,47.7,54.9,74.8,94.8,98.1
Buche,60,216,08-04,36.1,38.5,47.5,54.7,75.1,94.7,97.8
Buche,60,217,08-05,36.0,38.3,47.4,54.5,75.4,94.3,97.4
Buche,60,218,08-06,35.8,38.1,47.3,54.4,75.6,93.9,97.0
Buche,60,219,08-07,35.6,37.8,47.2,54.1,75.8,93.4,96.6
Buche,60,220,08-08,35.4,37.5,47.1,53.8,75.6,92.9,95.9
Buche,60,221,08-09,35.1,37.2,47.0,53.5,75.4,92.4,95.3
Buche,60,222,08-10,34.8,36.9,46.8,53.3,75.2,91.8,94.7
Buche,60,223,08-11,34.5,36.5,46.7,53,74.9,91.3,94.0
Buche,60,224,08-12,34.2,36.2,46.5,52.7,74.7,90.7,93.4
Buche,60,225,08-13,33.9,35.8,46.3,52.5,74.4,90.1,92.6
Buche,60,226,08-14,33.5,35.4,46.1,52.2,74.1,89.5,91.9
Buche,60,227,08-15,33.2,35.1,45.8,52,73.8,88.8,91.1
Buche,60,228,08-16,32.8,34.8,45.6,51.8,73.6,88.1,90.3
Buche,60,229,08-17,32.4,34.5,45.3,51.5,72.9,87.5,89.7
Buche,60,230,08-18,32.1,34.5,45.0,51.1,71.8,86.7,89.1
Buche,60,231,08-19,31.7,34.4,44.7,50.8,70.7,85.8,88.5
Buche,60,232,08-20,31.4,34.5,44.3,50.4,69.6,85.0,87.9
Buche,60,233,08-21,31.1,34.5,43.9,50.2,68.5,84.2,87.4
Buche,60,234,08-22,30.9,34.5,43.4,49.9,67.4,83.4,87.0
Buche,60,235,08-23,30.7,34.5,42.9,49.6,66.4,82.7,86.7
Buche,60,236,08-24,30.6,34.5,42.4,49.4,65.3,81.9,86.3
Buche,60,237,08-25,30.4,34.5,41.9,49.2,64.3,81.2,86.1
Buche,60,238,08-26,30.3,34.6,41.7,49,63.4,80.4,85.8
Buche,60,239,08-27,30.2,34.6,41.6,48.8,63.3,80.1,85.5
Buche,60,240,08-28,30.1,34.7,41.5,48.6,63.2,79.7,85.2
Buche,60,241,08-29,30.1,34.7,41.5,48.4,63.2,79.6,85.0
Buche,60,242,08-30,30.0,34.8,41.4,48.2,63.2,79.6,85.3
Buche,60,243,08-31,29.9,34.8,41.4,48,63.1,79.7,85.6
Buche,60,244,09-01,29.9,34.9,41.4,47.8,63.1,79.7,85.9
Buche,60,245,09-02,29.8,34.9,41.5,47.6,63.1,79.7,86.3
Buche,60,246,09-03,29.8,35.0,41.5,47.5,63.4,79.8,86.7
Buche,60,247,09-04,29.8,35.0,41.6,47.4,63.7,79.9,87.1
Buche,60,248,09-05,29.9,35.1,41.8,47.3,64.0,80.1,87.5
Buche,60,249,09-06,29.9,35.1,41.9,47.2,64.4,80.2,87.7
Buche,60,250,09-07,30.0,34.9,42.1,47.2,64.7,80.4,87.9
Buche,60,251,09-08,30.0,34.7,42.3,47.3,65.0,80.6,88.0
Buche,60,252,09-09,30.1,34.5,42.6,47.3,65.4,80.8,88.1
Buche,60,253,09-10,30.1,34.4,42.9,47.4,65.7,81.0,88.1
Buche,60,254,09-11,30.2,34.2,43.2,47.4,66.1,81.2,87.9
Buche,60,255,09-12,30.2,34.0,43.5,47.5,66.5,81.4,87.8
Buche,60,256,09-13,30.3,33.9,43.9,47.5,67.0,81.5,87.7
Buche,60,257,09-14,30.3,33.7,44.2,47.5,67.4,81.7,87.6
Buche,60,258,09-15,30.3,33.6,44.2,47.6,67.8,82.0,87.5
Buche,60,259,09-16,30.4,33.5,44.1,47.6,67.5,81.9,87.4
Buche,60,260,09-17,30.4,33.3,44.1,47.6,67.2,81.9,87.3
Buche,60,261,09-18,30.4,33.2,44.0,47.6,66.9,81.6,87.2
Buche,60,262,09-19,30.5,33.1,43.9,47.6,66.7,81.3,86.6
Buche,60,263,09-20,30.5,33.0,43.8,47.6,66.6,81.0,86.1
Buche,60,264,09-21,30.5,32.8,43.8,47.6,66.6,80.8,85.6
Buche,60,265,09-22,30.6,32.7,43.7,47.7,66.7,80.5,85.1
Buche,60,266,09-23,30.6,32.6,43.6,47.8,66.6,80.2,84.6
Buche,60,267,09-24,30.7,32.6,43.5,47.9,66.4,79.8,84.1
Buche,60,268,09-25,30.7,32.5,43.5,48,66.3,79.5,83.6
Buche,60,269,09-26,30.8,32.5,43.4,48.2,66.2,79.4,83.2
Buche,60,270,09-27,30.8,32.5,43.3,48.4,66.0,79.2,82.8
Buche,60,271,09-28,30.8,32.6,43.3,48.5,65.9,79.1,82.4
Buche,60,272,09-29,30.8,32.6,43.2,48.6,65.8,78.9,82.2
Buche,60,273,09-30,30.8,32.6,43.1,48.7,65.6,78.9,82.1
Buche,60,274,10-01,30.8,32.7,43.1,48.8,65.5,78.8,82.3
Buche,60,275,10-02,30.8,32.7,43.0,48.9,65.4,78.8,82.6
Buche,60,276,10-03,30.7,32.7,43.0,49,65.2,78.8,82.9
Buche,60,277,10-04,30.7,32.8,42.9,49.1,65.1,78.9,83.2
Buche,60,278,10-05,30.6,32.8,42.8,49.2,65.0,79.1,83.5
Buche,60,279,10-06,30.6,32.9,42.7,49.2,64.9,79.6,83.9
Buche,60,280,10-07,30.5,33.0,42.6,49.3,64.7,80.0,84.2
Buche,60,281,10-08,30.4,33.2,42.5,49.4,64.6,80.6,84.7
Buche,60,282,10-09,30.4,33.3,42.5,49.5,64.5,81.2,85.2
Buche,60,283,10-10,30.3,33.5,42.4,49.5,64.3,81.8,85.7
Buche,60,284,10-11,30.3,33.6,42.3,49.6,64.2,82.5,86.2
Buche,60,285,10-12,30.3,33.8,42.3,49.7,64.0,83.1,86.8
Buche,60,286,10-13,30.2,34.0,42.2,49.7,63.9,83.8,87.4
Buche,60,287,10-14,30.2,34.2,42.2,49.7,63.9,84.5,88.0
Buche,60,288,10-15,30.3,34.4,42.2,49.7,64.1,85.2,88.6
Buche,60,289,10-16,30.5,34.6,42.2,49.6,64.4,85.7,89.2
Buche,60,290,10-17,30.7,34.8,42.1,49.5,64.9,86.2,89.8
Buche,60,291,10-18,31.0,35.0,42.1,49.4,65.6,86.7,90.5
Buche,60,292,10-19,31.2,35.2,42.1,49.3,66.3,87.2,91.3
Buche,60,293,10-20,31.5,35.5,42.1,49.2,67.1,87.7,91.9
Buche,60,294,10-21,31.8,35.7,42.1,49.1,68.1,88.1,92.4
Buche,60,295,10-22,32.1,36.0,42.1,49,69.1,88.6,92.7
Buche,60,296,10-23,32.5,36.3,42.1,48.9,70.2,89.1,93.0
Buche,60,297,10-24,32.8,36.6,42.1,48.9,71.5,89.5,93.4
Buche,60,298,10-25,33.1,37.0,42.2,48.9,72.8,89.9,93.8
Buche,60,299,10-26,33.5,37.3,42.2,48.9,74.1,90.1,94.2
Buche,60,300,10-27,33.8,37.6,42.3,48.9,75.5,90.3,94.6
Buche,60,301,10-28,34.2,38.0,42.4,48.9,76.8,90.4,95.0
Buche,60,302,10-29,34.6,38.3,42.5,49,78.2,90.7,95.3
Buche,60,303,10-30,35.0,38.7,42.5,49,79.5,90.9,95.6
Buche,60,304,10-31,35.3,39.0,42.6,49.1,80.8,91.2,96.0
Buche,60,305,11-01,35.7,39.3,42.8,49.2,82.2,91.6,96.4
Buche,60,306,11-02,36.1,39.6,42.9,49.3,83.5,91.9,96.7
Buche,60,307,11-03,36.4,39.9,43.0,49.4,84.8,92.3,97.0
Buche,60,308,11-04,36.9,40.2,43.3,49.7,85.9,92.7,97.3
Buche,60,309,11-05,37.2,40.6,43.6,50.2,86.8,93.1,97.6
Buche,60,310,11-06,37.5,40.9,43.9,50.7,87.6,93.5,98.0
Buche,60,311,11-07,37.8,41.2,44.2,51.3,88.2,93.9,98.4
Buche,60,312,11-08,38.1,41.5,44.6,51.8,88.8,94.4,98.7
Buche,60,313,11-09,38.3,41.8,45.0,52.5,89.3,94.8,99.0
Buche,60,314,11-10,38.7,42.3,45.3,53.8,89.7,95.4,99.3
Buche,60,315,11-11,39.1,42.7,45.8,55.2,90.1,95.9,99.6
Buche,60,316,11-12,39.5,43.1,46.3,56.8,90.5,96.3,99.9
Buche,60,317,11-13,39.9,43.4,46.7,58.4,90.7,96.8,100.2
Buche,60,318,11-14,40.2,43.8,47.2,60.1,90.9,97.2,100.3
Buche,60,319,11-15,40.6,44.1,47.6,61.8,91.1,97.6,100.5
Buche,60,320,11-16,41.0,44.4,48.1,63.4,91.5,97.9,100.7
Buche,60,321,11-17,41.3,44.7,48.5,65.1,91.9,98.1,100.8
Buche,60,322,11-18,41.6,44.9,49.1,66.9,92.3,98.4,100.9
Buche,60,323,11-19,42.0,45.2,49.8,68.6,92.7,98.7,101.1
Buche,60,324,11-20,42.3,45.5,50.5,70.3,93.2,98.8,101.1
Buche,60,325,11-21,42.6,45.7,51.1,72.1,93.6,99.0,101.0
Buche,60,326,11-22,42.9,46.0,51.8,73.9,93.9,99.1,101.0
Buche,60,327,11-23,43.1,46.3,52.4,75.7,94.1,99.2,101.1
Buche,60,328,11-24,43.3,46.4,52.9,77.2,94.4,99.2,101.1
Buche,60,329,11-25,43.4,46.6,53.4,78.6,94.6,99.3,101.1
Buche,60,330,11-26,43.5,46.7,54.0,79.9,94.9,99.3,101.3
Buche,60,331,11-27,43.7,46.9,54.6,81.3,95.2,99.4,101.4
Buche,60,332,11-28,43.9,47.3,55.2,82.6,95.5,99.5,101.6
Buche,60,333,11-29,44.2,47.7,55.9,83.8,95.8,99.6,101.6
Buche,60,334,11-30,44.4,47.9,56.9,84.4,96.0,99.6,101.6
Buche,60,335,12-01,44.6,48.1,57.8,84.9,96.3,99.7,101.9
Buche,60,336,12-02,44.7,48.4,58.8,85.4,96.5,99.9,102.4
Buche,60,337,12-03,44.9,48.6,59.9,85.8,96.7,100.0,103.8
Buche,60,338,12-04,45.0,48.8,61.0,86.2,96.9,100.2,104.7
Buche,60,339,12-05,45.2,49.1,62.2,86.6,97.1,100.3,104.9
Buche,60,340,12-06,45.4,49.3,63.4,87.2,97.1,100.5,105.0
Buche,60,341,12-07,45.6,49.6,64.7,87.9,97.1,100.6,105.0
Buche,60,342,12-08,45.7,49.9,65.8,88.4,97.1,100.6,105.1
Buche,60,343,12-09,45.9,50.2,67.0,88.9,97.1,100.6,105.0
Buche,60,344,12-10,46.1,50.4,68.1,89.4,97.1,100.7,105.1
Buche,60,345,12-11,46.3,50.7,69.2,89.8,97.2,100.8,105.2
Buche,60,346,12-12,46.5,51.0,70.5,90.2,97.3,101.1,106.7
Buche,60,347,12-13,46.7,51.3,71.8,90.7,97.4,101.6,107.9
Buche,60,348,12-14,46.9,51.6,73.2,91.2,97.5,101.9,108.2
Buche,60,349,12-15,47.1,51.9,74.7,91.7,97.5,102.0,108.5
Buche,60,350,12-16,47.3,52.2,76.3,92.1,97.6,102.1,108.5
Buche,60,351,12-17,47.5,52.5,77.9,92.6,97.6,102.2,108.4
Buche,60,352,12-18,47.5,52.6,79.3,93.1,97.6,102.3,108.4
Buche,60,353,12-19,47.6,52.7,80.7,93.5,97.7,102.4,108.5
Buche,60,354,12-20,47.7,52.8,81.8,94,97.7,102.4,108.5
Buche,60,355,12-21,47.8,52.8,82.9,94.4,97.7,102.3,108.3
Buche,60,356,12-22,47.8,52.9,83.5,94.7,97.7,102.3,108.2
Buche,60,357,12-23,47.9,52.9,84.1,94.9,97.7,102.3,107.0
Buche,60,358,12-24,47.9,52.9,84.6,95.2,97.7,102.4,106.2
Buche,60,359,12-25,48.0,52.9,85.2,95.4,97.8,102.4,106.2
Buche,60,360,12-26,48.0,53.0,85.7,95.4,97.8,102.4,106.5
Buche,60,361,12-27,48.1,53.0,86.3,95.4,97.9,102.6,106.8
Buche,60,362,12-28,48.1,53.0,86.8,95.4,97.9,102.7,107.2
Buche,60,363,12-29,48.2,53.1,87.4,95.5,98.0,102.8,107.8
Buche,60,364,12-30,48.3,53.1,88.2,95.7,98.0,102.9,108.3
Buche,60,365,12-31,48.3,53.1,89.1,95.8,98.0,103.1,
Fichte,15,1,01-01,41.1,46.4,82.4,93.2,99.3,105.3,109.2
Fichte,15,2,01-02,41.2,46.4,82.8,93.1,99.3,105.5,109.5
Fichte,15,3,01-03,41.3,46.3,83.0,93.1,99.9,105.8,109.7
Fichte,15,4,01-04,41.5,46.5,83.3,93.1,100.4,106.1,109.8
Fichte,15,5,01-05,41.7,46.9,83.5,93.1,100.7,106.3,109.8
Fichte,15,6,01-06,41.8,47.3,83.7,93.2,100.5,106.1,109.8
Fichte,15,7,01-07,42.0,47.8,83.8,93.1,100.4,106.0,109.8
Fichte,15,8,01-08,42.1,48.2,83.9,93.1,100.5,106.1,109.7
Fichte,15,9,01-09,42.2,48.7,83.9,93.1,100.5,106.1,109.6
Fichte,15,10,01-10,42.4,49.2,84.0,93,100.4,106.0,109.4
Fichte,15,11,01-11,42.7,50.1,84.3,93.1,100.6,106.2,109.5
Fichte,15,12,01-12,43.0,51.4,84.7,93.1,100.7,106.3,109.8
Fichte,15,13,01-13,43.3,52.9,85.1,92.9,100.6,106.2,109.6
Fichte,15,14,01-14,43.5,54.5,85.3,92.8,100.5,106.0,109.1
Fichte,15,15,01-15,43.6,56.0,85.2,92.7,100.2,105.9,108.6
Fichte,15,16,01-16,43.7,57.5,85.1,92.6,100.2,105.7,108.5
Fichte,15,17,01-17,43.9,59.0,85.2,92.6,100.3,105.6,108.5
Fichte,15,18,01-18,44.1,60.9,85.1,92.7,100.4,105.3,108.5
Fichte,15,19,01-19,44.2,62.6,85.1,92.9,100.2,105.1,108.4
Fichte,15,20,01-20,44.2,62.5,85.1,92.9,99.8,104.7,108.7
Fichte,15,21,01-21,44.4,64.2,85.2,93.1,99.7,104.6,108.6
Fichte,15,22,01-22,44.6,65.8,85.5,93.2,99.8,104.6,108.6
Fichte,15,23,01-23,44.7,67.4,85.7,93.4,99.6,104.7,108.6
Fichte,15,24,01-24,44.8,68.8,86.0,93.5,99.5,104.7,108.5
Fichte,15,25,01-25,45.0,70.1,86.2,93.6,99.4,104.7,108.4
Fichte,15,26,01-26,45.1,71.2,86.4,93.8,99.8,104.7,108.4
Fichte,15,27,01-27,45.3,72.2,86.5,93.9,99.8,104.7,108.3
Fichte,15,28,01-28,45.5,72.9,86.7,94.1,99.9,104.7,108.3
Fichte,15,29,01-29,45.7,74.4,87.0,94.3,100.0,104.5,108.2
Fichte,15,30,01-30,46.0,75.8,87.4,94.6,100.0,104.6,108.2
Fichte,15,31,01-31,46.3,77.0,87.7,94.9,100.1,104.7,108.3
Fichte,15,32,02-01,46.6,77.9,88.1,95.3,100.4,104.9,108.4
Fichte,15,33,02-02,46.9,78.5,88.5,95.6,100.7,105.0,108.6
Fichte,15,34,02-03,47.2,79.1,89.0,95.9,101.0,105.1,108.9
Fichte,15,35,02-04,47.6,79.6,89.4,96.1,101.4,105.4,109.1
Fichte,15,36,02-05,47.9,80.2,89.9,96.3,101.6,105.6,109.1
Fichte,15,37,02-06,48.3,80.6,90.5,96.3,101.8,105.7,109.0
Fichte,15,38,02-07,48.7,80.9,91.1,96.3,101.9,105.7,108.8
Fichte,15,39,02-08,49.0,81.3,91.6,96.4,102.1,105.8,108.7
Fichte,15,40,02-09,49.4,81.7,91.7,96.5,102.3,105.9,108.2
Fichte,15,41,02-10,49.8,82.1,91.8,96.5,102.4,105.8,107.7
Fichte,15,42,02-11,50.2,82.6,91.7,96.6,102.3,105.5,107.4
Fichte,15,43,02-12,50.7,83.0,91.5,96.6,102.2,105.1,107.3
Fichte,15,44,02-13,51.1,83.5,91.6,96.6,101.9,104.8,107.4
Fichte,15,45,02-14,51.6,83.9,91.6,96.7,102.0,104.7,107.6
Fichte,15,46,02-15,52.0,84.3,91.7,96.6,101.9,104.7,107.8
Fichte,15,47,02-16,52.5,84.8,91.7,96.5,101.9,105.0,108.0
Fichte,15,48,02-17,53.0,85.4,91.8,96.4,101.8,105.1,108.2
Fichte,15,49,02-18,53.5,85.1,91.6,96.2,101.8,105.6,108.6
Fichte,15,50,02-19,54.2,84.9,91.5,96,101.8,105.8,108.9
Fichte,15,51,02-20,55.3,84.7,91.3,95.7,101.6,105.5,108.8
Fichte,15,52,02-21,56.4,84.4,91.1,95.4,101.3,105.4,108.6
Fichte,15,53,02-22,57.4,84.1,90.8,95.1,100.9,105.1,108.5
Fichte,15,54,02-23,58.4,83.8,90.4,94.8,100.5,105.0,108.5
Fichte,15,55,02-24,59.4,83.6,90.0,94.6,100.4,105.0,108.8
Fichte,15,56,02-25,60.5,83.3,89.6,94.3,100.3,105.4,109.2
Fichte,15,57,02-26,61.7,83.0,89.0,94.1,100.3,105.6,109.6
Fichte,15,58,02-27,62.9,82.8,88.5,93.9,100.3,105.8,109.7
Fichte,15,59,02-28,64.1,82.5,88.1,93.6,100.5,105.9,109.8
Fichte,15,60,03-01,65.3,82.1,87.9,93.3,100.7,106.2,110.1
Fichte,15,61,03-02,66.6,81.8,87.6,93,100.9,106.4,110.3
Fichte,15,62,03-03,68.1,81.7,87.5,92.8,101.0,106.6,110.3
Fichte,15,63,03-04,69.5,81.6,87.5,92.8,101.0,106.9,110.5
Fichte,15,64,03-05,70.8,81.5,87.2,92.7,101.0,107.1,110.6
Fichte,15,65,03-06,72.0,81.5,86.9,92.7,100.8,107.1,110.6
Fichte,15,66,03-07,73.0,81.4,86.6,92.7,100.7,107.0,110.5
Fichte,15,67,03-08,74.1,81.4,86.4,92.6,100.7,106.9,110.4
Fichte,15,68,03-09,75.1,81.4,86.2,92.6,100.7,106.6,110.3
Fichte,15,69,03-10,75.9,81.4,86.0,92.6,100.6,106.2,109.9
Fichte,15,70,03-11,76.5,81.3,85.7,92.5,100.4,105.9,109.6
Fichte,15,71,03-12,76.7,81.2,85.4,92.4,100.4,105.8,109.4
Fichte,15,72,03-13,76.8,81.1,85.1,92.3,100.5,105.6,109.0
Fichte,15,73,03-14,76.9,80.9,84.7,92.2,100.5,105.3,108.6
Fichte,15,74,03-15,77.0,80.6,84.3,92.1,100.5,105.0,108.1
Fichte,15,75,03-16,77.0,80.4,84.0,91.9,100.1,104.6,107.3
Fichte,15,76,03-17,76.8,80.1,83.6,91.7,99.8,103.8,106.9
Fichte,15,77,03-18,76.5,79.8,83.2,91.4,99.4,103.2,106.6
Fichte,15,78,03-19,75.9,79.3,82.7,91.2,99.0,102.8,106.4
Fichte,15,79,03-20,75.3,78.5,82.0,90.9,98.6,102.6,106.3
Fichte,15,80,03-21,74.7,77.9,81.1,90.5,98.3,102.5,106.2
Fichte,15,81,03-22,73.7,77.2,80.3,90.2,98.1,102.5,106.5
Fichte,15,82,03-23,72.5,76.2,79.3,89.8,98.1,102.7,106.8
Fichte,15,83,03-24,71.2,75.1,78.2,89,98.0,102.7,106.7
Fichte,15,84,03-25,69.9,73.9,77.1,88.3,97.9,102.6,106.6
Fichte,15,85,03-26,68.6,72.7,76.0,87.6,97.9,102.6,106.7
Fichte,15,86,03-27,67.3,71.3,75.4,87.1,97.7,102.5,106.7
Fichte,15,87,03-28,66.0,69.9,74.8,86.5,97.4,102.3,106.5
Fichte,15,88,03-29,64.5,68.4,74.2,86,97.3,102.3,106.8
Fichte,15,89,03-30,63.1,66.9,73.6,85.4,97.2,102.2,108.7
Fichte,15,90,03-31,61.6,65.4,73.0,84.9,97.2,102.2,110.3
Fichte,15,91,04-01,60.0,63.9,72.3,84.4,97.0,102.1,111.7
Fichte,15,92,04-02,58.4,62.4,71.9,83.8,96.8,102.3,113.1
Fichte,15,93,04-03,56.8,60.9,71.5,83.1,96.6,102.4,114.3
Fichte,15,94,04-04,55.1,59.7,71.2,82.4,96.4,102.4,115.5
Fichte,15,95,04-05,53.5,58.5,70.9,81.7,96.2,102.4,116.6
Fichte,15,96,04-06,52.0,57.2,70.5,81,96.0,102.4,117.3
Fichte,15,97,04-07,50.5,56.0,70.2,80.3,95.9,102.8,117.8
Fichte,15,98,04-08,49.3,54.8,69.8,79.7,95.7,103.1,118.5
Fichte,15,99,04-09,48.2,53.8,69.5,78.9,95.2,103.2,119.0
Fichte,15,100,04-10,47.1,52.7,69.1,78.2,94.6,103.0,119.2
Fichte,15,101,04-11,46.2,51.6,68.8,77.5,93.8,102.8,119.1
Fichte,15,102,04-12,45.3,50.5,68.4,76.7,93.1,102.2,119.0
Fichte,15,103,04-13,44.5,49.5,68.0,76,92.4,101.6,118.8
Fichte,15,104,04-14,43.8,48.6,67.6,75.2,91.9,101.1,118.6
Fichte,15,105,04-15,43.0,47.7,67.1,74.2,91.3,100.7,118.8
Fichte,15,106,04-16,42.5,47.0,66.1,73.3,90.7,100.3,119.8
Fichte,15,107,04-17,42.0,46.4,65.0,72.3,90.2,100.0,120.8
Fichte,15,108,04-18,41.6,45.9,63.9,71.3,89.6,99.5,121.1
Fichte,15,109,04-19,41.4,45.4,62.8,70.2,89.0,99.1,120.0
Fichte,15,110,04-20,41.1,45.1,61.7,69.2,88.5,98.8,119.3
Fichte,15,111,04-21,40.9,44.9,60.6,68.5,88.1,98.6,118.6
Fichte,15,112,04-22,40.7,44.9,59.4,68,88.1,98.2,118.1
Fichte,15,113,04-23,40.4,44.9,58.2,67.6,88.1,98.5,117.7
Fichte,15,114,04-24,40.7,44.7,57.0,67.2,88.2,99.2,117.4
Fichte,15,115,04-25,41.0,44.6,55.9,67.1,88.4,99.7,117.2
Fichte,15,116,04-26,41.2,44.4,54.9,67.2,88.4,100.0,117.0
Fichte,15,117,04-27,41.4,44.3,53.8,67.4,88.3,100.1,116.8
Fichte,15,118,04-28,41.3,44.1,52.8,67.6,88.5,100.0,116.6
Fichte,15,119,04-29,41.2,44.0,52.0,67.3,88.8,99.7,116.5
Fichte,15,120,04-30,40.9,43.7,51.1,67.1,89.2,100.0,116.3
Fichte,15,121,05-01,40.6,43.5,50.2,67,89.5,100.2,116.2
Fichte,15,122,05-02,40.4,43.4,49.6,67.4,89.5,100.4,116.1
Fichte,15,123,05-03,40.3,43.4,49.0,67.9,89.4,100.6,115.9
Fichte,15,124,05-04,40.5,43.5,48.6,68.3,89.4,100.8,115.8
Fichte,15,125,05-05,40.7,43.6,48.2,68.6,89.4,100.9,115.0
Fichte,15,126,05-06,40.7,43.8,48.0,69,89.4,101.1,113.7
Fichte,15,127,05-07,40.6,43.8,47.9,69.7,90.1,101.5,112.5
Fichte,15,128,05-08,40.4,43.8,47.8,70.4,90.6,101.7,111.5
Fichte,15,129,05-09,40.1,43.9,47.8,71.1,91.0,101.9,110.4
Fichte,15,130,05-10,39.8,44.0,47.9,71.7,91.5,102.0,109.2
Fichte,15,131,05-11,40.0,43.9,48.0,72.1,91.8,102.0,108.3
Fichte,15,132,05-12,40.2,43.8,48.1,72.4,91.7,102.0,107.6
Fichte,15,133,05-13,40.4,43.7,48.2,72.6,91.5,101.5,107.3
Fichte,15,134,05-14,40.1,43.5,48.2,72.7,91.3,100.6,107.0
Fichte,15,135,05-15,39.9,43.3,48.3,72.4,91.1,99.9,106.6
Fichte,15,136,05-16,39.8,43.3,48.3,71.9,90.8,99.3,105.9
Fichte,15,137,05-17,39.7,43.2,48.4,71.1,90.5,98.5,105.1
Fichte,15,138,05-18,39.6,43.0,48.4,70.5,90.1,97.8,104.3
Fichte,15,139,05-19,39.5,42.8,48.3,70.3,89.5,97.2,103.4
Fichte,15,140,05-20,39.6,42.7,48.2,70.2,89.1,96.3,102.6
Fichte,15,141,05-21,39.5,42.6,48.1,70,88.8,95.6,102.1
Fichte,15,142,05-22,39.4,42.5,47.8,69.9,88.7,95.2,102.3
Fichte,15,143,05-23,39.2,42.3,48.0,69.7,88.5,95.2,102.4
Fichte,15,144,05-24,38.7,41.9,48.1,69.5,88.2,95.3,102.7
Fichte,15,145,05-25,38.3,41.6,48.0,69.6,88.3,95.4,102.7
Fichte,15,146,05-26,38.2,41.3,47.9,69.7,88.6,95.4,102.8
Fichte,15,147,05-27,38.1,41.3,47.7,69.4,88.1,95.2,102.9
Fichte,15,148,05-28,38.1,41.2,47.5,69,87.4,94.9,102.8
Fichte,15,149,05-29,38.2,41.2,47.3,68.6,86.7,94.7,103.2
Fichte,15,150,05-30,38.4,41.0,47.2,68.5,86.1,94.5,103.9
Fichte,15,151,05-31,38.1,40.8,47.1,68.6,85.6,94.3,104.1
Fichte,15,152,06-01,37.8,40.6,46.8,68.6,85.2,93.9,104.1
Fichte,15,153,06-02,37.6,40.5,46.7,68.7,84.9,93.6,103.8
Fichte,15,154,06-03,37.3,40.4,46.6,68.9,84.7,93.2,103.6
Fichte,15,155,06-04,37.0,40.3,46.4,69,84.5,92.8,103.6
Fichte,15,156,06-05,36.6,39.9,46.3,69.2,84.2,92.4,103.8
Fichte,15,157,06-06,36.1,39.6,46.2,69.5,83.8,92.0,104.1
Fichte,15,158,06-07,35.7,39.6,46.4,69.6,83.5,91.5,104.4
Fichte,15,159,06-08,35.3,40.1,47.0,69.5,83.1,90.9,105.0
Fichte,15,160,06-09,34.9,39.8,47.3,69.3,82.4,90.3,105.3
Fichte,15,161,06-10,34.6,39.5,47.5,68.9,81.8,89.6,105.5
Fichte,15,162,06-11,34.2,39.0,47.8,68,80.9,88.9,104.8
Fichte,15,163,06-12,33.8,38.4,47.6,67.1,80.1,87.9,104.3
Fichte,15,164,06-13,33.4,37.9,47.2,66.2,79.2,86.5,102.9
Fichte,15,165,06-14,32.9,37.3,46.9,65,78.1,85.2,102.2
Fichte,15,166,06-15,32.2,36.6,46.6,63.8,76.7,83.7,101.6
Fichte,15,167,06-16,31.4,35.7,46.3,62.7,75.4,82.3,100.8
Fichte,15,168,06-17,30.7,34.7,45.9,61.6,74.2,80.8,100.0
Fichte,15,169,06-18,29.8,33.7,45.4,60.7,73.1,79.4,99.6
Fichte,15,170,06-19,29.0,32.8,44.8,59.6,72.1,78.6,99.6
Fichte,15,171,06-20,28.2,32.0,44.2,58.7,71.1,77.7,99.6
Fichte,15,172,06-21,27.5,31.3,43.4,57.5,70.4,77.3,99.5
Fichte,15,173,06-22,26.9,30.3,42.8,56.4,69.5,77.2,99.3
Fichte,15,174,06-23,26.3,29.4,42.1,55.4,68.5,77.6,98.8
Fichte,15,175,06-24,25.6,28.5,41.2,54.2,67.5,78.1,98.3
Fichte,15,176,06-25,24.8,27.7,40.3,53.1,66.5,78.5,98.0
Fichte,15,177,06-26,24.1,27.1,39.3,51.8,65.4,79.0,97.8
Fichte,15,178,06-27,23.4,26.2,38.1,50.8,64.2,79.5,97.6
Fichte,15,179,06-28,22.8,24.8,36.7,49.9,63.5,80.1,97.5
Fichte,15,180,06-29,22.2,24.2,35.8,49.2,62.7,80.5,97.6
Fichte,15,181,06-30,21.6,23.6,35.0,48.4,61.9,80.7,97.7
Fichte,15,182,07-01,21.0,23.1,34.1,47.6,61.0,80.8,97.7
Fichte,15,183,07-02,20.5,22.7,33.3,46.8,60.3,80.7,97.7
Fichte,15,184,07-03,19.9,22.4,32.7,46.3,60.3,80.9,99.3
Fichte,15,185,07-04,19.3,22.2,32.2,45.8,60.2,81.2,100.2
Fichte,15,186,07-05,18.8,22.0,31.5,45.2,60.1,81.5,100.9
Fichte,15,187,07-06,18.3,22.1,30.9,44.6,60.0,82.2,101.6
Fichte,15,188,07-07,17.8,22.2,30.3,43.9,59.9,82.8,102.2
Fichte,15,189,07-08,17.3,22.3,29.8,43.1,59.7,83.3,102.3
Fichte,15,190,07-09,16.8,22.2,29.3,42.2,59.2,83.2,101.6
Fichte,15,191,07-10,16.3,22.1,28.8,40.9,58.7,83.1,100.9
Fichte,15,192,07-11,15.7,22.0,28.6,39.9,57.7,82.4,100.2
Fichte,15,193,07-12,15.1,21.8,28.2,38.7,56.8,81.4,99.5
Fichte,15,194,07-13,14.5,21.5,27.7,37.6,55.9,80.9,99.0
Fichte,15,195,07-14,14.0,21.3,27.6,36.7,55.3,80.0,98.5
Fichte,15,196,07-15,13.6,21.0,27.4,35.9,54.9,79.2,97.8
Fichte,15,197,07-16,13.3,21.1,27.3,35.3,54.6,78.4,97.9
Fichte,15,198,07-17,13.0,21.1,27.1,34.6,54.5,77.5,97.9
Fichte,15,199,07-18,13.0,21.1,26.7,33.8,54.0,76.7,97.7
Fichte,15,200,07-19,13.1,21.1,26.5,33.3,54.5,76.7,98.0
Fichte,15,201,07-20,13.1,21.1,26.2,33,55.0,77.1,97.8
Fichte,15,202,07-21,13.2,21.1,25.8,32.8,55.5,77.5,97.7
Fichte,15,203,07-22,13.3,20.9,25.5,32.6,55.8,77.8,97.5
Fichte,15,204,07-23,13.4,20.8,25.2,32.4,55.3,78.1,96.5
Fichte,15,205,07-24,13.5,20.6,24.9,32.3,54.7,78.3,95.6
Fichte,15,206,07-25,13.6,20.5,24.7,32.2,54.0,78.4,94.8
Fichte,15,207,07-26,13.7,20.0,24.6,32.1,53.4,78.2,94.1
Fichte,15,208,07-27,13.8,19.4,24.6,32,52.8,78.1,93.5
Fichte,15,209,07-28,13.9,18.9,24.5,32.2,52.4,78.0,92.9
Fichte,15,210,07-29,13.9,18.4,24.5,32.7,53.2,78.3,92.4
Fichte,15,211,07-30,14.0,18.0,24.4,33.2,54.1,78.6,92.0
Fichte,15,212,07-31,14.0,17.5,24.4,33.7,54.9,78.9,91.6
Fichte,15,213,08-01,14.0,17.1,24.3,34.2,55.7,79.3,91.3
Fichte,15,214,08-02,14.0,16.8,24.3,34.6,56.4,78.9,90.8
Fichte,15,215,08-03,14.0,16.4,24.3,34.8,56.9,78.6,90.4
Fichte,15,216,08-04,13.9,16.1,24.3,35,57.2,78.3,89.8
Fichte,15,217,08-05,13.8,15.4,24.3,35.1,57.4,78.0,88.5
Fichte,15,218,08-06,13.7,14.8,24.4,35.4,57.6,77.7,87.3
Fichte,15,219,08-07,13.2,14.2,24.7,35.8,57.6,77.4,86.1
Fichte,15,220,08-08,12.6,13.7,25.0,36,56.9,76.8,84.5
Fichte,15,221,08-09,12.1,13.2,25.2,36,56.1,75.8,83.3
Fichte,15,222,08-10,11.5,12.8,25.4,35.9,55.4,74.9,82.0
Fichte,15,223,08-11,11.0,12.4,25.5,35.7,54.8,74.0,80.8
Fichte,15,224,08-12,10.5,11.9,25.6,35.5,54.4,73.1,79.5
Fichte,15,225,08-13,10.0,11.4,25.5,35.1,54.3,72.3,78.6
Fichte,15,226,08-14,9.5,10.9,25.4,34.8,54.3,71.5,78.1
Fichte,15,227,08-15,9.0,10.5,25.1,34.5,54.3,70.8,77.6
Fichte,15,228,08-16,8.5,10.1,24.7,34.4,54.2,70.1,77.0
Fichte,15,229,08-17,8.1,9.8,24.3,34.1,54.0,69.7,76.5
Fichte,15,230,08-18,7.9,10.0,24.0,33.4,52.8,69.1,75.9
Fichte,15,231,08-19,7.7,10.1,23.8,32.7,51.6,68.7,75.4
Fichte,15,232,08-20,7.6,10.2,23.7,32,50.5,68.2,74.8
Fichte,15,233,08-21,7.7,10.4,23.6,31.3,49.5,67.8,74.3
Fichte,15,234,08-22,7.9,10.6,23.6,30.8,48.5,67.5,73.9
Fichte,15,235,08-23,8.0,10.8,23.5,30.5,47.7,67.2,73.6
Fichte,15,236,08-24,8.1,11.1,23.4,30.2,46.8,67.0,73.3
Fichte,15,237,08-25,8.3,11.4,23.3,29.8,45.7,65.8,72.9
Fichte,15,238,08-26,8.6,11.8,23.0,29.3,45.0,65.8,72.5
Fichte,15,239,08-27,8.9,12.1,22.6,28.5,44.2,65.9,72.1
Fichte,15,240,08-28,9.1,12.4,22.1,27.8,43.5,65.5,71.7
Fichte,15,241,08-29,9.4,12.7,21.7,27.1,42.8,65.2,72.4
Fichte,15,242,08-30,9.6,13.1,21.3,26.6,43.5,65.0,73.4
Fichte,15,243,08-31,9.8,13.5,21.0,26.1,44.0,64.9,74.3
Fichte,15,244,09-01,9.9,13.8,20.7,25.7,44.5,64.8,75.3
Fichte,15,245,09-02,10.1,14.0,20.5,25.4,44.6,64.7,76.5
Fichte,15,246,09-03,10.4,14.2,20.2,25,44.7,64.7,77.4
Fichte,15,247,09-04,10.7,14.4,20.1,24.7,44.0,64.7,78.3
Fichte,15,248,09-05,11.0,14.6,20.1,24.3,43.4,64.8,79.1
Fichte,15,249,09-06,11.3,14.7,20.0,24,43.2,64.7,79.8
Fichte,15,250,09-07,11.3,14.5,19.9,23.9,43.1,64.5,80.6
Fichte,15,251,09-08,11.3,14.2,19.6,23.7,43.1,64.4,81.6
Fichte,15,252,09-09,11.3,14.0,19.1,23.8,43.4,64.2,82.8
Fichte,15,253,09-10,11.0,13.8,18.7,23.9,43.7,64.0,84.0
Fichte,15,254,09-11,10.7,13.5,18.3,23.9,44.0,63.8,85.1
Fichte,15,255,09-12,10.4,13.4,18.2,24.3,44.1,63.6,86.0
Fichte,15,256,09-13,10.1,13.4,18.1,24.8,44.6,63.5,86.9
Fichte,15,257,09-14,9.8,13.3,18.0,25.2,46.2,64.6,87.9
Fichte,15,258,09-15,9.3,13.2,17.9,25.7,47.5,64.9,88.7
Fichte,15,259,09-16,8.8,13.0,17.9,26.1,48.8,65.3,89.5
Fichte,15,260,09-17,8.4,12.8,18.0,26.6,50.1,65.8,90.1
Fichte,15,261,09-18,7.9,12.7,18.0,27.1,51.4,66.3,89.7
Fichte,15,262,09-19,7.5,12.4,18.1,27.5,51.4,66.6,89.0
Fichte,15,263,09-20,7.1,12.1,18.0,27.9,51.5,66.8,88.4
Fichte,15,264,09-21,6.7,11.8,18.0,28.2,51.6,67.0,87.8
Fichte,15,265,09-22,6.2,11.6,17.9,28.5,52.1,67.0,86.5
Fichte,15,266,09-23,5.7,11.4,17.9,28.9,52.6,67.4,85.8
Fichte,15,267,09-24,5.1,11.3,17.8,29.4,54.1,67.7,85.1
Fichte,15,268,09-25,4.6,11.1,17.8,29.9,55.5,68.4,84.9
Fichte,15,269,09-26,4.1,11.0,17.8,30.3,56.5,69.1,84.8
Fichte,15,270,09-27,3.8,10.8,17.9,30.7,57.4,69.6,84.7
Fichte,15,271,09-28,3.5,10.7,18.1,31.2,58.2,70.5,84.5
Fichte,15,272,09-29,3.3,10.5,18.3,31.5,58.6,71.6,84.1
Fichte,15,273,09-30,3.2,10.4,18.5,31.9,59.0,72.6,83.9
Fichte,15,274,10-01,3.2,10.5,18.6,32.3,59.6,73.6,83.9
Fichte,15,275,10-02,3.2,10.3,18.5,32.2,60.2,74.5,84.0
Fichte,15,276,10-03,3.2,10.2,18.4,32.2,60.6,75.3,84.1
Fichte,15,277,10-04,3.2,10.1,18.3,32.1,60.3,75.9,84.2
Fichte,15,278,10-05,3.3,9.9,18.1,32.1,59.4,76.5,84.9
Fichte,15,279,10-06,3.4,9.7,17.9,32.1,58.5,77.3,85.9
Fichte,15,280,10-07,3.5,9.5,17.7,32.1,57.6,77.8,86.8
Fichte,15,281,10-08,3.7,9.3,17.6,32.1,56.7,78.2,87.7
Fichte,15,282,10-09,3.9,9.6,17.4,32.1,55.8,78.6,88.6
Fichte,15,283,10-10,4.3,9.9,17.8,32.2,54.9,79.1,89.5
Fichte,15,284,10-11,4.8,10.1,18.1,32.3,55.7,80.0,90.4
Fichte,15,285,10-12,5.4,10.5,18.5,32.6,56.1,81.3,91.6
Fichte,15,286,10-13,6.0,10.8,18.9,32.8,56.5,82.3,92.1
Fichte,15,287,10-14,6.7,11.2,19.3,33,57.0,83.4,92.6
Fichte,15,288,10-15,7.5,11.8,19.7,33.2,57.7,83.9,92.9
Fichte,15,289,10-16,8.3,12.6,20.2,33.1,58.6,84.5,93.1
Fichte,15,290,10-17,8.9,13.4,20.5,32.9,59.8,85.2,93.3
Fichte,15,291,10-18,9.5,14.2,20.9,32.8,61.0,85.5,93.5
Fichte,15,292,10-19,10.0,15.0,21.3,32.7,62.1,85.7,93.8
Fichte,15,293,10-20,10.5,15.7,21.8,32.8,63.2,85.8,93.8
Fichte,15,294,10-21,10.9,16.1,22.3,33.2,64.1,85.9,93.7
Fichte,15,295,10-22,11.4,16.5,22.7,33.6,65.0,85.9,93.7
Fichte,15,296,10-23,11.8,16.8,23.2,33.8,66.1,86.1,93.6
Fichte,15,297,10-24,12.3,17.1,23.7,34,66.1,86.2,93.5
Fichte,15,298,10-25,12.7,17.3,24.2,34.3,67.6,86.2,93.3
Fichte,15,299,10-26,13.2,17.6,24.6,34.7,69.1,85.9,92.8
Fichte,15,300,10-27,13.6,17.9,25.1,35.4,70.8,85.6,92.6
Fichte,15,301,10-28,14.0,18.3,25.6,36.2,72.5,85.5,92.8
Fichte,15,302,10-29,14.4,18.2,26.0,37.1,74.1,85.5,92.9
Fichte,15,303,10-30,14.6,18.2,26.2,38.1,75.8,85.6,93.2
Fichte,15,304,10-31,14.7,18.1,26.3,39.1,76.0,85.4,93.8
Fichte,15,305,11-01,14.7,18.1,26.5,40,76.1,84.8,94.3
Fichte,15,306,11-02,14.8,18.0,26.9,40.9,76.3,84.3,94.8
Fichte,15,307,11-03,14.6,17.9,27.2,41.8,76.6,83.9,95.3
Fichte,15,308,11-04,14.5,17.6,27.5,42.7,76.8,83.6,95.7
Fichte,15,309,11-05,14.4,17.1,27.9,43.8,76.9,83.6,96.1
Fichte,15,310,11-06,14.3,16.6,28.3,44.9,76.7,83.7,96.6
Fichte,15,311,11-07,14.2,16.1,28.6,45.9,76.4,84.1,97.0
Fichte,15,312,11-08,14.0,15.7,28.9,47,76.8,84.7,97.7
Fichte,15,313,11-09,13.8,15.3,29.1,47.8,77.5,85.3,98.2
Fichte,15,314,11-10,13.6,15.9,29.6,48.4,78.1,86.0,98.7
Fichte,15,315,11-11,13.4,16.5,30.1,49.5,78.8,86.7,99.3
Fichte,15,316,11-12,13.1,17.1,30.6,50.7,79.4,87.5,100.1
Fichte,15,317,11-13,12.9,17.8,31.2,52,81.0,88.3,101.2
Fichte,15,318,11-14,12.6,18.5,31.8,53.1,81.5,89.0,101.8
Fichte,15,319,11-15,12.3,19.3,32.4,54.1,82.0,89.7,102.4
Fichte,15,320,11-16,12.1,20.0,33.0,54.8,82.7,90.5,102.7
Fichte,15,321,11-17,11.8,20.8,33.7,55.6,83.5,91.2,102.8
Fichte,15,322,11-18,11.6,21.5,34.6,56.8,84.3,91.8,103.1
Fichte,15,323,11-19,11.3,22.2,35.4,58.1,85.2,92.8,103.2
Fichte,15,324,11-20,11.1,23.0,36.3,59.4,86.2,93.6,103.0
Fichte,15,325,11-21,10.8,23.7,37.1,60.3,87.1,94.3,102.8
Fichte,15,326,11-22,10.6,24.4,37.6,61.3,88.0,94.8,102.7
Fichte,15,327,11-23,10.3,25.2,38.1,62.1,88.7,95.3,102.6
Fichte,15,328,11-24,10.1,25.9,39.1,63.4,89.2,95.7,102.6
Fichte,15,329,11-25,10.2,26.7,40.1,64.7,89.7,96.0,102.5
Fichte,15,330,11-26,10.6,27.4,41.1,65.9,90.3,96.3,102.4
Fichte,15,331,11-27,11.5,28.4,42.1,67.1,91.0,96.3,102.5
Fichte,15,332,11-28,12.3,29.6,43.1,68.2,91.1,96.1,102.2
Fichte,15,333,11-29,13.2,30.9,44.2,69.5,91.0,96.0,102.1
Fichte,15,334,11-30,14.1,31.6,45.1,70.7,91.0,96.1,102.0
Fichte,15,335,12-01,15.1,32.2,46.0,71.5,91.0,96.1,102.0
Fichte,15,336,12-02,16.1,32.8,46.9,72.5,90.9,96.0,101.8
Fichte,15,337,12-03,17.1,33.5,48.0,73.6,90.9,96.0,101.6
Fichte,15,338,12-04,18.2,34.1,49.3,74.8,91.0,96.0,101.5
Fichte,15,339,12-05,19.2,34.7,50.8,76,91.3,96.1,101.6
Fichte,15,340,12-06,20.3,35.4,52.1,77,91.3,96.2,101.7
Fichte,15,341,12-07,21.4,36.1,53.5,77.9,91.3,96.2,101.9
Fichte,15,342,12-08,22.5,36.7,54.6,78.2,91.3,96.2,102.2
Fichte,15,343,12-09,23.6,37.4,55.7,78.4,91.3,95.9,102.0
Fichte,15,344,12-10,24.7,38.1,56.8,78.6,91.2,95.8,101.8
Fichte,15,345,12-11,25.8,38.7,58.2,79.3,91.2,95.9,101.7
Fichte,15,346,12-12,26.9,39.4,59.6,80.3,91.6,96.4,101.9
Fichte,15,347,12-13,28.1,40.1,61.0,81.2,92.1,97.0,102.5
Fichte,15,348,12-14,29.2,40.8,61.9,81.9,92.6,97.9,102.9
Fichte,15,349,12-15,30.0,41.5,62.8,82.8,92.9,98.3,103.1
Fichte,15,350,12-16,30.6,42.2,63.7,83.6,93.2,98.6,103.6
Fichte,15,351,12-17,30.7,42.6,64.6,84.4,93.4,99.2,104.1
Fichte,15,352,12-18,30.9,42.8,65.6,85.2,93.6,99.9,104.7
Fichte,15,353,12-19,31.0,42.9,66.5,85.8,93.8,100.2,105.2
Fichte,15,354,12-20,31.3,42.9,67.5,86.4,94.0,100.7,105.6
Fichte,15,355,12-21,31.5,42.8,68.6,86.8,94.3,101.1,106.2
Fichte,15,356,12-22,31.6,42.8,69.2,87,94.5,101.3,106.5
Fichte,15,357,12-23,31.7,42.8,69.8,87.3,94.8,101.5,106.5
Fichte,15,358,12-24,31.8,42.8,70.0,87.4,95.2,101.8,106.7
Fichte,15,359,12-25,31.9,42.8,70.1,87.6,95.3,101.8,106.8
Fichte,15,360,12-26,31.9,42.7,70.3,87.9,95.5,102.1,106.9
Fichte,15,361,12-27,32.0,42.7,70.5,88.3,95.8,102.6,106.9
Fichte,15,362,12-28,32.1,42.7,70.8,89,95.9,103.2,106.9
Fichte,15,363,12-29,32.3,42.7,71.1,89.8,96.2,103.9,107.5
Fichte,15,364,12-30,32.4,42.7,71.6,90.5,96.7,104.7,108.4
Fichte,15,365,12-31,32.5,42.6,71.8,91,97.1,105.6,
Fichte,30,1,01-01,27.5,33.8,85.8,94.3,102.8,109.6,113.4
Fichte,30,2,01-02,27.5,33.6,85.8,94.3,102.5,109.8,113.4
Fichte,30,3,01-03,27.7,33.3,85.8,94.4,102.4,109.8,113.7
Fichte,30,4,01-04,27.8,33.3,85.8,94.6,102.8,109.9,113.8
Fichte,30,5,01-05,27.9,33.6,85.7,94.7,102.9,109.9,113.8
Fichte,30,6,01-06,28.1,34.0,85.6,94.7,102.6,109.9,113.7
Fichte,30,7,01-07,28.2,34.4,85.5,94.7,102.4,109.9,113.5
Fichte,30,8,01-08,28.4,34.8,85.9,94.7,102.2,109.9,113.4
Fichte,30,9,01-09,28.5,35.3,86.1,94.8,101.9,109.8,113.2
Fichte,30,10,01-10,28.6,35.7,86.3,94.8,101.9,109.7,113.0
Fichte,30,11,01-11,29.0,36.6,86.8,94.9,102.1,109.7,112.9
Fichte,30,12,01-12,29.3,37.9,87.2,94.9,102.4,109.8,112.7
Fichte,30,13,01-13,29.5,39.8,87.7,94.7,102.5,109.7,112.4
Fichte,30,14,01-14,29.7,41.9,88.0,94.5,102.3,109.5,111.9
Fichte,30,15,01-15,29.9,44.2,88.0,94.3,101.8,109.2,111.6
Fichte,30,16,01-16,30.1,46.4,87.9,94,101.7,109.1,111.5
Fichte,30,17,01-17,30.3,48.6,87.9,94,101.5,108.9,111.3
Fichte,30,18,01-18,30.5,51.1,88.0,93.9,101.3,108.8,111.1
Fichte,30,19,01-19,30.7,53.5,88.0,93.9,101.1,108.4,110.8
Fichte,30,20,01-20,30.8,53.3,87.9,94,101.1,108.4,110.5
Fichte,30,21,01-21,31.0,55.7,88.0,94,101.3,108.2,110.3
Fichte,30,22,01-22,31.3,58.2,88.1,94.1,101.6,108.0,110.1
Fichte,30,23,01-23,31.5,61.1,88.2,94.2,101.8,108.1,109.9
Fichte,30,24,01-24,31.7,63.8,88.7,94.2,101.7,107.9,109.7
Fichte,30,25,01-25,32.0,66.3,89.2,94.2,101.7,107.8,109.6
Fichte,30,26,01-26,32.3,68.6,89.6,94.4,102.0,107.6,109.5
Fichte,30,27,01-27,32.7,70.9,90.1,94.5,102.2,107.4,109.4
Fichte,30,28,01-28,33.1,73.1,90.1,94.7,102.4,107.4,109.4
Fichte,30,29,01-29,33.6,75.2,90.2,94.7,102.7,107.3,109.3
Fichte,30,30,01-30,34.1,77.3,90.2,94.8,102.7,107.1,109.2
Fichte,30,31,01-31,34.7,79.4,90.3,94.9,102.7,107.0,109.1
Fichte,30,32,02-01,35.3,81.2,90.4,95.1,102.6,107.0,109.2
Fichte,30,33,02-02,35.9,82.4,90.7,95.4,102.7,107.0,109.3
Fichte,30,34,02-03,36.6,83.2,91.0,95.7,102.9,106.9,109.4
Fichte,30,35,02-04,37.2,84.0,91.0,96.1,103.3,106.9,109.6
Fichte,30,36,02-05,37.9,84.6,91.0,96.4,103.3,106.8,109.9
Fichte,30,37,02-06,38.5,85.2,91.1,96.7,103.3,106.7,110.2
Fichte,30,38,02-07,39.2,85.6,91.0,97,103.2,106.5,110.4
Fichte,30,39,02-08,39.9,86.0,91.0,97.2,103.3,106.4,110.6
Fichte,30,40,02-09,40.5,86.4,91.0,97.4,103.4,106.2,110.7
Fichte,30,41,02-10,41.2,86.9,91.1,97.5,103.2,105.9,110.8
Fichte,30,42,02-11,41.9,87.3,91.2,97.5,102.9,105.7,110.8
Fichte,30,43,02-12,42.5,87.3,91.2,97.4,102.5,105.5,110.6
Fichte,30,44,02-13,43.2,87.3,91.0,97.3,102.2,105.6,110.5
Fichte,30,45,02-14,43.8,87.4,90.9,97.3,102.1,105.6,110.4
Fichte,30,46,02-15,44.5,87.4,90.8,97.3,101.9,105.6,110.4
Fichte,30,47,02-16,45.2,87.4,90.7,97.2,101.8,105.6,110.3
Fichte,30,48,02-17,45.7,87.4,90.6,97.2,101.7,105.4,110.3
Fichte,30,49,02-18,46.4,87.2,90.4,97.2,101.7,105.5,110.4
Fichte,30,50,02-19,47.5,87.1,90.3,97.1,101.5,105.5,110.4
Fichte,30,51,02-20,48.9,86.8,90.1,97,101.1,105.4,110.2
Fichte,30,52,02-21,50.3,86.4,89.8,96.9,100.7,105.2,110.0
Fichte,30,53,02-22,51.6,86.1,89.4,96.5,100.4,105.0,109.7
Fichte,30,54,02-23,53.0,85.7,89.0,96.2,100.1,104.9,109.4
Fichte,30,55,02-24,54.3,85.4,88.8,95.9,99.9,104.6,109.4
Fichte,30,56,02-25,55.6,85.1,88.7,95.6,99.8,104.5,109.3
Fichte,30,57,02-26,57.1,84.8,88.6,95.3,99.8,104.6,108.7
Fichte,30,58,02-27,58.8,84.5,88.6,95.1,99.8,104.5,108.1
Fichte,30,59,02-28,60.5,84.4,88.5,94.9,99.7,104.6,107.7
Fichte,30,60,03-01,62.2,84.1,88.4,94.9,99.7,104.7,107.4
Fichte,30,61,03-02,64.0,83.9,88.2,94.9,99.6,104.7,107.1
Fichte,30,62,03-03,65.8,83.7,88.1,94.9,99.6,104.5,106.8
Fichte,30,63,03-04,67.4,83.6,88.2,95,99.7,104.3,106.7
Fichte,30,64,03-05,69.0,83.5,88.2,95,99.7,104.1,107.0
Fichte,30,65,03-06,70.4,83.3,88.2,94.9,99.6,103.8,107.1
Fichte,30,66,03-07,71.8,83.2,88.1,94.9,99.5,103.6,106.9
Fichte,30,67,03-08,73.1,83.1,88.1,94.7,99.4,103.4,106.6
Fichte,30,68,03-09,74.4,82.9,88.0,94.5,99.2,103.1,106.3
Fichte,30,69,03-10,75.5,82.8,88.1,94.3,99.1,102.8,106.0
Fichte,30,70,03-11,76.0,82.6,88.0,94.1,99.1,102.6,105.8
Fichte,30,71,03-12,76.1,82.2,88.1,93.9,99.1,102.6,105.6
Fichte,30,72,03-13,76.2,81.8,88.1,93.7,99.1,102.4,105.5
Fichte,30,73,03-14,76.2,81.3,88.0,93.5,99.0,102.3,105.3
Fichte,30,74,03-15,76.1,80.8,88.0,93.4,98.9,102.1,105.1
Fichte,30,75,03-16,75.9,80.3,87.9,93.1,98.6,102.0,104.5
Fichte,30,76,03-17,75.6,79.8,87.8,92.8,98.2,101.8,104.0
Fichte,30,77,03-18,75.1,79.2,87.7,92.7,97.8,101.4,103.8
Fichte,30,78,03-19,74.4,79.2,87.5,92.5,97.3,101.2,103.5
Fichte,30,79,03-20,73.7,78.7,87.2,92.2,97.1,100.9,103.2
Fichte,30,80,03-21,72.9,78.3,86.8,91.6,97.0,100.6,102.9
Fichte,30,81,03-22,71.9,77.9,86.4,91,96.9,100.4,102.8
Fichte,30,82,03-23,70.9,77.3,85.9,90.4,96.8,100.4,103.1
Fichte,30,83,03-24,69.8,76.7,85.1,89.8,96.6,100.2,103.5
Fichte,30,84,03-25,68.7,76.1,84.2,89.2,96.4,99.9,103.6
Fichte,30,85,03-26,67.5,75.4,83.4,88.5,96.3,99.6,103.8
Fichte,30,86,03-27,66.3,74.8,82.5,87.8,96.1,99.3,104.2
Fichte,30,87,03-28,65.0,74.1,81.7,87.2,95.9,99.0,104.6
Fichte,30,88,03-29,63.7,73.4,80.9,86.7,95.6,98.7,104.8
Fichte,30,89,03-30,62.3,72.8,80.1,86.1,95.4,99.0,106.6
Fichte,30,90,03-31,60.9,72.1,79.2,85.6,95.1,99.3,108.1
Fichte,30,91,04-01,59.3,71.5,78.3,85.1,94.9,99.4,109.5
Fichte,30,92,04-02,57.8,70.9,77.4,84.5,94.7,99.5,110.8
Fichte,30,93,04-03,56.2,70.3,76.5,83.9,94.4,99.6,112.0
Fichte,30,94,04-04,54.6,69.7,75.8,83.2,94.2,99.7,113.1
Fichte,30,95,04-05,53.0,69.0,75.0,82.6,94.0,99.7,114.1
Fichte,30,96,04-06,51.5,68.4,74.1,81.9,93.8,99.5,115.1
Fichte,30,97,04-07,50.0,67.8,73.1,81.2,93.9,99.5,116.0
Fichte,30,98,04-08,48.4,66.6,72.0,80.5,93.9,99.6,116.9
Fichte,30,99,04-09,46.8,65.7,71.0,79.7,93.7,99.5,117.7
Fichte,30,100,04-10,45.3,64.7,69.8,78.9,93.4,99.3,118.4
Fichte,30,101,04-11,43.9,63.7,68.7,78.2,92.8,99.2,119.0
Fichte,30,102,04-12,42.6,62.7,67.5,77.7,92.3,98.8,119.0
Fichte,30,103,04-13,41.3,61.6,66.4,77.2,91.8,98.4,118.8
Fichte,30,104,04-14,40.1,60.4,65.3,76.7,91.3,98.1,118.5
Fichte,30,105,04-15,39.0,59.2,64.2,76.1,90.8,97.9,118.2
Fichte,30,106,04-16,37.9,58.0,63.2,75.4,90.3,97.7,118.5
Fichte,30,107,04-17,36.9,56.7,62.5,74.7,89.9,97.5,118.9
Fichte,30,108,04-18,36.1,55.5,61.6,73.9,89.5,97.3,119.4
Fichte,30,109,04-19,35.4,54.3,60.8,73.2,89.0,96.5,118.3
Fichte,30,110,04-20,34.8,53.1,60.0,72.4,88.6,95.6,117.5
Fichte,30,111,04-21,34.3,52.0,59.2,71.9,88.1,94.8,116.8
Fichte,30,112,04-22,33.9,50.9,58.3,71.6,88.0,94.4,116.2
Fichte,30,113,04-23,33.6,49.9,57.4,71.5,87.9,94.5,115.7
Fichte,30,114,04-24,33.3,48.9,56.7,71.4,88.0,95.2,115.3
Fichte,30,115,04-25,33.2,47.9,56.0,71.4,88.2,95.7,114.9
Fichte,30,116,04-26,33.1,46.9,55.4,71.4,88.5,96.2,114.6
Fichte,30,117,04-27,33.1,45.9,54.9,71.7,88.5,96.5,114.3
Fichte,30,118,04-28,33.1,44.8,54.4,72,88.5,96.7,114.0
Fichte,30,119,04-29,33.0,43.7,54.0,72.3,88.6,97.0,113.7
Fichte,30,120,04-30,32.9,42.6,53.6,72.5,89.0,97.2,113.4
Fichte,30,121,05-01,32.8,41.5,53.2,72.8,89.5,97.4,113.2
Fichte,30,122,05-02,32.7,40.4,53.1,72.8,90.0,97.6,113.0
Fichte,30,123,05-03,32.6,39.5,53.0,72.8,90.4,97.7,112.7
Fichte,30,124,05-04,32.5,38.8,52.8,72.8,90.8,97.9,112.5
Fichte,30,125,05-05,32.5,38.2,52.7,72.9,91.0,98.0,112.1
Fichte,30,126,05-06,32.4,37.7,52.5,73.1,91.3,98.3,111.4
Fichte,30,127,05-07,32.4,37.2,52.1,73.2,91.7,98.8,110.7
Fichte,30,128,05-08,32.2,36.8,51.8,73.4,92.1,99.3,110.1
Fichte,30,129,05-09,32.1,36.5,51.5,73.6,92.5,99.7,109.3
Fichte,30,130,05-10,32.0,36.2,51.3,73.9,92.9,100.2,108.4
Fichte,30,131,05-11,31.8,35.8,51.1,74,93.3,100.5,107.6
Fichte,30,132,05-12,31.6,35.5,51.1,73.8,93.3,100.6,107.1
Fichte,30,133,05-13,31.4,35.2,51.2,73.5,93.4,100.1,106.9
Fichte,30,134,05-14,31.2,34.9,51.0,73,93.0,99.1,106.8
Fichte,30,135,05-15,30.9,34.7,50.8,72.5,92.5,98.2,106.4
Fichte,30,136,05-16,30.6,34.5,50.6,71.9,92.0,97.5,106.0
Fichte,30,137,05-17,30.3,34.4,50.5,71.1,91.3,96.8,105.4
Fichte,30,138,05-18,29.9,34.2,50.3,70.5,90.7,96.2,104.8
Fichte,30,139,05-19,29.5,34.1,50.2,69.9,90.0,95.6,104.1
Fichte,30,140,05-20,29.0,34.0,50.0,69.6,89.5,95.0,103.5
Fichte,30,141,05-21,28.6,33.8,49.8,69.3,88.9,94.6,102.8
Fichte,30,142,05-22,28.1,33.6,49.5,69.1,88.5,94.4,102.7
Fichte,30,143,05-23,27.5,33.2,49.3,68.9,88.1,94.4,102.7
Fichte,30,144,05-24,27.0,32.8,49.3,68.5,87.7,94.8,102.7
Fichte,30,145,05-25,26.6,32.3,49.2,68,87.2,95.0,102.7
Fichte,30,146,05-26,26.3,31.7,49.0,67.6,86.7,95.2,102.7
Fichte,30,147,05-27,26.0,31.2,48.9,67.1,86.0,95.2,102.5
Fichte,30,148,05-28,25.7,30.9,49.0,66.7,85.2,95.0,102.2
Fichte,30,149,05-29,25.4,30.6,49.1,66.3,84.4,95.0,102.2
Fichte,30,150,05-30,25.1,30.4,49.1,65.9,84.0,95.0,102.6
Fichte,30,151,05-31,24.8,30.3,49.0,65.6,83.8,95.1,102.7
Fichte,30,152,06-01,24.4,30.2,48.8,65.8,83.7,95.2,102.4
Fichte,30,153,06-02,24.0,30.0,48.7,66,83.7,95.3,101.7
Fichte,30,154,06-03,23.7,29.8,48.4,66.3,83.8,95.4,101.3
Fichte,30,155,06-04,23.3,29.6,48.1,66.6,83.8,95.5,101.1
Fichte,30,156,06-05,22.8,29.5,47.7,66.8,83.8,95.5,100.9
Fichte,30,157,06-06,22.4,29.4,47.2,66.9,83.8,95.6,100.7
Fichte,30,158,06-07,22.0,29.4,47.3,66.8,83.7,95.6,100.6
Fichte,30,159,06-08,21.6,29.4,47.4,66.6,83.6,95.5,100.6
Fichte,30,160,06-09,21.2,29.4,47.4,66.1,83.0,95.4,100.6
Fichte,30,161,06-10,20.8,29.5,47.5,65.6,82.4,95.1,100.6
Fichte,30,162,06-11,20.4,29.5,47.5,65,81.6,94.7,100.0
Fichte,30,163,06-12,20.0,29.5,47.2,64.3,80.9,94.1,99.4
Fichte,30,164,06-13,19.6,29.6,46.8,63.8,79.8,92.5,98.3
Fichte,30,165,06-14,18.9,29.6,46.3,63.3,79.1,91.2,97.2
Fichte,30,166,06-15,18.2,29.6,45.8,62.8,78.4,89.9,96.2
Fichte,30,167,06-16,17.4,29.5,45.1,62.2,77.6,88.5,95.1
Fichte,30,168,06-17,16.6,29.2,44.1,61.5,76.9,87.1,94.0
Fichte,30,169,06-18,15.9,28.8,43.0,60.8,76.1,86.0,93.1
Fichte,30,170,06-19,15.1,28.4,42.1,60.3,75.6,84.9,93.1
Fichte,30,171,06-20,14.4,27.9,41.3,59.7,75.0,84.0,93.3
Fichte,30,172,06-21,13.7,27.3,40.1,58.4,74.2,83.6,93.4
Fichte,30,173,06-22,13.0,26.8,39.1,57.3,73.2,83.3,93.3
Fichte,30,174,06-23,12.4,26.3,38.1,56,72.3,83.2,92.9
Fichte,30,175,06-24,11.8,25.7,37.1,54.6,71.3,83.0,92.7
Fichte,30,176,06-25,11.3,25.2,36.1,53.2,70.2,83.1,92.4
Fichte,30,177,06-26,10.8,24.5,35.2,51.8,69.0,83.1,92.2
Fichte,30,178,06-27,10.5,23.7,33.7,50.8,68.1,83.2,92.0
Fichte,30,179,06-28,10.5,23.0,32.2,50,67.1,83.2,91.8
Fichte,30,180,06-29,10.5,22.3,30.8,49.2,66.1,83.3,92.0
Fichte,30,181,06-30,10.5,21.5,29.5,48.4,65.1,83.4,92.0
Fichte,30,182,07-01,10.6,20.9,28.3,47.6,64.2,83.6,92.0
Fichte,30,183,07-02,10.7,20.3,27.3,46.8,63.6,83.6,91.8
Fichte,30,184,07-03,10.8,19.6,26.3,45.8,63.5,84.3,93.1
Fichte,30,185,07-04,10.9,19.1,25.4,45,63.2,84.8,94.1
Fichte,30,186,07-05,11.1,18.5,24.6,44.2,63.0,85.3,95.0
Fichte,30,187,07-06,11.3,17.9,23.7,43.3,62.9,86.0,95.8
Fichte,30,188,07-07,11.4,17.4,23.0,42.4,62.9,86.4,96.6
Fichte,30,189,07-08,11.5,16.9,22.3,41.5,62.8,86.8,96.9
Fichte,30,190,07-09,11.6,16.4,21.5,40.3,61.9,87.0,95.8
Fichte,30,191,07-10,11.6,15.9,20.7,39,61.0,87.1,94.7
Fichte,30,192,07-11,11.6,15.4,20.3,37.7,60.2,86.5,93.7
Fichte,30,193,07-12,11.6,14.9,19.7,36.6,59.4,85.6,93.2
Fichte,30,194,07-13,11.6,14.5,19.2,35.6,58.7,84.5,93.5
Fichte,30,195,07-14,11.7,14.1,18.9,34.8,58.1,83.4,93.7
Fichte,30,196,07-15,11.8,13.7,18.5,34,57.6,82.0,94.0
Fichte,30,197,07-16,11.9,13.3,18.2,33.3,57.2,80.6,94.9
Fichte,30,198,07-17,11.8,13.0,17.9,32.3,56.7,79.0,95.8
Fichte,30,199,07-18,11.5,12.8,17.6,31.2,56.3,77.5,96.5
Fichte,30,200,07-19,11.3,12.7,17.3,30.3,56.4,77.4,97.4
Fichte,30,201,07-20,11.0,12.5,17.1,29.5,56.5,78.2,98.1
Fichte,30,202,07-21,10.7,12.4,16.9,29,56.6,78.8,98.8
Fichte,30,203,07-22,10.5,12.3,16.4,28.6,56.5,79.3,99.5
Fichte,30,204,07-23,10.3,12.1,16.1,28.2,56.1,79.9,99.0
Fichte,30,205,07-24,10.1,12.0,15.9,27.6,55.6,80.3,98.8
Fichte,30,206,07-25,10.0,12.0,15.7,27.1,55.3,80.6,98.6
Fichte,30,207,07-26,9.9,11.9,15.6,26.6,54.9,80.8,98.5
Fichte,30,208,07-27,9.8,11.9,15.4,26.4,53.8,81.1,98.4
Fichte,30,209,07-28,9.7,11.9,15.2,26.2,52.8,81.1,98.4
Fichte,30,210,07-29,9.7,11.8,15.1,26.5,52.6,81.5,99.1
Fichte,30,211,07-30,9.7,11.8,14.9,26.8,52.4,81.7,99.7
Fichte,30,212,07-31,9.7,11.8,14.6,27.2,52.2,82.0,100.3
Fichte,30,213,08-01,9.8,11.8,14.4,27.5,52.0,82.5,100.5
Fichte,30,214,08-02,9.8,11.8,14.3,27.6,51.7,83.0,99.6
Fichte,30,215,08-03,9.8,11.7,14.1,27.9,51.3,83.6,98.7
Fichte,30,216,08-04,9.8,11.7,14.0,28.1,50.9,84.2,97.7
Fichte,30,217,08-05,9.6,11.6,14.2,28.4,50.5,84.9,96.0
Fichte,30,218,08-06,9.5,11.6,14.5,28.5,50.4,85.6,94.8
Fichte,30,219,08-07,9.4,11.4,14.7,28.7,50.1,86.3,93.5
Fichte,30,220,08-08,9.2,11.2,15.0,28.7,49.3,85.9,92.2
Fichte,30,221,08-09,9.1,10.9,15.2,28.7,48.3,84.6,91.3
Fichte,30,222,08-10,8.9,10.7,15.4,28.3,47.2,83.3,90.3
Fichte,30,223,08-11,8.8,10.5,15.7,28,46.1,81.9,89.4
Fichte,30,224,08-12,8.6,10.3,15.8,27.7,45.0,80.6,88.5
Fichte,30,225,08-13,8.5,10.2,15.8,27.5,44.1,79.2,88.2
Fichte,30,226,08-14,8.2,9.9,15.8,27.2,43.0,77.8,88.4
Fichte,30,227,08-15,7.9,9.6,15.8,26.9,41.8,76.5,88.5
Fichte,30,228,08-16,7.6,9.4,15.8,26.5,41.5,75.3,88.5
Fichte,30,229,08-17,7.4,9.1,15.8,26,41.1,74.9,88.6
Fichte,30,230,08-18,7.3,9.0,15.9,25.3,39.9,74.3,88.0
Fichte,30,231,08-19,7.3,9.0,16.0,24.5,38.8,73.8,87.5
Fichte,30,232,08-20,7.1,8.9,16.0,23.8,37.7,73.3,87.1
Fichte,30,233,08-21,7.1,9.0,16.1,23.2,37.1,73.2,86.8
Fichte,30,234,08-22,7.1,9.0,16.0,22.7,36.5,73.1,86.8
Fichte,30,235,08-23,7.2,9.0,15.9,22.1,35.8,73.2,86.9
Fichte,30,236,08-24,7.2,9.0,15.8,21.5,35.0,73.3,87.1
Fichte,30,237,08-25,7.2,9.0,15.4,20.9,34.1,71.7,87.4
Fichte,30,238,08-26,7.2,9.0,15.0,20.4,32.9,71.8,87.4
Fichte,30,239,08-27,7.2,9.0,14.6,19.9,31.9,71.9,87.4
Fichte,30,240,08-28,7.2,9.0,14.1,19.3,31.0,71.6,86.8
Fichte,30,241,08-29,7.3,9.0,13.7,18.7,30.3,71.7,86.6
Fichte,30,242,08-30,7.3,8.9,13.2,18.3,32.0,72.7,86.9
Fichte,30,243,08-31,7.3,8.9,12.8,17.8,33.8,73.6,87.2
Fichte,30,244,09-01,7.3,8.8,12.4,17.5,35.3,74.6,87.6
Fichte,30,245,09-02,7.4,8.8,12.0,17.2,36.6,75.6,87.8
Fichte,30,246,09-03,7.4,8.7,11.7,16.9,38.0,76.6,87.8
Fichte,30,247,09-04,7.5,8.7,11.3,16.6,37.4,77.8,87.8
Fichte,30,248,09-05,7.6,8.7,11.0,16.4,36.7,78.8,87.9
Fichte,30,249,09-06,7.6,8.6,10.8,16.2,36.3,79.1,88.1
Fichte,30,250,09-07,7.6,8.6,10.6,16,36.0,79.2,88.4
Fichte,30,251,09-08,7.5,8.4,10.5,15.7,35.9,79.3,88.8
Fichte,30,252,09-09,7.5,8.3,10.3,15.5,37.0,79.4,89.3
Fichte,30,253,09-10,7.3,8.1,10.0,15.1,37.7,79.2,89.9
Fichte,30,254,09-11,7.1,8.0,9.8,14.7,38.3,79.0,90.3
Fichte,30,255,09-12,7.0,7.8,9.6,15,39.2,79.3,90.7
Fichte,30,256,09-13,6.8,7.6,9.5,15.2,40.6,79.6,91.1
Fichte,30,257,09-14,6.7,7.5,9.3,15.5,42.4,81.5,91.5
Fichte,30,258,09-15,6.6,7.4,9.1,15.6,44.2,81.8,91.8
Fichte,30,259,09-16,6.4,7.3,9.0,15.8,46.0,82.1,92.1
Fichte,30,260,09-17,6.3,7.3,9.0,16,47.9,82.3,92.5
Fichte,30,261,09-18,6.2,7.2,9.0,16.2,49.8,82.3,92.5
Fichte,30,262,09-19,6.0,7.1,9.0,16.4,49.2,81.5,92.2
Fichte,30,263,09-20,5.9,7.1,8.9,16.7,48.8,80.7,91.9
Fichte,30,264,09-21,5.7,7.0,8.9,16.8,48.6,80.0,91.6
Fichte,30,265,09-22,5.5,7.0,8.9,16.9,48.6,79.5,90.9
Fichte,30,266,09-23,5.4,6.9,8.8,17.1,49.0,79.0,90.1
Fichte,30,267,09-24,5.2,6.9,8.8,17.4,51.3,78.5,89.3
Fichte,30,268,09-25,5.0,6.8,8.7,17.8,53.6,78.0,88.8
Fichte,30,269,09-26,4.8,6.7,8.6,18.2,55.7,77.6,88.8
Fichte,30,270,09-27,4.7,6.6,8.4,18.6,57.6,77.4,88.7
Fichte,30,271,09-28,4.6,6.5,8.3,19.1,59.2,77.7,88.7
Fichte,30,272,09-29,4.5,6.4,8.1,19.6,59.6,78.5,88.6
Fichte,30,273,09-30,4.4,6.3,8.0,20.1,59.9,79.4,88.6
Fichte,30,274,10-01,4.3,6.2,8.0,20.6,60.4,80.0,88.6
Fichte,30,275,10-02,4.2,6.1,8.0,20.5,60.9,80.1,88.7
Fichte,30,276,10-03,4.2,6.0,8.1,20.4,61.2,80.2,88.8
Fichte,30,277,10-04,4.1,6.0,8.2,20.3,61.0,80.4,89.0
Fichte,30,278,10-05,4.0,5.9,8.3,20.3,60.6,80.5,89.4
Fichte,30,279,10-06,4.0,5.7,8.3,20.2,60.2,80.8,90.2
Fichte,30,280,10-07,4.0,5.6,8.3,20.2,59.7,81.0,91.0
Fichte,30,281,10-08,4.0,5.5,8.2,20.1,59.2,81.3,91.7
Fichte,30,282,10-09,4.0,5.5,8.3,20.1,58.6,81.7,92.4
Fichte,30,283,10-10,4.1,5.5,8.7,20.2,58.1,82.2,93.1
Fichte,30,284,10-11,4.2,5.4,9.0,20.9,58.3,83.0,93.8
Fichte,30,285,10-12,4.3,5.5,9.3,21.3,58.7,83.8,94.5
Fichte,30,286,10-13,4.5,5.5,9.5,21.7,59.1,84.7,95.2
Fichte,30,287,10-14,4.6,5.6,9.8,22,59.5,85.5,96.0
Fichte,30,288,10-15,4.8,5.8,10.2,22.2,60.1,86.4,96.5
Fichte,30,289,10-16,4.9,6.1,10.7,22.4,60.8,87.2,96.6
Fichte,30,290,10-17,5.0,6.5,11.1,22.8,61.5,88.0,96.7
Fichte,30,291,10-18,5.1,6.8,11.6,23.2,62.3,88.2,96.8
Fichte,30,292,10-19,5.1,7.1,12.1,23.7,63.1,88.0,96.9
Fichte,30,293,10-20,5.1,7.5,12.6,24,63.8,87.8,97.1
Fichte,30,294,10-21,5.1,7.9,13.1,24.3,64.5,87.7,97.1
Fichte,30,295,10-22,5.1,8.2,13.5,24.5,65.1,87.6,97.2
Fichte,30,296,10-23,5.2,8.6,13.8,24.6,65.7,87.4,97.2
Fichte,30,297,10-24,5.2,9.0,14.2,24.7,66.1,86.8,96.7
Fichte,30,298,10-25,5.2,9.4,14.6,24.9,67.1,86.6,96.6
Fichte,30,299,10-26,5.2,9.8,14.9,25.2,68.3,86.7,96.2
Fichte,30,300,10-27,5.3,10.2,15.4,25.5,69.4,87.2,95.9
Fichte,30,301,10-28,5.3,10.6,15.8,25.9,70.7,87.7,95.8
Fichte,30,302,10-29,5.3,11.0,16.1,26.3,71.9,88.1,95.7
Fichte,30,303,10-30,5.2,11.4,16.1,27,73.2,88.6,95.6
Fichte,30,304,10-31,5.2,11.8,16.3,27.5,73.6,88.6,95.9
Fichte,30,305,11-01,5.2,12.2,16.5,28.2,73.6,88.6,96.4
Fichte,30,306,11-02,5.1,12.7,16.7,28.9,73.4,88.6,96.8
Fichte,30,307,11-03,5.1,13.2,17.0,29.9,73.2,89.0,97.1
Fichte,30,308,11-04,5.0,13.5,17.2,31.1,73.1,89.4,97.5
Fichte,30,309,11-05,5.0,13.7,17.3,32.4,73.2,89.9,97.9
Fichte,30,310,11-06,4.9,13.9,17.5,33.6,73.6,90.6,98.7
Fichte,30,311,11-07,4.9,14.2,17.7,34.7,74.0,91.2,99.4
Fichte,30,312,11-08,4.8,14.3,17.7,35.7,74.6,91.9,100.1
Fichte,30,313,11-09,4.8,14.5,17.8,37,75.3,92.5,100.7
Fichte,30,314,11-10,5.2,14.7,18.2,38.2,76.0,93.2,101.4
Fichte,30,315,11-11,5.6,14.8,18.5,40.3,76.6,94.0,101.9
Fichte,30,316,11-12,6.0,15.0,18.9,42.4,77.3,94.8,102.5
Fichte,30,317,11-13,6.4,15.2,19.3,44.6,78.1,96.3,103.6
Fichte,30,318,11-14,6.8,15.3,19.7,46.6,78.6,97.3,104.1
Fichte,30,319,11-15,7.1,15.5,20.2,48.8,79.0,98.1,104.5
Fichte,30,320,11-16,7.5,15.7,20.6,51.1,79.5,98.5,104.9
Fichte,30,321,11-17,7.8,15.8,21.1,53.4,80.0,98.9,105.3
Fichte,30,322,11-18,8.2,15.9,21.9,55.8,80.7,99.3,105.6
Fichte,30,323,11-19,8.5,16.0,22.7,57.7,81.4,99.9,106.0
Fichte,30,324,11-20,8.8,16.1,23.5,59.6,82.2,100.4,105.9
Fichte,30,325,11-21,9.2,16.2,24.1,61.5,83.1,100.9,105.7
Fichte,30,326,11-22,9.5,16.2,24.6,63.5,84.1,101.3,105.6
Fichte,30,327,11-23,9.8,16.1,25.1,65.1,85.1,101.3,105.5
Fichte,30,328,11-24,10.1,16.1,25.8,66.6,85.7,101.2,105.5
Fichte,30,329,11-25,10.6,16.1,26.7,68,86.0,101.2,105.4
Fichte,30,330,11-26,11.1,16.2,27.5,69.4,86.3,101.1,105.0
Fichte,30,331,11-27,11.7,16.8,28.6,70.8,86.8,101.0,104.7
Fichte,30,332,11-28,12.3,17.5,29.7,72.1,87.1,101.1,104.6
Fichte,30,333,11-29,13.0,18.1,31.0,73.4,87.5,101.1,104.6
Fichte,30,334,11-30,13.1,18.7,32.8,74.8,87.9,101.1,104.6
Fichte,30,335,12-01,13.2,19.3,34.9,75.5,88.3,101.1,104.5
Fichte,30,336,12-02,13.4,20.0,37.0,76.2,88.6,101.0,104.6
Fichte,30,337,12-03,13.6,20.6,39.1,76.9,89.2,100.8,104.6
Fichte,30,338,12-04,13.8,21.2,41.4,77.7,89.9,100.7,104.6
Fichte,30,339,12-05,14.0,21.8,43.6,78.4,90.5,100.8,104.7
Fichte,30,340,12-06,14.3,22.4,45.9,79,91.1,101.0,104.9
Fichte,30,341,12-07,14.5,23.0,48.2,79.4,91.8,101.2,105.0
Fichte,30,342,12-08,14.8,23.7,50.0,79.5,92.2,101.4,105.3
Fichte,30,343,12-09,15.1,24.3,51.8,79.7,92.6,101.4,105.2
Fichte,30,344,12-10,15.3,24.9,53.6,79.7,93.0,101.5,105.4
Fichte,30,345,12-11,15.6,25.6,55.9,79.8,93.3,101.8,105.7
Fichte,30,346,12-12,15.9,26.2,58.2,80.4,93.7,102.1,106.2
Fichte,30,347,12-13,16.2,26.8,60.5,81.3,94.1,102.5,106.6
Fichte,30,348,12-14,16.6,27.4,62.6,82,94.9,103.1,107.1
Fichte,30,349,12-15,16.8,28.1,64.6,82.7,95.6,103.3,107.5
Fichte,30,350,12-16,16.9,28.5,66.5,83.3,96.1,103.6,107.8
Fichte,30,351,12-17,17.1,28.5,68.2,84,96.4,103.9,108.2
Fichte,30,352,12-18,17.2,28.4,69.8,84.6,96.7,104.3,108.4
Fichte,30,353,12-19,17.3,28.4,71.3,85.1,96.9,104.5,108.5
Fichte,30,354,12-20,17.5,28.4,72.2,85.6,97.1,104.7,108.6
Fichte,30,355,12-21,17.9,28.4,72.9,86.2,97.5,104.9,108.8
Fichte,30,356,12-22,17.9,28.4,73.3,86.5,97.8,105.2,108.9
Fichte,30,357,12-23,18.0,28.4,73.6,86.8,97.9,105.4,109.0
Fichte,30,358,12-24,18.1,28.4,73.7,87.1,98.0,105.7,109.2
Fichte,30,359,12-25,18.2,28.3,73.9,87.5,98.2,105.8,109.3
Fichte,30,360,12-26,18.3,28.3,74.0,87.8,98.4,105.8,109.4
Fichte,30,361,12-27,18.3,28.3,74.0,88.2,98.4,105.9,109.5
Fichte,30,362,12-28,18.5,28.3,74.4,89,98.6,106.0,109.6
Fichte,30,363,12-29,18.6,28.3,74.8,89.9,98.8,106.2,109.9
Fichte,30,364,12-30,18.7,28.3,75.2,91,99.2,106.5,110.2
Fichte,30,365,12-31,18.9,28.2,75.4,92,99.4,106.5,
Fichte,60,1,01-01,21.3,29.3,84.6,94.3,100.2,103.5,113.2
Fichte,60,2,01-02,21.4,28.9,84.9,94.2,100.0,103.4,113.0
Fichte,60,3,01-03,21.4,28.6,85.2,94.4,100.0,103.4,112.6
Fichte,60,4,01-04,21.5,28.2,85.5,94.5,100.3,103.5,112.3
Fichte,60,5,01-05,21.6,28.0,85.9,94.6,100.3,103.5,111.9
Fichte,60,6,01-06,21.8,27.8,86.1,94.6,100.3,103.5,111.5
Fichte,60,7,01-07,22.0,27.7,86.4,94.6,100.3,103.6,111.3
Fichte,60,8,01-08,22.1,27.6,86.6,94.8,100.2,103.7,111.2
Fichte,60,9,01-09,22.3,27.7,86.8,94.9,100.4,103.8,111.1
Fichte,60,10,01-10,22.4,27.7,86.9,95,100.5,103.8,110.8
Fichte,60,11,01-11,22.7,28.0,87.3,95.2,100.7,103.9,111.0
Fichte,60,12,01-12,22.9,28.7,87.7,95.4,100.9,104.1,111.3
Fichte,60,13,01-13,23.1,30.0,88.0,95.6,100.9,104.1,111.4
Fichte,60,14,01-14,23.3,31.5,88.4,95.7,100.7,103.8,111.1
Fichte,60,15,01-15,23.5,33.0,88.7,95.8,100.6,103.5,110.8
Fichte,60,16,01-16,23.8,34.5,88.9,95.8,100.5,103.3,110.1
Fichte,60,17,01-17,24.0,36.1,89.1,95.9,100.6,103.3,109.4
Fichte,60,18,01-18,24.2,39.1,89.3,96,100.5,103.2,108.7
Fichte,60,19,01-19,24.4,42.1,89.5,96.2,100.5,103.3,107.3
Fichte,60,20,01-20,24.6,42.0,89.5,96.3,100.6,103.3,106.6
Fichte,60,21,01-21,24.8,45.0,89.6,96.4,100.6,103.5,106.2
Fichte,60,22,01-22,25.0,48.0,89.7,96.6,100.7,103.5,105.9
Fichte,60,23,01-23,25.3,51.1,89.8,96.6,100.7,103.5,105.7
Fichte,60,24,01-24,25.5,54.3,90.1,96.7,100.6,103.5,105.6
Fichte,60,25,01-25,25.6,57.5,90.3,96.8,100.6,103.5,105.5
Fichte,60,26,01-26,25.8,60.8,90.6,97,100.6,103.4,105.5
Fichte,60,27,01-27,25.9,64.1,90.8,97.1,100.6,103.3,105.3
Fichte,60,28,01-28,26.0,67.3,91.0,97.1,100.7,103.3,105.1
Fichte,60,29,01-29,26.2,70.5,91.3,97.1,100.5,103.1,104.8
Fichte,60,30,01-30,26.3,73.6,91.6,97,100.3,103.0,104.6
Fichte,60,31,01-31,26.4,76.6,91.8,96.9,100.2,102.9,104.5
Fichte,60,32,02-01,26.6,79.2,92.0,96.8,100.3,102.9,104.2
Fichte,60,33,02-02,26.7,81.4,92.3,96.8,100.3,102.9,104.4
Fichte,60,34,02-03,26.9,83.4,92.6,96.8,100.3,102.8,105.1
Fichte,60,35,02-04,27.1,85.1,92.9,96.9,100.2,102.9,105.9
Fichte,60,36,02-05,27.3,86.8,93.1,96.9,100.0,103.3,106.5
Fichte,60,37,02-06,27.5,88.4,93.4,97,99.9,103.7,107.0
Fichte,60,38,02-07,27.7,88.5,93.6,97,99.8,104.0,107.3
Fichte,60,39,02-08,28.0,88.7,93.8,97,99.8,104.2,107.5
Fichte,60,40,02-09,28.2,88.8,94.0,97,99.7,104.3,107.6
Fichte,60,41,02-10,28.5,88.9,94.1,97,99.7,104.3,107.7
Fichte,60,42,02-11,28.8,89.1,94.3,97,99.5,104.3,107.7
Fichte,60,43,02-12,29.0,89.1,94.4,97,99.3,104.3,107.8
Fichte,60,44,02-13,29.3,88.9,94.4,96.9,99.2,104.2,107.7
Fichte,60,45,02-14,29.6,88.8,94.3,96.8,99.1,104.2,107.6
Fichte,60,46,02-15,29.9,88.6,94.2,96.6,99.1,104.2,107.6
Fichte,60,47,02-16,30.2,88.4,94.1,96.5,99.1,104.1,107.5
Fichte,60,48,02-17,30.5,88.3,94.0,96.4,99.0,104.1,107.3
Fichte,60,49,02-18,30.9,88.0,93.9,96.3,99.1,104.0,107.3
Fichte,60,50,02-19,31.9,87.8,93.8,96.3,99.1,104.0,107.3
Fichte,60,51,02-20,33.5,87.5,93.7,96.2,99.1,103.9,107.1
Fichte,60,52,02-21,35.4,87.3,93.5,96.1,99.0,103.8,106.9
Fichte,60,53,02-22,37.4,86.9,93.4,95.9,98.8,103.7,106.4
Fichte,60,54,02-23,39.3,86.5,93.2,95.7,98.8,103.7,105.5
Fichte,60,55,02-24,41.2,86.3,93.1,95.5,98.8,103.4,104.7
Fichte,60,56,02-25,43.1,86.1,92.9,95.4,98.8,103.0,104.2
Fichte,60,57,02-26,45.1,86.0,92.7,95.3,98.8,102.6,103.6
Fichte,60,58,02-27,47.4,85.9,92.6,95.2,98.9,102.1,103.2
Fichte,60,59,02-28,49.9,85.8,92.4,95.1,98.9,101.8,102.8
Fichte,60,60,03-01,52.3,85.9,92.2,95,98.9,101.6,102.6
Fichte,60,61,03-02,54.7,86.0,92.1,94.9,98.9,101.4,102.4
Fichte,60,62,03-03,57.1,86.2,91.9,94.9,98.9,101.3,102.2
Fichte,60,63,03-04,59.4,86.3,91.8,94.8,99.0,101.2,102.2
Fichte,60,64,03-05,61.7,86.3,91.8,94.7,99.0,101.1,102.4
Fichte,60,65,03-06,64.0,86.4,91.7,94.7,99.1,101.1,102.5
Fichte,60,66,03-07,66.3,86.4,91.7,94.7,99.1,101.0,102.6
Fichte,60,67,03-08,68.5,86.4,91.6,94.6,99.0,100.9,102.5
Fichte,60,68,03-09,70.7,86.3,91.4,94.6,99.0,100.8,102.4
Fichte,60,69,03-10,72.8,86.3,91.4,94.6,98.8,100.7,102.3
Fichte,60,70,03-11,74.2,86.4,91.3,94.6,98.7,100.6,102.2
Fichte,60,71,03-12,75.0,86.4,91.2,94.6,98.6,100.5,102.1
Fichte,60,72,03-13,75.5,86.4,91.1,94.6,98.4,100.4,102.0
Fichte,60,73,03-14,75.9,86.3,91.0,94.6,98.3,100.4,101.9
Fichte,60,74,03-15,76.2,86.3,90.9,94.5,98.1,100.2,101.8
Fichte,60,75,03-16,76.5,86.3,90.7,94.5,97.8,100.1,101.6
Fichte,60,76,03-17,76.8,86.2,90.6,94.4,97.6,99.9,101.3
Fichte,60,77,03-18,77.0,86.1,90.5,94.3,97.4,99.7,101.1
Fichte,60,78,03-19,76.7,85.9,90.4,94.2,97.2,99.6,100.9
Fichte,60,79,03-20,76.1,85.6,90.0,94,97.0,99.4,100.8
Fichte,60,80,03-21,75.5,85.2,89.6,93.9,96.8,99.1,100.6
Fichte,60,81,03-22,74.8,84.5,89.2,93.7,96.6,98.8,100.5
Fichte,60,82,03-23,74.0,83.9,88.8,93.6,96.5,98.7,100.5
Fichte,60,83,03-24,73.2,83.1,88.4,93.4,96.3,98.6,100.4
Fichte,60,84,03-25,72.3,82.3,87.9,93.2,96.1,98.5,100.2
Fichte,60,85,03-26,71.4,81.3,87.4,93,95.8,98.4,100.1
Fichte,60,86,03-27,70.4,80.4,87.0,92.8,95.5,98.3,100.0
Fichte,60,87,03-28,69.3,79.3,86.6,92.5,95.3,98.2,100.0
Fichte,60,88,03-29,68.2,78.2,86.4,92.2,95.0,98.1,100.0
Fichte,60,89,03-30,67.0,77.1,86.2,91.9,94.8,98.1,100.8
Fichte,60,90,03-31,65.7,75.8,86.0,91.7,94.5,98.1,101.7
Fichte,60,91,04-01,64.4,74.5,85.8,91.4,94.3,98.1,102.6
Fichte,60,92,04-02,63.0,73.2,85.5,91.1,94.2,98.0,103.3
Fichte,60,93,04-03,61.6,71.8,85.1,90.9,94.1,97.9,104.0
Fichte,60,94,04-04,60.2,70.3,84.8,90.6,94.1,97.7,104.7
Fichte,60,95,04-05,58.7,68.8,84.4,90.3,94.0,97.6,105.3
Fichte,60,96,04-06,57.3,67.2,84.0,90,93.9,97.4,105.9
Fichte,60,97,04-07,55.8,65.7,83.5,89.8,93.8,97.5,106.4
Fichte,60,98,04-08,54.4,64.1,82.9,89.4,93.7,97.6,106.9
Fichte,60,99,04-09,53.1,62.5,82.7,89.1,93.5,97.8,107.4
Fichte,60,100,04-10,51.8,61.0,82.3,88.6,93.3,98.0,107.7
Fichte,60,101,04-11,50.5,59.5,81.9,88.2,93.1,98.2,107.9
Fichte,60,102,04-12,49.3,58.1,81.4,87.7,92.8,98.2,108.1
Fichte,60,103,04-13,48.2,56.7,80.9,87.2,92.6,98.1,108.1
Fichte,60,104,04-14,47.2,55.3,80.5,86.7,92.3,98.0,108.1
Fichte,60,105,04-15,46.1,54.0,80.1,86.2,92.0,98.0,108.1
Fichte,60,106,04-16,45.2,52.6,79.6,85.7,91.7,97.9,108.1
Fichte,60,107,04-17,44.3,51.4,79.1,85.2,91.4,97.8,108.4
Fichte,60,108,04-18,43.5,50.3,78.3,84.7,91.1,97.8,108.7
Fichte,60,109,04-19,42.7,49.4,77.5,84.1,90.8,97.7,108.2
Fichte,60,110,04-20,42.0,48.6,76.7,83.5,90.6,97.5,107.6
Fichte,60,111,04-21,41.4,48.3,75.9,82.8,90.3,97.4,107.2
Fichte,60,112,04-22,40.8,48.3,75.0,82.3,90.0,97.4,106.7
Fichte,60,113,04-23,40.3,48.4,74.2,81.7,89.8,97.8,106.4
Fichte,60,114,04-24,39.8,48.6,73.3,81.1,89.9,98.2,106.1
Fichte,60,115,04-25,39.4,48.8,72.6,80.5,89.9,98.5,105.8
Fichte,60,116,04-26,39.0,49.0,71.8,80,90.0,98.8,105.5
Fichte,60,117,04-27,38.7,49.2,71.1,79.7,90.2,98.9,105.3
Fichte,60,118,04-28,38.3,49.5,70.4,79.5,90.4,98.8,105.1
Fichte,60,119,04-29,38.0,49.7,69.7,79,90.6,98.6,104.9
Fichte,60,120,04-30,37.7,49.9,69.1,78.5,90.8,98.4,104.7
Fichte,60,121,05-01,37.4,50.1,68.5,78.1,91.1,98.2,104.6
Fichte,60,122,05-02,37.0,50.4,68.0,77.6,91.3,98.1,104.4
Fichte,60,123,05-03,36.7,50.6,67.4,77.2,91.4,97.9,104.2
Fichte,60,124,05-04,36.4,51.0,66.7,76.8,91.6,97.7,104.1
Fichte,60,125,05-05,36.1,51.4,66.1,76.3,91.7,97.5,103.9
Fichte,60,126,05-06,35.9,51.8,65.4,75.8,91.9,97.3,103.6
Fichte,60,127,05-07,35.6,52.2,64.7,75.4,92.1,97.4,103.2
Fichte,60,128,05-08,35.3,52.5,64.1,74.9,92.4,97.4,103.1
Fichte,60,129,05-09,35.0,52.7,63.5,74.5,92.6,97.4,102.8
Fichte,60,130,05-10,34.7,52.9,63.0,74.1,92.8,97.4,102.5
Fichte,60,131,05-11,34.4,52.5,62.5,73.7,93.1,97.3,102.1
Fichte,60,132,05-12,34.1,52.0,62.1,73.4,93.3,97.3,101.9
Fichte,60,133,05-13,33.8,51.3,61.8,73.5,93.3,96.7,102.0
Fichte,60,134,05-14,33.5,50.7,61.4,72.9,93.1,96.3,102.3
Fichte,60,135,05-15,33.2,50.2,61.0,72.2,92.9,95.8,102.4
Fichte,60,136,05-16,32.9,49.6,60.7,71.5,92.7,95.4,102.4
Fichte,60,137,05-17,32.5,49.1,60.4,70.9,92.4,95.1,102.3
Fichte,60,138,05-18,32.1,48.6,60.1,70.5,92.0,94.7,102.2
Fichte,60,139,05-19,31.7,48.1,59.7,70.3,91.7,94.4,102.0
Fichte,60,140,05-20,31.3,47.6,59.3,70.2,91.4,94.1,101.8
Fichte,60,141,05-21,30.9,47.1,59.0,70.3,91.1,93.8,101.6
Fichte,60,142,05-22,30.4,46.6,58.6,70.8,91.0,93.7,101.3
Fichte,60,143,05-23,30.0,46.1,58.1,71.4,90.9,93.8,101.3
Fichte,60,144,05-24,29.6,45.6,57.6,71.8,90.9,93.9,101.3
Fichte,60,145,05-25,29.2,45.0,57.1,72.2,90.8,94.0,101.5
Fichte,60,146,05-26,28.8,44.5,56.6,72.5,90.7,94.4,101.7
Fichte,60,147,05-27,28.4,43.9,56.1,72.8,90.4,94.5,101.9
Fichte,60,148,05-28,28.1,43.4,55.7,73.1,90.1,94.6,101.8
Fichte,60,149,05-29,27.8,42.9,55.2,73.3,89.8,94.6,101.8
Fichte,60,150,05-30,27.4,42.5,54.8,73.5,89.5,94.6,102.2
Fichte,60,151,05-31,27.1,42.1,54.3,73.7,89.4,94.6,102.4
Fichte,60,152,06-01,26.7,41.7,53.7,73.9,89.4,94.6,102.4
Fichte,60,153,06-02,26.4,41.3,53.2,73.7,89.3,94.6,102.1
Fichte,60,154,06-03,26.1,40.9,52.8,74.2,89.2,94.6,101.6
Fichte,60,155,06-04,25.7,40.6,52.4,74.7,89.2,94.6,101.3
Fichte,60,156,06-05,25.4,40.2,51.8,75.2,89.0,94.5,101.2
Fichte,60,157,06-06,25.1,39.8,51.4,75.3,88.9,94.5,101.2
Fichte,60,158,06-07,24.8,39.5,50.9,75.4,88.7,94.4,101.2
Fichte,60,159,06-08,24.5,39.3,50.5,75.5,88.5,94.3,101.2
Fichte,60,160,06-09,24.1,39.0,50.1,75.3,88.2,94.3,101.3
Fichte,60,161,06-10,23.8,38.7,49.6,74.8,88.0,94.2,101.4
Fichte,60,162,06-11,23.5,38.5,49.2,74,87.6,93.8,101.4
Fichte,60,163,06-12,23.2,38.3,48.8,73.2,87.2,93.3,101.3
Fichte,60,164,06-13,22.8,38.1,48.4,72.3,86.4,92.7,100.6
Fichte,60,165,06-14,22.5,37.9,48.0,71.4,85.5,92.1,99.9
Fichte,60,166,06-15,22.0,37.7,47.9,70.7,84.6,91.2,99.4
Fichte,60,167,06-16,21.6,37.4,47.7,69.9,83.6,90.3,98.7
Fichte,60,168,06-17,21.1,37.0,47.5,69.2,82.6,89.4,98.2
Fichte,60,169,06-18,20.7,36.4,47.2,68.2,81.7,88.5,97.9
Fichte,60,170,06-19,20.2,35.8,47.0,67.6,81.2,87.9,97.8
Fichte,60,171,06-20,19.8,35.2,46.7,66.9,80.4,87.2,97.8
Fichte,60,172,06-21,19.4,34.5,45.9,65.8,79.6,86.5,97.7
Fichte,60,173,06-22,19.0,33.7,45.5,64.8,78.9,85.7,97.6
Fichte,60,174,06-23,18.6,32.9,45.1,63.7,78.2,85.0,97.4
Fichte,60,175,06-24,18.2,32.0,44.1,62.5,77.5,84.6,97.1
Fichte,60,176,06-25,17.8,31.1,43.1,61.2,76.7,84.4,96.9
Fichte,60,177,06-26,17.6,30.3,42.1,59.9,75.8,84.1,96.7
Fichte,60,178,06-27,17.5,29.7,41.5,58.4,74.8,83.9,96.5
Fichte,60,179,06-28,17.7,29.1,40.9,57.3,74.1,83.7,96.3
Fichte,60,180,06-29,17.8,28.4,40.4,56.3,73.5,83.5,96.3
Fichte,60,181,06-30,17.8,27.7,39.8,55.2,72.9,83.4,96.3
Fichte,60,182,07-01,17.8,27.0,39.2,54,72.2,83.2,96.3
Fichte,60,183,07-02,17.9,26.3,38.7,52.9,71.5,82.9,96.3
Fichte,60,184,07-03,17.9,25.5,38.2,51.9,71.2,82.7,97.1
Fichte,60,185,07-04,18.0,24.7,37.7,50.9,71.0,82.5,97.8
Fichte,60,186,07-05,18.0,24.0,37.0,49.7,70.8,82.4,98.2
Fichte,60,187,07-06,18.1,23.3,36.1,48.6,70.8,82.3,98.6
Fichte,60,188,07-07,18.1,22.6,35.3,47.5,70.8,82.2,98.9
Fichte,60,189,07-08,18.1,22.1,34.5,46.7,70.8,82.1,98.9
Fichte,60,190,07-09,18.0,21.6,33.6,45.5,70.1,81.8,98.4
Fichte,60,191,07-10,18.0,21.1,32.7,44.3,69.2,81.4,98.1
Fichte,60,192,07-11,17.9,20.6,32.4,43.6,68.3,81.2,97.7
Fichte,60,193,07-12,17.9,20.1,31.5,42.7,67.7,81.1,97.4
Fichte,60,194,07-13,17.8,19.8,30.6,41.9,67.0,81.6,97.1
Fichte,60,195,07-14,17.8,19.5,30.3,41.1,66.4,81.5,96.7
Fichte,60,196,07-15,17.7,19.2,30.0,40.4,65.8,81.3,96.3
Fichte,60,197,07-16,17.6,18.9,29.7,39.7,65.4,81.5,96.2
Fichte,60,198,07-17,17.2,18.5,29.0,39.2,65.0,81.5,95.9
Fichte,60,199,07-18,16.7,18.1,28.2,38.5,64.1,81.3,95.6
Fichte,60,200,07-19,16.4,17.8,27.4,37.8,63.4,81.2,95.6
Fichte,60,201,07-20,16.1,17.5,26.6,37.2,62.9,81.4,95.3
Fichte,60,202,07-21,15.8,17.2,25.8,36.2,62.8,81.7,94.9
Fichte,60,203,07-22,15.6,16.9,25.1,35.2,62.7,82.0,94.5
Fichte,60,204,07-23,15.4,16.7,24.3,34.3,62.5,82.3,93.7
Fichte,60,205,07-24,15.2,16.5,23.5,33.5,62.3,82.5,92.8
Fichte,60,206,07-25,15.0,16.4,22.9,32.9,62.1,82.8,92.0
Fichte,60,207,07-26,14.8,16.2,22.2,32.2,61.9,82.9,91.3
Fichte,60,208,07-27,14.7,16.1,21.7,31.5,61.0,83.1,90.5
Fichte,60,209,07-28,14.6,15.9,21.2,30.9,60.0,83.2,89.7
Fichte,60,210,07-29,14.5,15.8,20.7,30.3,60.9,83.4,89.6
Fichte,60,211,07-30,14.4,15.6,20.2,29.7,61.8,83.5,89.6
Fichte,60,212,07-31,14.3,15.6,19.8,29,62.8,83.7,89.5
Fichte,60,213,08-01,14.1,15.6,19.4,28.3,63.4,83.9,89.5
Fichte,60,214,08-02,14.0,15.6,19.0,27.7,63.9,83.3,89.5
Fichte,60,215,08-03,13.8,15.6,18.7,27.8,63.5,82.9,89.5
Fichte,60,216,08-04,13.7,15.5,18.5,27.9,63.1,82.5,89.4
Fichte,60,217,08-05,13.5,15.4,18.3,28,62.7,81.9,89.1
Fichte,60,218,08-06,13.3,15.2,18.0,28,63.1,81.1,88.8
Fichte,60,219,08-07,13.0,14.9,17.9,27.7,63.7,80.7,88.6
Fichte,60,220,08-08,12.7,14.7,17.7,27.3,64.0,80.1,88.1
Fichte,60,221,08-09,12.4,14.4,17.6,26.9,64.1,79.1,88.1
Fichte,60,222,08-10,12.1,14.2,17.5,26.8,63.8,78.0,88.2
Fichte,60,223,08-11,11.7,13.9,17.4,26.8,63.4,76.9,88.3
Fichte,60,224,08-12,11.4,13.6,17.3,26.8,63.1,75.8,88.5
Fichte,60,225,08-13,11.0,13.3,17.2,26.7,62.8,74.7,89.0
Fichte,60,226,08-14,10.6,13.0,17.1,26.5,62.6,73.6,89.8
Fichte,60,227,08-15,10.2,12.7,17.0,26.3,62.3,72.4,90.5
Fichte,60,228,08-16,9.8,12.4,16.8,26.2,62.7,71.3,91.2
Fichte,60,229,08-17,9.5,12.2,16.7,26,63.1,70.2,91.9
Fichte,60,230,08-18,9.2,11.9,16.6,25.9,61.9,69.1,91.9
Fichte,60,231,08-19,8.9,11.7,16.5,25.8,60.8,68.2,91.8
Fichte,60,232,08-20,8.7,11.4,16.3,25.7,59.7,67.4,91.8
Fichte,60,233,08-21,8.5,11.1,16.2,25.6,58.7,66.7,91.8
Fichte,60,234,08-22,8.4,10.8,16.1,25.4,57.7,66.7,91.9
Fichte,60,235,08-23,8.3,10.6,16.0,24.7,57.6,66.7,91.9
Fichte,60,236,08-24,8.3,10.3,15.8,24,57.4,66.8,92.0
Fichte,60,237,08-25,8.2,10.1,15.6,23.2,56.1,65.6,91.6
Fichte,60,238,08-26,8.1,10.0,15.4,22.5,55.1,65.8,91.7
Fichte,60,239,08-27,8.1,9.8,15.2,21.9,54.0,66.1,91.8
Fichte,60,240,08-28,8.1,9.7,15.0,21.4,53.1,66.4,91.6
Fichte,60,241,08-29,8.1,9.6,14.8,21,52.2,66.8,91.4
Fichte,60,242,08-30,8.2,9.5,14.6,20.6,52.5,67.7,92.0
Fichte,60,243,08-31,8.2,9.4,14.4,20.3,53.1,68.6,92.5
Fichte,60,244,09-01,8.3,9.3,14.1,19.9,53.8,69.5,92.9
Fichte,60,245,09-02,8.4,9.3,13.9,19.5,54.5,70.5,92.8
Fichte,60,246,09-03,8.5,9.3,13.6,19.1,55.2,71.7,92.5
Fichte,60,247,09-04,8.5,9.3,13.4,18.7,54.3,73.0,92.2
Fichte,60,248,09-05,8.6,9.3,13.1,18.3,53.4,74.4,91.9
Fichte,60,249,09-06,8.7,9.3,12.9,18,52.9,75.7,91.6
Fichte,60,250,09-07,8.7,9.3,12.7,17.6,52.6,77.0,91.3
Fichte,60,251,09-08,8.6,9.3,12.5,17.1,52.2,78.2,91.0
Fichte,60,252,09-09,8.5,9.3,12.3,16.8,53.0,79.4,90.6
Fichte,60,253,09-10,8.4,9.3,12.2,16.5,53.9,80.3,90.3
Fichte,60,254,09-11,8.3,9.3,12.0,16.3,54.7,80.6,90.1
Fichte,60,255,09-12,8.1,9.4,11.9,16.3,55.6,80.8,89.8
Fichte,60,256,09-13,7.9,9.5,11.9,16.3,56.5,80.9,89.5
Fichte,60,257,09-14,7.7,9.6,11.9,16.3,58.6,82.3,89.8
Fichte,60,258,09-15,7.5,9.7,12.0,16.7,59.7,82.3,89.6
Fichte,60,259,09-16,7.2,9.8,12.0,17,60.9,82.3,89.3
Fichte,60,260,09-17,7.0,9.8,12.0,17.3,62.0,82.3,89.0
Fichte,60,261,09-18,6.7,9.9,12.0,18.1,63.2,82.2,88.8
Fichte,60,262,09-19,6.4,9.9,12.0,18.9,63.2,81.7,87.6
Fichte,60,263,09-20,6.0,10.0,12.1,19.2,62.9,81.1,86.7
Fichte,60,264,09-21,5.7,10.0,12.1,19.4,62.6,80.7,85.8
Fichte,60,265,09-22,5.4,10.0,12.2,19.7,62.3,80.5,85.0
Fichte,60,266,09-23,5.0,10.0,12.3,20.4,61.9,80.0,84.3
Fichte,60,267,09-24,4.7,10.0,12.4,21.1,63.3,79.5,83.7
Fichte,60,268,09-25,4.3,9.9,12.5,21.8,64.7,78.9,83.2
Fichte,60,269,09-26,4.0,9.9,12.6,22.5,65.6,78.4,82.9
Fichte,60,270,09-27,3.7,10.0,12.7,23.1,66.4,77.9,82.7
Fichte,60,271,09-28,3.4,10.0,12.7,23.7,67.3,77.4,82.6
Fichte,60,272,09-29,3.2,10.0,12.8,24.3,66.8,77.1,82.4
Fichte,60,273,09-30,3.0,10.0,12.8,24.9,66.4,77.1,82.4
Fichte,60,274,10-01,2.8,9.9,12.9,25.3,65.9,77.2,82.4
Fichte,60,275,10-02,2.7,9.7,12.9,25.6,65.5,77.4,82.5
Fichte,60,276,10-03,2.6,9.5,12.8,25.8,65.1,77.7,82.7
Fichte,60,277,10-04,2.5,9.4,12.7,26.1,64.6,78.0,82.9
Fichte,60,278,10-05,2.5,9.2,12.6,25.8,63.8,78.4,83.1
Fichte,60,279,10-06,2.5,9.0,12.5,25.6,63.0,79.0,83.5
Fichte,60,280,10-07,2.5,8.8,12.4,25.4,62.2,79.6,83.9
Fichte,60,281,10-08,2.5,8.6,12.3,24.8,61.3,80.3,84.4
Fichte,60,282,10-09,2.6,8.5,12.3,24.2,60.4,81.0,84.8
Fichte,60,283,10-10,2.6,8.4,12.2,24.2,59.5,81.7,85.3
Fichte,60,284,10-11,2.8,8.4,12.3,24.1,58.7,82.4,85.8
Fichte,60,285,10-12,3.1,8.4,12.3,24.2,57.9,82.9,86.3
Fichte,60,286,10-13,3.4,8.4,12.4,23.8,57.1,83.5,86.8
Fichte,60,287,10-14,3.8,8.4,12.5,23.5,56.4,84.0,87.4
Fichte,60,288,10-15,4.2,8.6,12.6,23.1,55.7,84.6,87.8
Fichte,60,289,10-16,4.5,8.5,12.7,22.8,55.1,85.2,88.0
Fichte,60,290,10-17,4.8,8.5,12.9,22.4,54.6,85.7,88.2
Fichte,60,291,10-18,5.2,8.5,13.0,22.1,54.1,86.2,88.4
Fichte,60,292,10-19,5.5,8.4,13.2,21.9,53.7,86.5,88.7
Fichte,60,293,10-20,5.8,8.4,13.3,21.7,53.4,86.6,88.8
Fichte,60,294,10-21,6.0,8.5,13.5,21.5,53.2,86.6,88.9
Fichte,60,295,10-22,6.3,8.5,13.7,21.4,53.0,86.6,88.9
Fichte,60,296,10-23,6.5,8.5,13.9,21.2,52.9,86.6,88.9
Fichte,60,297,10-24,6.8,8.6,14.1,21.1,52.1,86.4,88.7
Fichte,60,298,10-25,7.0,8.7,14.3,21.2,52.4,86.3,88.7
Fichte,60,299,10-26,7.2,8.7,14.6,21.4,52.8,86.0,88.6
Fichte,60,300,10-27,7.4,8.8,15.0,21.5,53.2,85.8,88.5
Fichte,60,301,10-28,7.6,8.8,15.4,21.6,53.6,85.5,88.4
Fichte,60,302,10-29,7.8,8.8,15.7,21.7,54.2,85.2,88.3
Fichte,60,303,10-30,8.0,8.8,16.0,21.8,54.7,84.9,88.3
Fichte,60,304,10-31,8.2,8.8,16.3,21.9,55.2,84.6,88.3
Fichte,60,305,11-01,8.1,8.7,16.5,22.1,55.7,84.4,88.6
Fichte,60,306,11-02,8.1,8.7,16.6,22.6,56.4,84.1,88.9
Fichte,60,307,11-03,8.0,8.6,16.8,23.5,57.2,83.8,89.2
Fichte,60,308,11-04,8.0,8.3,17.1,24.5,57.8,83.5,89.5
Fichte,60,309,11-05,8.0,8.3,17.3,25.4,58.5,83.3,89.8
Fichte,60,310,11-06,7.9,8.3,17.5,26.5,59.1,83.7,90.3
Fichte,60,311,11-07,7.9,8.2,17.7,27.7,60.4,84.1,90.8
Fichte,60,312,11-08,7.9,8.2,17.9,28.8,61.7,84.5,91.2
Fichte,60,313,11-09,7.8,8.1,18.1,30,63.0,84.9,91.8
Fichte,60,314,11-10,7.8,8.6,18.7,31.5,64.6,85.3,92.2
Fichte,60,315,11-11,7.7,9.1,19.2,33.2,66.0,85.7,92.6
Fichte,60,316,11-12,7.7,9.6,19.8,35.2,67.5,86.1,92.9
Fichte,60,317,11-13,7.6,10.1,20.3,37,69.8,86.8,93.5
Fichte,60,318,11-14,7.5,10.6,20.8,38.9,71.2,87.3,94.0
Fichte,60,319,11-15,7.4,11.1,21.4,40.9,72.6,87.7,94.4
Fichte,60,320,11-16,7.4,11.7,21.8,42.9,74.1,88.2,94.7
Fichte,60,321,11-17,7.3,12.2,22.2,44.9,75.4,88.6,95.1
Fichte,60,322,11-18,7.2,12.8,22.6,46.9,76.6,89.0,95.4
Fichte,60,323,11-19,7.1,13.3,23.2,48.9,78.0,89.4,95.6
Fichte,60,324,11-20,7.0,13.9,23.7,51,79.4,89.9,95.8
Fichte,60,325,11-21,6.9,14.4,24.2,53,80.8,90.4,95.7
Fichte,60,326,11-22,6.8,15.0,24.7,54.7,82.1,90.9,95.7
Fichte,60,327,11-23,6.8,15.5,25.1,56,83.3,91.4,95.7
Fichte,60,328,11-24,6.7,16.1,25.6,57.4,84.5,91.8,95.7
Fichte,60,329,11-25,6.6,16.6,26.1,58.9,85.6,92.2,95.6
Fichte,60,330,11-26,6.6,17.2,26.6,60.2,86.9,92.1,95.4
Fichte,60,331,11-27,6.9,17.8,27.1,61.5,87.3,92.2,95.2
Fichte,60,332,11-28,7.5,18.5,27.6,62.8,87.9,92.2,95.3
Fichte,60,333,11-29,8.1,19.2,28.2,64.1,88.4,92.2,95.4
Fichte,60,334,11-30,8.7,19.4,28.6,65,88.7,92.3,95.5
Fichte,60,335,12-01,9.3,19.6,29.1,65.7,88.9,92.5,95.6
Fichte,60,336,12-02,9.9,19.8,29.8,66.8,89.2,92.6,95.8
Fichte,60,337,12-03,10.6,19.9,30.7,67.9,89.4,92.8,96.2
Fichte,60,338,12-04,11.2,20.1,31.6,68.9,89.8,93.1,96.6
Fichte,60,339,12-05,11.8,20.3,33.0,69.8,90.2,93.3,96.8
Fichte,60,340,12-06,12.5,20.5,34.7,70.7,90.6,93.7,97.0
Fichte,60,341,12-07,13.1,20.7,36.5,72,91.0,94.0,97.2
Fichte,60,342,12-08,13.8,20.8,38.0,72.9,91.6,94.3,97.3
Fichte,60,343,12-09,14.5,21.0,39.5,73.7,91.9,94.5,97.5
Fichte,60,344,12-10,15.2,21.2,41.0,74.5,92.2,94.7,97.6
Fichte,60,345,12-11,15.8,21.4,42.7,75.6,92.4,95.0,97.8
Fichte,60,346,12-12,16.5,21.6,44.5,76.8,92.7,95.5,98.2
Fichte,60,347,12-13,17.2,21.8,46.3,78,93.0,96.0,98.7
Fichte,60,348,12-14,17.9,22.0,48.6,79.2,93.5,96.5,99.1
Fichte,60,349,12-15,18.6,22.2,50.8,80.4,93.8,97.0,99.5
Fichte,60,350,12-16,19.2,22.4,53.0,81.5,94.2,97.3,99.9
Fichte,60,351,12-17,19.5,22.6,55.4,82.6,94.5,97.5,100.3
Fichte,60,352,12-18,19.5,22.7,57.7,83.7,94.8,97.9,100.4
Fichte,60,353,12-19,19.6,22.8,60.0,84.7,95.0,98.1,100.4
Fichte,60,354,12-20,19.6,22.9,62.0,85.7,95.2,98.3,100.5
Fichte,60,355,12-21,19.7,23.0,63.9,86.7,95.3,98.5,100.7
Fichte,60,356,12-22,19.7,23.0,65.1,87.1,95.5,98.6,100.8
Fichte,60,357,12-23,19.7,23.0,66.3,87.4,95.8,98.6,100.7
Fichte,60,358,12-24,19.8,23.1,67.5,87.7,95.8,98.7,100.4
Fichte,60,359,12-25,19.8,23.1,68.3,88.2,95.9,98.7,100.4
Fichte,60,360,12-26,19.8,23.2,68.7,88.7,95.9,98.8,100.5
Fichte,60,361,12-27,19.8,23.2,69.2,88.7,95.9,98.9,100.6
Fichte,60,362,12-28,19.9,23.2,70.0,89.3,96.0,99.1,100.7
Fichte,60,363,12-29,19.9,23.3,71.0,90.1,96.1,99.4,101.0
Fichte,60,364,12-30,19.9,23.3,72.1,91.1,96.3,99.7,101.4
Fichte,60,365,12-31,20.0,23.3,73.0,91.4,96.5,99.9,
