Baumart,Tiefe_cm,Tag_des_Jahres,Datum_MM_DD,Min,Q10,Q25,Median,Q75,Q90,Max
Bannwald_Buche,15,1,01-01,86.8,86.8,89.5,96,105.1,110.8,110.8
Bannwald_Buche,15,2,01-02,86.6,86.6,89.3,96.3,104.9,110.5,110.5
Bannwald_Buche,15,3,01-03,86.4,86.4,89.2,96.4,104.7,110.2,110.2
Bannwald_Buche,15,4,01-04,86.1,86.1,89.7,96.7,104.8,110.5,110.5
Bannwald_Buche,15,5,01-05,85.8,85.8,90.0,97.1,104.9,110.7,110.7
Bannwald_Buche,15,6,01-06,85.4,85.4,90.2,97.3,104.8,110.7,110.7
Bannwald_Buche,15,7,01-07,85.6,85.6,90.3,97.3,104.6,110.5,110.5
Bannwald_Buche,15,8,01-08,85.9,85.9,90.5,97.5,104.7,110.4,110.4
Bannwald_Buche,15,9,01-09,86.1,86.1,90.5,97.6,104.7,110.2,110.2
Bannwald_Buche,15,10,01-10,86.3,86.3,90.4,97.7,104.6,110.0,110.0
Bannwald_Buche,15,11,01-11,86.2,86.2,90.2,97.6,104.6,110.5,110.5
Bannwald_Buche,15,12,01-12,86.1,86.1,90.1,97.8,104.6,111.6,111.6
Bannwald_Buche,15,13,01-13,86.1,86.1,90.3,98,104.8,112.2,112.2
Bannwald_Buche,15,14,01-14,86.0,86.0,90.5,98.3,104.7,112.0,112.0
Bannwald_Buche,15,15,01-15,85.9,85.9,90.7,98.7,104.5,111.2,111.2
Bannwald_Buche,15,16,01-16,85.7,85.7,90.9,99.1,104.4,110.7,110.7
Bannwald_Buche,15,17,01-17,85.7,85.7,91.2,99.6,104.2,110.3,110.3
Bannwald_Buche,15,18,01-18,85.4,85.4,91.6,100.1,104.3,111.3,111.3
Bannwald_Buche,15,19,01-19,85.1,85.1,91.9,100,104.0,112.4,112.4
Bannwald_Buche,15,20,01-20,84.8,84.8,92.1,100,104.0,113.0,113.0
Bannwald_Buche,15,21,01-21,84.6,84.6,92.2,100,104.5,113.3,113.3
Bannwald_Buche,15,22,01-22,84.4,84.4,92.5,100,104.9,114.2,114.2
Bannwald_Buche,15,23,01-23,84.3,84.3,93.1,100.6,105.6,114.8,114.8
Bannwald_Buche,15,24,01-24,85.0,85.0,93.2,101.1,106.7,115.9,115.9
Bannwald_Buche,15,25,01-25,85.6,85.6,93.3,101.6,107.5,116.5,116.5
Bannwald_Buche,15,26,01-26,86.1,86.1,93.4,101.7,108.3,116.9,116.9
Bannwald_Buche,15,27,01-27,86.1,86.1,93.5,101.9,108.9,117.3,117.3
Bannwald_Buche,15,28,01-28,85.9,85.9,93.4,101.7,109.3,118.3,118.3
Bannwald_Buche,15,29,01-29,85.9,85.9,93.5,101.5,110.0,118.8,118.8
Bannwald_Buche,15,30,01-30,85.9,85.9,93.6,101.4,110.5,119.5,119.5
Bannwald_Buche,15,31,01-31,86.0,86.0,93.6,101.4,110.7,119.5,119.5
Bannwald_Buche,15,32,02-01,86.0,86.0,94.1,101.4,111.3,119.0,119.0
Bannwald_Buche,15,33,02-02,86.1,86.1,94.2,101.7,111.7,119.2,119.2
Bannwald_Buche,15,34,02-03,86.4,86.4,94.2,101.8,112.4,119.6,119.6
Bannwald_Buche,15,35,02-04,86.6,86.6,94.1,101.9,112.6,120.4,120.4
Bannwald_Buche,15,36,02-05,86.8,86.8,94.0,101.8,113.0,121.0,121.0
Bannwald_Buche,15,37,02-06,86.9,86.9,93.7,102.2,113.4,121.5,121.5
Bannwald_Buche,15,38,02-07,87.0,87.0,93.3,102.4,113.8,121.0,121.0
Bannwald_Buche,15,39,02-08,87.1,87.1,93.2,102.5,114.3,120.2,120.2
Bannwald_Buche,15,40,02-09,87.2,87.2,93.6,102.7,114.4,119.8,119.8
Bannwald_Buche,15,41,02-10,87.2,87.2,94.3,102.9,114.1,119.6,119.6
Bannwald_Buche,15,42,02-11,87.2,87.2,94.6,103,114.0,118.9,118.9
Bannwald_Buche,15,43,02-12,87.2,87.2,94.4,102.5,113.6,118.8,118.8
Bannwald_Buche,15,44,02-13,86.3,86.3,94.3,102,112.5,117.6,117.6
Bannwald_Buche,15,45,02-14,85.7,85.7,94.2,101.4,111.7,117.0,117.0
Bannwald_Buche,15,46,02-15,85.7,85.7,94.3,101,111.0,116.5,116.5
Bannwald_Buche,15,47,02-16,85.8,85.8,94.2,101.1,110.9,116.3,116.3
Bannwald_Buche,15,48,02-17,85.9,85.9,94.1,101.3,110.8,115.5,115.5
Bannwald_Buche,15,49,02-18,85.8,85.8,93.9,101.5,110.7,115.7,115.7
Bannwald_Buche,15,50,02-19,85.6,85.6,93.8,101.5,110.6,115.8,115.8
Bannwald_Buche,15,51,02-20,85.5,85.5,93.7,101.4,110.6,115.6,115.7
Bannwald_Buche,15,52,02-21,85.3,85.3,93.1,101,110.2,115.9,116.0
Bannwald_Buche,15,53,02-22,85.0,85.1,92.5,100.3,109.8,115.9,116.0
Bannwald_Buche,15,54,02-23,84.7,84.7,92.0,99.7,109.2,116.2,116.3
Bannwald_Buche,15,55,02-24,84.4,84.4,91.6,99.2,108.9,116.2,116.3
Bannwald_Buche,15,56,02-25,84.0,84.1,91.3,99.1,108.6,116.6,116.7
Bannwald_Buche,15,57,02-26,83.8,83.8,91.1,98.5,108.1,116.8,116.9
Bannwald_Buche,15,58,02-27,83.7,83.8,91.1,98.1,107.6,116.8,116.9
Bannwald_Buche,15,59,02-28,83.7,83.7,90.9,97.7,106.9,117.0,117.1
Bannwald_Buche,15,60,03-01,84.0,84.0,90.3,97.4,106.4,117.4,117.5
Bannwald_Buche,15,61,03-02,84.6,84.7,90.1,97.1,106.4,117.6,117.7
Bannwald_Buche,15,62,03-03,85.3,85.3,90.1,97.4,106.7,118.2,118.3
Bannwald_Buche,15,63,03-04,86.0,86.0,90.4,97.8,107.0,118.2,118.3
Bannwald_Buche,15,64,03-05,86.7,86.7,90.5,97.9,107.1,118.0,118.1
Bannwald_Buche,15,65,03-06,87.2,87.3,90.8,98.2,107.4,118.1,118.1
Bannwald_Buche,15,66,03-07,87.2,87.2,90.8,98.4,107.4,118.0,118.1
Bannwald_Buche,15,67,03-08,87.1,87.2,90.7,98.4,107.1,117.8,117.9
Bannwald_Buche,15,68,03-09,87.1,87.2,90.8,98.3,106.6,117.4,117.5
Bannwald_Buche,15,69,03-10,87.2,87.2,90.8,98.1,106.0,116.6,116.7
Bannwald_Buche,15,70,03-11,87.2,87.2,90.9,98,105.3,115.6,115.6
Bannwald_Buche,15,71,03-12,87.2,87.2,90.9,98,104.8,115.0,115.0
Bannwald_Buche,15,72,03-13,87.2,87.2,91.0,98,104.3,113.9,113.9
Bannwald_Buche,15,73,03-14,87.4,87.4,91.3,98.1,103.9,114.1,114.1
Bannwald_Buche,15,74,03-15,87.6,87.6,91.5,98.3,103.6,113.7,113.7
Bannwald_Buche,15,75,03-16,87.7,87.7,91.5,98.4,103.3,112.9,112.9
Bannwald_Buche,15,76,03-17,87.9,87.9,91.6,98.3,103.4,112.3,112.3
Bannwald_Buche,15,77,03-18,88.0,88.0,91.6,98.2,103.3,111.8,111.8
Bannwald_Buche,15,78,03-19,87.9,87.9,91.3,98,103.0,111.0,111.0
Bannwald_Buche,15,79,03-20,87.8,87.8,91.1,97.8,102.7,109.8,109.8
Bannwald_Buche,15,80,03-21,87.5,87.5,91.3,97.7,102.5,109.0,109.0
Bannwald_Buche,15,81,03-22,86.9,86.9,91.1,97.4,102.5,108.8,108.8
Bannwald_Buche,15,82,03-23,86.2,86.2,90.7,96.7,102.0,108.3,108.3
Bannwald_Buche,15,83,03-24,85.6,85.6,90.2,96.1,101.6,108.1,108.1
Bannwald_Buche,15,84,03-25,84.9,84.9,89.8,95.6,101.0,108.1,108.1
Bannwald_Buche,15,85,03-26,84.3,84.3,89.3,95.1,100.3,108.5,108.5
Bannwald_Buche,15,86,03-27,83.6,83.6,88.9,94.6,99.7,109.2,109.2
Bannwald_Buche,15,87,03-28,82.9,82.9,88.7,94,99.0,109.8,109.8
Bannwald_Buche,15,88,03-29,82.3,82.3,88.5,93.4,98.4,110.9,110.9
Bannwald_Buche,15,89,03-30,81.6,81.6,88.3,93,98.6,112.1,112.1
Bannwald_Buche,15,90,03-31,81.0,81.0,88.0,92.5,98.8,113.0,113.0
Bannwald_Buche,15,91,04-01,80.4,80.4,87.6,92.1,99.1,113.6,113.6
Bannwald_Buche,15,92,04-02,79.8,79.8,87.0,91.8,99.7,114.5,114.5
Bannwald_Buche,15,93,04-03,79.0,79.0,86.3,91.9,100.2,114.2,114.2
Bannwald_Buche,15,94,04-04,78.3,78.3,85.9,91.8,100.6,114.2,114.2
Bannwald_Buche,15,95,04-05,77.5,77.5,85.4,91.7,100.8,114.5,114.5
Bannwald_Buche,15,96,04-06,76.7,76.7,85.8,91.9,100.7,114.2,114.2
Bannwald_Buche,15,97,04-07,75.7,75.7,86.4,92.3,101.3,114.6,114.6
Bannwald_Buche,15,98,04-08,74.5,74.5,87.0,92.7,102.0,115.1,115.1
Bannwald_Buche,15,99,04-09,73.2,73.2,87.6,93,102.4,115.8,115.8
Bannwald_Buche,15,100,04-10,71.6,71.6,87.6,92.9,102.6,116.4,116.4
Bannwald_Buche,15,101,04-11,70.0,70.0,87.5,92.8,102.0,116.4,116.4
Bannwald_Buche,15,102,04-12,68.2,68.2,87.3,92.7,101.5,116.2,116.2
Bannwald_Buche,15,103,04-13,66.4,66.4,87.1,92.5,100.9,116.0,116.0
Bannwald_Buche,15,104,04-14,66.7,66.7,87.1,92.6,100.8,115.7,115.7
Bannwald_Buche,15,105,04-15,67.2,67.2,87.2,93.3,101.9,115.6,115.6
Bannwald_Buche,15,106,04-16,67.8,67.8,87.6,94.1,102.8,115.4,115.4
Bannwald_Buche,15,107,04-17,68.3,68.3,87.9,94.7,103.7,115.0,115.0
Bannwald_Buche,15,108,04-18,68.9,68.9,88.4,95.4,104.5,114.1,114.1
Bannwald_Buche,15,109,04-19,69.7,69.7,88.8,95.9,104.4,112.8,112.8
Bannwald_Buche,15,110,04-20,70.4,70.4,89.3,96.4,104.1,111.9,111.9
Bannwald_Buche,15,111,04-21,70.9,70.9,89.7,96.7,103.7,111.8,111.8
Bannwald_Buche,15,112,04-22,71.1,71.1,90.5,96.9,102.9,111.7,111.7
Bannwald_Buche,15,113,04-23,71.1,71.1,91.1,96.8,102.6,111.5,111.5
Bannwald_Buche,15,114,04-24,71.7,71.7,91.3,96.5,102.3,111.0,111.0
Bannwald_Buche,15,115,04-25,72.5,72.5,91.9,96.4,102.0,111.4,111.4
Bannwald_Buche,15,116,04-26,73.9,73.9,92.0,96.6,102.4,112.0,112.0
Bannwald_Buche,15,117,04-27,75.3,75.3,91.8,96.4,102.1,112.6,112.6
Bannwald_Buche,15,118,04-28,76.8,76.8,91.7,96.3,101.6,112.5,112.5
Bannwald_Buche,15,119,04-29,78.4,78.4,91.6,96.2,101.5,112.1,112.1
Bannwald_Buche,15,120,04-30,79.9,79.9,91.3,95.9,101.5,111.7,111.7
Bannwald_Buche,15,121,05-01,81.4,81.4,90.8,95.5,101.6,111.2,111.2
Bannwald_Buche,15,122,05-02,82.8,82.8,90.1,94.9,101.9,111.7,111.7
Bannwald_Buche,15,123,05-03,84.1,84.1,89.5,94.3,102.4,111.8,111.8
Bannwald_Buche,15,124,05-04,83.2,83.2,88.6,93.2,102.6,111.7,111.7
Bannwald_Buche,15,125,05-05,81.9,81.9,87.5,91.6,101.8,111.2,111.2
Bannwald_Buche,15,126,05-06,80.3,80.3,86.0,90.2,101.3,110.7,110.7
Bannwald_Buche,15,127,05-07,78.6,78.6,84.4,89.6,101.7,111.1,111.1
Bannwald_Buche,15,128,05-08,76.9,76.9,82.3,88.8,101.6,111.8,111.8
Bannwald_Buche,15,129,05-09,74.6,74.6,79.9,88.3,101.4,112.4,112.4
Bannwald_Buche,15,130,05-10,72.3,72.3,77.5,88,102.0,114.9,114.9
Bannwald_Buche,15,131,05-11,70.1,70.1,75.2,88.2,102.9,116.7,116.7
Bannwald_Buche,15,132,05-12,68.0,68.0,73.3,88.3,103.9,117.1,117.1
Bannwald_Buche,15,133,05-13,66.2,66.2,71.4,88.2,104.5,117.4,117.4
Bannwald_Buche,15,134,05-14,63.7,63.7,69.6,88.2,104.9,117.6,117.6
Bannwald_Buche,15,135,05-15,61.1,61.1,67.3,87.9,105.4,117.0,117.0
Bannwald_Buche,15,136,05-16,57.9,57.9,65.8,87.5,105.1,116.3,116.3
Bannwald_Buche,15,137,05-17,55.0,55.0,64.3,87.1,104.8,115.9,115.9
Bannwald_Buche,15,138,05-18,52.1,52.1,62.4,86.7,105.3,116.0,116.0
Bannwald_Buche,15,139,05-19,49.2,49.2,60.3,86.5,105.3,116.4,116.4
Bannwald_Buche,15,140,05-20,46.5,46.5,58.2,86.5,105.3,116.5,116.5
Bannwald_Buche,15,141,05-21,43.9,43.9,56.2,86.7,105.7,117.0,117.0
Bannwald_Buche,15,142,05-22,41.5,41.5,54.2,86.4,105.2,116.8,116.8
Bannwald_Buche,15,143,05-23,39.3,39.3,52.1,86.9,105.9,117.6,117.6
Bannwald_Buche,15,144,05-24,37.3,37.3,50.0,87.3,106.6,118.2,118.2
Bannwald_Buche,15,145,05-25,35.4,35.4,48.0,87.4,106.8,118.5,118.5
Bannwald_Buche,15,146,05-26,33.7,33.7,46.1,87.1,106.5,118.7,118.7
Bannwald_Buche,15,147,05-27,32.2,32.2,44.5,86.6,105.1,117.8,117.8
Bannwald_Buche,15,148,05-28,30.9,30.9,44.3,86.5,104.1,116.7,116.7
Bannwald_Buche,15,149,05-29,29.7,29.7,44.0,86.2,104.8,116.7,116.7
Bannwald_Buche,15,150,05-30,28.6,28.6,43.9,86,104.7,115.0,115.0
Bannwald_Buche,15,151,05-31,27.7,27.7,43.4,85.6,103.9,113.3,113.3
Bannwald_Buche,15,152,06-01,26.8,26.8,42.2,85.3,102.6,112.3,112.3
Bannwald_Buche,15,153,06-02,25.9,25.9,40.9,85,101.3,111.4,111.4
Bannwald_Buche,15,154,06-03,25.0,25.0,39.8,84.3,99.9,110.6,110.6
Bannwald_Buche,15,155,06-04,24.1,24.1,38.7,83.2,98.4,109.6,109.6
Bannwald_Buche,15,156,06-05,23.2,23.2,36.3,82.3,97.3,109.3,109.3
Bannwald_Buche,15,157,06-06,22.3,22.3,34.1,81.3,97.4,109.1,109.1
Bannwald_Buche,15,158,06-07,21.5,21.5,32.2,79.9,96.6,108.5,108.5
Bannwald_Buche,15,159,06-08,20.6,20.6,30.5,78,95.7,107.1,107.1
Bannwald_Buche,15,160,06-09,19.8,19.8,28.9,76,94.7,105.7,105.7
Bannwald_Buche,15,161,06-10,19.2,19.2,27.9,74.2,92.9,104.2,104.2
Bannwald_Buche,15,162,06-11,18.5,18.5,27.0,73.4,91.7,102.4,102.4
Bannwald_Buche,15,163,06-12,18.0,18.0,26.4,71.6,89.0,100.4,100.4
Bannwald_Buche,15,164,06-13,17.8,17.8,27.1,70.1,86.6,99.4,99.4
Bannwald_Buche,15,165,06-14,17.9,17.9,27.6,68.2,84.8,98.1,98.1
Bannwald_Buche,15,166,06-15,17.7,17.7,27.5,66.1,84.2,97.3,97.3
Bannwald_Buche,15,167,06-16,17.5,17.5,27.1,63.7,83.5,96.8,96.8
Bannwald_Buche,15,168,06-17,17.1,17.1,25.9,61.3,82.8,96.4,96.4
Bannwald_Buche,15,169,06-18,16.8,16.8,25.1,59.5,81.1,96.2,96.2
Bannwald_Buche,15,170,06-19,16.4,16.4,24.1,57.2,79.4,96.4,96.4
Bannwald_Buche,15,171,06-20,16.6,16.6,24.8,55.9,78.4,96.6,96.6
Bannwald_Buche,15,172,06-21,16.6,16.6,26.0,55.5,78.9,97.2,97.2
Bannwald_Buche,15,173,06-22,16.8,16.8,26.9,55.2,80.0,97.6,97.6
Bannwald_Buche,15,174,06-23,17.7,17.7,27.5,54.7,80.9,98.3,98.3
Bannwald_Buche,15,175,06-24,18.3,18.3,27.9,54.6,81.9,99.3,99.3
Bannwald_Buche,15,176,06-25,18.7,18.7,28.3,53.7,82.5,99.2,99.2
Bannwald_Buche,15,177,06-26,18.9,18.9,28.7,52.8,82.3,98.5,98.5
Bannwald_Buche,15,178,06-27,19.4,19.4,29.6,52.3,82.8,98.7,98.7
Bannwald_Buche,15,179,06-28,19.6,19.6,31.2,53,83.3,99.3,99.3
Bannwald_Buche,15,180,06-29,19.7,19.7,32.9,53.6,83.7,100.1,100.1
Bannwald_Buche,15,181,06-30,19.6,19.6,34.1,53.4,84.2,100.7,100.7
Bannwald_Buche,15,182,07-01,19.8,19.8,35.3,52.6,84.7,101.7,101.7
Bannwald_Buche,15,183,07-02,20.6,20.6,35.9,52.3,85.3,102.2,102.2
Bannwald_Buche,15,184,07-03,20.8,20.8,35.0,53.1,87.4,103.7,103.7
Bannwald_Buche,15,185,07-04,20.3,20.3,35.3,54.5,88.8,104.9,104.9
Bannwald_Buche,15,186,07-05,20.3,20.3,36.6,57,89.0,106.4,106.4
Bannwald_Buche,15,187,07-06,21.5,21.5,38.1,59.3,89.4,107.7,107.7
Bannwald_Buche,15,188,07-07,22.3,22.3,39.9,61,89.9,108.8,108.8
Bannwald_Buche,15,189,07-08,22.0,22.0,39.9,61.7,89.7,108.6,108.6
Bannwald_Buche,15,190,07-09,21.7,21.7,39.8,62.2,89.4,107.5,107.5
Bannwald_Buche,15,191,07-10,21.1,21.1,38.1,61.3,88.2,106.2,106.2
Bannwald_Buche,15,192,07-11,20.9,20.9,36.4,59.4,85.6,104.5,104.5
Bannwald_Buche,15,193,07-12,20.3,20.3,35.0,57.5,82.8,103.1,103.1
Bannwald_Buche,15,194,07-13,19.1,19.1,33.7,56,80.2,101.1,101.1
Bannwald_Buche,15,195,07-14,18.1,18.1,33.5,54.6,78.4,98.9,98.9
Bannwald_Buche,15,196,07-15,17.4,17.4,33.5,54,76.4,97.1,97.1
Bannwald_Buche,15,197,07-16,16.8,16.8,33.4,53.3,74.5,95.3,95.3
Bannwald_Buche,15,198,07-17,16.0,16.0,32.8,52.9,71.8,92.8,92.8
Bannwald_Buche,15,199,07-18,15.5,15.5,32.4,52.1,71.0,93.6,93.6
Bannwald_Buche,15,200,07-19,15.1,15.1,32.1,51.7,70.4,93.6,93.6
Bannwald_Buche,15,201,07-20,14.7,14.7,30.6,51.4,69.8,93.3,93.3
Bannwald_Buche,15,202,07-21,14.1,14.1,29.2,51.2,69.2,92.5,92.5
Bannwald_Buche,15,203,07-22,12.7,12.7,28.2,52,68.9,91.6,91.6
Bannwald_Buche,15,204,07-23,11.9,11.9,29.2,52.2,67.8,89.8,89.8
Bannwald_Buche,15,205,07-24,11.2,11.2,29.8,52.3,67.0,88.5,88.5
Bannwald_Buche,15,206,07-25,10.5,10.5,30.2,51.6,66.3,87.0,87.0
Bannwald_Buche,15,207,07-26,8.5,8.5,30.2,51,65.4,85.8,85.8
Bannwald_Buche,15,208,07-27,7.1,7.1,29.0,50.5,65.5,84.9,84.9
Bannwald_Buche,15,209,07-28,6.8,6.8,29.2,50.3,66.9,85.5,85.5
Bannwald_Buche,15,210,07-29,6.6,6.6,29.3,49.9,68.8,85.8,85.8
Bannwald_Buche,15,211,07-30,6.2,6.2,29.4,49.6,70.6,86.1,86.1
Bannwald_Buche,15,212,07-31,5.7,5.7,29.4,49.3,72.4,86.3,86.3
Bannwald_Buche,15,213,08-01,5.4,5.4,29.4,48.9,74.1,86.6,86.6
Bannwald_Buche,15,214,08-02,5.1,5.1,29.5,48.5,75.2,88.2,88.2
Bannwald_Buche,15,215,08-03,4.8,4.8,28.8,47.9,75.5,89.9,89.9
Bannwald_Buche,15,216,08-04,4.5,4.5,28.0,46.8,75.5,91.2,91.2
Bannwald_Buche,15,217,08-05,4.4,4.4,27.3,45.8,75.1,92.4,92.4
Bannwald_Buche,15,218,08-06,4.3,4.3,26.8,44.7,75.0,93.7,93.7
Bannwald_Buche,15,219,08-07,4.2,4.2,25.6,43.2,74.6,91.6,91.6
Bannwald_Buche,15,220,08-08,4.7,4.7,24.5,42,74.0,90.3,90.3
Bannwald_Buche,15,221,08-09,5.2,5.2,24.6,41.6,73.5,90.6,90.6
Bannwald_Buche,15,222,08-10,5.7,5.7,24.8,41.2,72.9,91.7,91.7
Bannwald_Buche,15,223,08-11,5.9,5.9,24.8,40,73.8,93.2,93.2
Bannwald_Buche,15,224,08-12,6.2,6.2,23.2,37.6,73.3,93.5,93.5
Bannwald_Buche,15,225,08-13,6.4,6.4,21.1,35.1,72.5,93.5,93.5
Bannwald_Buche,15,226,08-14,6.7,6.7,18.6,33.1,71.6,92.8,92.8
Bannwald_Buche,15,227,08-15,6.9,6.9,16.5,32.3,71.6,91.9,91.9
Bannwald_Buche,15,228,08-16,7.2,7.2,15.8,31.1,70.4,90.4,90.4
Bannwald_Buche,15,229,08-17,7.5,7.5,16.1,30.4,68.1,87.6,87.6
Bannwald_Buche,15,230,08-18,8.8,8.8,16.7,30.4,66.6,86.4,86.4
Bannwald_Buche,15,231,08-19,9.9,9.9,17.0,30.6,66.1,85.6,85.6
Bannwald_Buche,15,232,08-20,10.8,10.8,17.5,32.3,65.6,85.9,85.9
Bannwald_Buche,15,233,08-21,11.6,11.6,18.5,34.2,65.3,86.6,86.6
Bannwald_Buche,15,234,08-22,12.7,12.7,19.4,36,65.4,86.0,86.0
Bannwald_Buche,15,235,08-23,14.1,14.1,20.5,37.7,65.6,85.3,85.3
Bannwald_Buche,15,236,08-24,15.3,15.3,22.0,39.1,65.8,84.6,84.6
Bannwald_Buche,15,237,08-25,16.4,16.4,23.1,40.2,66.1,83.9,83.9
Bannwald_Buche,15,238,08-26,17.4,17.4,23.8,41.2,66.6,83.6,83.6
Bannwald_Buche,15,239,08-27,18.3,18.3,24.2,41.8,66.3,83.6,83.6
Bannwald_Buche,15,240,08-28,18.5,18.5,24.3,41.9,65.9,83.3,83.3
Bannwald_Buche,15,241,08-29,18.8,18.8,24.7,42.1,66.3,82.3,82.3
Bannwald_Buche,15,242,08-30,19.1,19.1,24.9,42.5,68.2,81.7,81.7
Bannwald_Buche,15,243,08-31,19.4,19.4,25.1,42.5,67.7,80.6,80.6
Bannwald_Buche,15,244,09-01,19.8,19.8,25.3,43.2,67.7,79.8,79.8
Bannwald_Buche,15,245,09-02,20.1,20.1,25.5,43.9,68.2,79.6,79.6
Bannwald_Buche,15,246,09-03,20.3,20.3,25.7,44.1,68.9,79.5,79.5
Bannwald_Buche,15,247,09-04,20.6,20.6,26.0,43.3,69.1,80.5,80.5
Bannwald_Buche,15,248,09-05,20.9,20.9,25.6,43.4,69.5,81.8,81.8
Bannwald_Buche,15,249,09-06,21.1,21.1,24.7,44,70.5,83.2,83.2
Bannwald_Buche,15,250,09-07,20.2,20.2,23.8,44.3,70.2,83.3,83.3
Bannwald_Buche,15,251,09-08,19.6,19.6,23.8,44.3,69.2,83.1,83.1
Bannwald_Buche,15,252,09-09,19.2,19.2,23.7,43.5,68.3,81.6,81.6
Bannwald_Buche,15,253,09-10,18.9,18.9,23.0,42.4,67.3,80.3,80.3
Bannwald_Buche,15,254,09-11,18.2,18.2,22.4,41.3,66.4,78.8,78.8
Bannwald_Buche,15,255,09-12,17.4,17.4,22.1,40,65.9,79.7,79.7
Bannwald_Buche,15,256,09-13,16.6,16.6,21.6,40.1,67.8,80.8,80.8
Bannwald_Buche,15,257,09-14,16.6,16.6,21.2,40.2,69.3,82.1,82.1
Bannwald_Buche,15,258,09-15,16.9,16.9,21.3,40.9,70.2,83.2,83.2
Bannwald_Buche,15,259,09-16,17.0,17.0,22.1,42.5,71.5,84.2,84.2
Bannwald_Buche,15,260,09-17,17.0,17.0,23.0,44.8,73.9,86.0,86.0
Bannwald_Buche,15,261,09-18,16.9,16.9,24.7,46.7,75.3,87.4,87.4
Bannwald_Buche,15,262,09-19,16.8,16.8,26.4,48.8,75.3,87.4,87.4
Bannwald_Buche,15,263,09-20,16.7,16.7,28.2,50.6,75.6,87.6,87.6
Bannwald_Buche,15,264,09-21,16.6,16.6,29.8,52.2,75.9,87.8,87.8
Bannwald_Buche,15,265,09-22,16.5,16.5,31.2,54.3,76.9,88.6,88.6
Bannwald_Buche,15,266,09-23,16.6,16.6,32.5,56.4,77.9,89.7,89.7
Bannwald_Buche,15,267,09-24,16.8,16.8,34.2,58.5,78.8,89.8,89.8
Bannwald_Buche,15,268,09-25,17.0,17.0,36.1,60.8,80.3,90.4,90.4
Bannwald_Buche,15,269,09-26,17.1,17.1,38.1,62.2,81.2,91.4,91.4
Bannwald_Buche,15,270,09-27,17.2,17.2,39.9,63.9,82.3,92.6,92.6
Bannwald_Buche,15,271,09-28,17.2,17.2,41.3,65.8,84.2,93.8,93.8
Bannwald_Buche,15,272,09-29,17.3,17.3,42.6,67,86.0,96.1,96.1
Bannwald_Buche,15,273,09-30,17.3,17.3,43.8,68.9,88.2,98.5,98.5
Bannwald_Buche,15,274,10-01,17.3,17.3,45.1,70.9,90.1,100.7,100.7
Bannwald_Buche,15,275,10-02,17.3,17.3,45.8,73.1,91.8,100.5,100.5
Bannwald_Buche,15,276,10-03,17.4,17.4,46.6,74.4,91.5,100.2,100.2
Bannwald_Buche,15,277,10-04,17.9,17.9,47.5,75.7,91.7,100.0,100.0
Bannwald_Buche,15,278,10-05,18.5,18.5,49.5,76.8,92.1,99.5,99.5
Bannwald_Buche,15,279,10-06,18.8,18.8,51.0,77.3,91.7,99.7,99.7
Bannwald_Buche,15,280,10-07,19.0,19.0,52.3,77.2,90.8,99.4,99.4
Bannwald_Buche,15,281,10-08,19.2,19.2,52.6,76.6,90.2,99.1,99.1
Bannwald_Buche,15,282,10-09,19.4,19.4,52.9,75.9,89.9,100.6,100.6
Bannwald_Buche,15,283,10-10,19.6,19.6,53.2,75.6,89.7,101.8,101.8
Bannwald_Buche,15,284,10-11,20.3,20.3,53.9,75.7,89.9,102.7,102.7
Bannwald_Buche,15,285,10-12,20.6,20.6,54.7,76.1,90.4,103.2,103.2
Bannwald_Buche,15,286,10-13,20.7,20.7,56.6,76.4,91.0,103.7,103.7
Bannwald_Buche,15,287,10-14,21.0,21.0,58.1,77.4,91.5,104.2,104.2
Bannwald_Buche,15,288,10-15,22.2,22.2,59.3,77.4,91.4,104.2,104.2
Bannwald_Buche,15,289,10-16,24.9,24.9,60.4,77.6,91.8,103.7,103.7
Bannwald_Buche,15,290,10-17,27.8,27.8,61.5,77.7,91.9,103.7,103.7
Bannwald_Buche,15,291,10-18,30.7,30.7,62.6,77.9,91.4,104.0,104.0
Bannwald_Buche,15,292,10-19,33.2,33.2,63.6,78.3,91.6,103.6,103.6
Bannwald_Buche,15,293,10-20,35.5,35.5,64.8,78.3,91.4,102.7,102.7
Bannwald_Buche,15,294,10-21,38.2,38.2,66.1,78.4,91.7,102.4,102.4
Bannwald_Buche,15,295,10-22,41.0,41.0,67.3,79.4,92.4,102.8,102.8
Bannwald_Buche,15,296,10-23,43.7,43.7,68.5,80.4,93.5,104.0,104.0
Bannwald_Buche,15,297,10-24,45.2,45.2,69.8,81.4,94.5,105.5,105.5
Bannwald_Buche,15,298,10-25,46.7,46.7,70.0,82.4,95.8,107.0,107.0
Bannwald_Buche,15,299,10-26,48.5,48.5,70.3,83.2,96.9,107.6,107.6
Bannwald_Buche,15,300,10-27,50.6,50.6,70.5,84.1,98.0,108.4,108.4
Bannwald_Buche,15,301,10-28,52.7,52.7,70.9,84.8,98.9,108.9,108.9
Bannwald_Buche,15,302,10-29,54.9,54.9,71.4,85.6,99.9,108.3,108.3
Bannwald_Buche,15,303,10-30,57.1,57.1,72.0,86.8,100.7,108.1,108.1
Bannwald_Buche,15,304,10-31,59.1,59.1,72.8,87.7,101.3,108.1,108.1
Bannwald_Buche,15,305,11-01,61.7,61.7,73.5,87.7,100.8,107.8,107.8
Bannwald_Buche,15,306,11-02,64.6,64.6,73.7,87.9,100.3,107.2,107.2
Bannwald_Buche,15,307,11-03,67.2,67.2,73.6,87.8,100.1,106.9,106.9
Bannwald_Buche,15,308,11-04,68.9,68.9,73.5,88,100.3,106.9,106.9
Bannwald_Buche,15,309,11-05,69.2,69.2,73.5,88.1,99.9,106.7,106.7
Bannwald_Buche,15,310,11-06,69.5,69.5,73.9,88.4,100.0,106.1,106.1
Bannwald_Buche,15,311,11-07,69.9,69.9,74.9,88.9,100.8,106.0,106.0
Bannwald_Buche,15,312,11-08,70.7,70.7,76.0,89.5,101.0,106.3,106.3
Bannwald_Buche,15,313,11-09,71.6,71.6,77.2,90.1,101.3,106.4,106.4
Bannwald_Buche,15,314,11-10,72.7,72.7,78.2,90.8,101.4,106.6,106.6
Bannwald_Buche,15,315,11-11,73.8,73.8,79.4,90.6,101.1,106.8,106.8
Bannwald_Buche,15,316,11-12,74.9,74.9,80.4,90.3,100.3,106.3,106.3
Bannwald_Buche,15,317,11-13,75.9,75.9,81.1,90.3,99.8,105.5,105.5
Bannwald_Buche,15,318,11-14,76.6,76.6,81.8,90,99.4,105.9,105.9
Bannwald_Buche,15,319,11-15,77.3,77.3,82.5,89.9,98.9,106.0,106.0
Bannwald_Buche,15,320,11-16,78.0,78.0,83.2,90,98.5,105.9,105.9
Bannwald_Buche,15,321,11-17,78.8,78.8,84.0,90.2,98.3,105.7,105.7
Bannwald_Buche,15,322,11-18,79.5,79.5,84.7,90.6,98.3,105.6,105.6
Bannwald_Buche,15,323,11-19,80.2,80.2,85.3,90.9,99.2,106.6,106.6
Bannwald_Buche,15,324,11-20,80.6,80.6,85.5,90.9,99.8,107.1,107.1
Bannwald_Buche,15,325,11-21,80.7,80.7,85.7,91.9,100.6,107.8,107.8
Bannwald_Buche,15,326,11-22,80.6,80.6,85.7,92.6,101.3,108.9,108.9
Bannwald_Buche,15,327,11-23,80.6,80.6,85.8,93,101.9,109.5,109.5
Bannwald_Buche,15,328,11-24,80.6,80.6,85.9,93.3,102.1,110.9,110.9
Bannwald_Buche,15,329,11-25,80.7,80.7,86.1,93.9,102.6,111.9,111.9
Bannwald_Buche,15,330,11-26,80.6,80.6,85.9,94.3,103.3,112.7,112.7
Bannwald_Buche,15,331,11-27,80.6,80.6,85.7,94.5,103.1,112.8,112.8
Bannwald_Buche,15,332,11-28,80.6,80.6,85.6,94.9,103.6,113.4,113.4
Bannwald_Buche,15,333,11-29,80.5,80.5,85.5,95.3,104.1,114.0,114.0
Bannwald_Buche,15,334,11-30,80.0,80.0,85.5,95.7,104.6,114.4,114.4
Bannwald_Buche,15,335,12-01,79.3,79.3,85.4,96,105.0,114.6,114.6
Bannwald_Buche,15,336,12-02,78.6,78.6,85.9,96.6,105.6,115.3,115.3
Bannwald_Buche,15,337,12-03,78.1,78.1,86.4,97.8,106.5,116.0,116.0
Bannwald_Buche,15,338,12-04,78.4,78.4,86.8,98.4,107.3,115.8,115.8
Bannwald_Buche,15,339,12-05,79.0,79.0,87.3,99,107.9,115.9,115.9
Bannwald_Buche,15,340,12-06,79.5,79.5,87.7,99.5,108.3,116.1,116.1
Bannwald_Buche,15,341,12-07,80.0,80.0,87.9,99.9,108.7,116.2,116.2
Bannwald_Buche,15,342,12-08,80.4,80.4,88.1,99.9,108.9,116.3,116.3
Bannwald_Buche,15,343,12-09,80.8,80.8,88.3,99.9,108.2,115.3,115.3
Bannwald_Buche,15,344,12-10,81.3,81.3,88.5,99.9,107.8,115.0,115.0
Bannwald_Buche,15,345,12-11,81.9,81.9,88.9,99.5,107.2,115.1,115.1
Bannwald_Buche,15,346,12-12,82.4,82.4,89.7,99.4,107.0,114.7,114.7
Bannwald_Buche,15,347,12-13,82.9,82.9,90.4,99.5,107.0,114.9,114.9
Bannwald_Buche,15,348,12-14,83.3,83.3,91.3,99.8,107.7,114.2,114.2
Bannwald_Buche,15,349,12-15,83.7,83.7,92.0,99.9,108.2,114.0,114.0
Bannwald_Buche,15,350,12-16,83.9,83.9,92.5,100,108.5,114.1,114.1
Bannwald_Buche,15,351,12-17,84.1,84.1,92.6,100.1,109.2,114.7,114.7
Bannwald_Buche,15,352,12-18,84.4,84.4,92.5,100.1,109.2,114.7,114.7
Bannwald_Buche,15,353,12-19,84.6,84.6,92.4,99.9,109.4,114.7,114.7
Bannwald_Buche,15,354,12-20,84.9,84.9,92.4,99.8,109.4,115.0,115.0
Bannwald_Buche,15,355,12-21,85.1,85.1,92.3,99.7,109.3,115.1,115.1
Bannwald_Buche,15,356,12-22,85.6,85.6,91.9,99.4,109.3,114.8,114.8
Bannwald_Buche,15,357,12-23,86.2,86.2,91.7,98.7,109.1,114.6,114.6
Bannwald_Buche,15,358,12-24,85.9,85.9,91.4,98.4,108.6,114.4,114.4
Bannwald_Buche,15,359,12-25,85.4,85.4,91.0,98.2,108.4,114.2,114.2
Bannwald_Buche,15,360,12-26,84.9,84.9,90.8,98.1,108.4,114.2,114.2
Bannwald_Buche,15,361,12-27,84.6,84.6,90.8,98.3,108.6,114.6,114.6
Bannwald_Buche,15,362,12-28,84.5,84.5,90.9,98.8,109.0,115.1,115.1
Bannwald_Buche,15,363,12-29,84.2,84.2,91.1,99.4,109.6,115.9,115.9
Bannwald_Buche,15,364,12-30,83.9,83.9,91.3,100.1,110.4,116.4,116.4
Bannwald_Buche,15,365,12-31,83.6,83.6,91.4,100.4,111.4,116.3,
Bannwald_Buche,30,1,01-01,76.1,80.5,87.4,96.4,105.3,112.3,114.9
Bannwald_Buche,30,2,01-02,76.1,80.8,87.5,96.7,105.0,111.5,114.4
Bannwald_Buche,30,3,01-03,76.1,81.2,88.1,96.9,104.7,110.9,113.8
Bannwald_Buche,30,4,01-04,76.1,81.5,88.7,96.9,104.5,110.8,114.7
Bannwald_Buche,30,5,01-05,76.1,81.7,89.0,97,104.4,110.7,114.4
Bannwald_Buche,30,6,01-06,76.2,81.8,89.2,97,104.3,110.4,113.9
Bannwald_Buche,30,7,01-07,76.9,82.1,89.4,96.9,104.1,110.3,113.9
Bannwald_Buche,30,8,01-08,77.4,82.6,89.6,96.9,104.1,110.2,113.8
Bannwald_Buche,30,9,01-09,77.9,82.9,89.6,96.9,104.0,110.0,114.1
Bannwald_Buche,30,10,01-10,78.4,83.1,89.6,96.9,103.8,109.7,113.9
Bannwald_Buche,30,11,01-11,78.8,83.3,89.5,96.9,103.7,110.1,114.5
Bannwald_Buche,30,12,01-12,79.2,83.5,89.5,97.1,103.7,110.9,116.0
Bannwald_Buche,30,13,01-13,79.7,83.5,89.8,97.3,103.5,110.9,116.0
Bannwald_Buche,30,14,01-14,80.1,83.6,90.0,97.5,103.3,110.3,115.5
Bannwald_Buche,30,15,01-15,80.4,83.7,90.1,97.8,103.0,109.5,114.5
Bannwald_Buche,30,16,01-16,80.7,83.9,90.2,97.9,102.7,109.2,114.1
Bannwald_Buche,30,17,01-17,81.0,84.1,90.4,97.7,102.4,109.0,114.0
Bannwald_Buche,30,18,01-18,81.2,84.4,90.8,97.5,102.2,109.1,116.0
Bannwald_Buche,30,19,01-19,81.4,84.7,90.9,97.4,102.2,109.6,117.8
Bannwald_Buche,30,20,01-20,81.6,84.9,91.2,97.3,102.0,110.0,118.7
Bannwald_Buche,30,21,01-21,81.7,85.2,91.5,97.3,102.3,110.8,120.2
Bannwald_Buche,30,22,01-22,81.8,85.1,91.7,97.3,102.5,111.3,121.1
Bannwald_Buche,30,23,01-23,81.8,84.9,91.8,97.4,103.1,112.3,122.2
Bannwald_Buche,30,24,01-24,81.9,85.0,91.8,97.5,103.4,113.2,123.5
Bannwald_Buche,30,25,01-25,81.9,85.3,91.9,97.7,103.7,114.1,124.4
Bannwald_Buche,30,26,01-26,82.3,85.6,92.0,97.9,103.9,114.8,125.1
Bannwald_Buche,30,27,01-27,82.4,85.7,92.3,98.1,104.0,115.0,125.2
Bannwald_Buche,30,28,01-28,82.4,85.7,92.5,98.2,104.0,115.2,125.9
Bannwald_Buche,30,29,01-29,82.4,85.7,92.6,98.4,103.9,115.7,125.6
Bannwald_Buche,30,30,01-30,82.3,85.8,92.7,98.4,103.9,116.6,126.3
Bannwald_Buche,30,31,01-31,82.3,85.8,92.9,98.5,103.8,116.6,126.3
Bannwald_Buche,30,32,02-01,82.2,85.7,93.1,98.5,103.7,115.9,125.1
Bannwald_Buche,30,33,02-02,82.1,85.6,93.2,98.5,103.7,115.7,125.0
Bannwald_Buche,30,34,02-03,82.0,85.4,93.3,98.6,103.8,116.0,125.4
Bannwald_Buche,30,35,02-04,81.9,85.3,93.4,98.6,103.9,116.5,126.2
Bannwald_Buche,30,36,02-05,81.8,85.2,93.5,98.7,104.1,116.7,126.5
Bannwald_Buche,30,37,02-06,81.7,85.0,93.6,98.9,104.3,117.2,127.4
Bannwald_Buche,30,38,02-07,81.6,84.9,93.4,99,104.7,117.7,125.9
Bannwald_Buche,30,39,02-08,81.7,84.8,93.3,99,104.8,117.7,124.5
Bannwald_Buche,30,40,02-09,81.9,84.9,93.2,99,105.0,117.2,123.7
Bannwald_Buche,30,41,02-10,82.2,85.2,93.2,99,104.6,116.7,122.4
Bannwald_Buche,30,42,02-11,82.4,85.5,93.2,99,104.5,116.4,121.8
Bannwald_Buche,30,43,02-12,82.6,85.8,92.9,98.9,104.0,115.9,120.9
Bannwald_Buche,30,44,02-13,82.8,85.9,92.7,98.9,103.9,115.0,119.0
Bannwald_Buche,30,45,02-14,83.0,85.8,92.6,98.8,103.6,114.0,118.4
Bannwald_Buche,30,46,02-15,83.1,85.8,92.5,98.6,103.4,113.5,118.1
Bannwald_Buche,30,47,02-16,83.2,85.8,92.3,98.5,103.4,113.3,118.1
Bannwald_Buche,30,48,02-17,83.2,85.7,92.1,98.4,103.7,113.4,117.7
Bannwald_Buche,30,49,02-18,83.3,85.7,92.0,98.4,104.0,113.4,117.8
Bannwald_Buche,30,50,02-19,83.3,85.7,92.0,98.5,104.2,113.2,118.0
Bannwald_Buche,30,51,02-20,83.3,85.7,92.0,98.6,104.5,113.0,117.7
Bannwald_Buche,30,52,02-21,83.3,85.8,92.0,98.7,104.5,113.0,118.2
Bannwald_Buche,30,53,02-22,83.4,86.0,92.0,98.7,104.5,112.8,118.3
Bannwald_Buche,30,54,02-23,83.4,86.2,92.0,98.6,104.5,112.7,118.5
Bannwald_Buche,30,55,02-24,83.5,86.3,91.9,98.5,104.3,112.8,118.7
Bannwald_Buche,30,56,02-25,83.6,86.5,92.0,98.4,104.1,113.4,119.2
Bannwald_Buche,30,57,02-26,83.7,86.5,92.1,98.3,103.9,113.5,119.3
Bannwald_Buche,30,58,02-27,83.8,86.8,92.1,98.2,103.5,113.4,119.3
Bannwald_Buche,30,59,02-28,83.8,86.9,92.2,98.1,103.3,113.2,119.5
Bannwald_Buche,30,60,03-01,83.6,86.9,92.1,98.1,102.9,113.2,120.1
Bannwald_Buche,30,61,03-02,83.5,86.9,92.1,97.9,102.8,113.1,120.4
Bannwald_Buche,30,62,03-03,83.3,87.0,92.3,97.9,102.9,113.9,121.2
Bannwald_Buche,30,63,03-04,83.1,87.0,92.4,98.2,103.3,114.1,121.4
Bannwald_Buche,30,64,03-05,83.0,87.0,92.5,98.3,103.3,114.1,121.9
Bannwald_Buche,30,65,03-06,83.1,87.0,92.5,98.4,103.5,114.4,121.9
Bannwald_Buche,30,66,03-07,83.1,86.9,92.6,98.3,103.6,114.3,121.6
Bannwald_Buche,30,67,03-08,83.0,86.9,92.5,98.3,103.7,114.1,121.2
Bannwald_Buche,30,68,03-09,82.9,87.0,92.6,98.2,103.5,113.7,120.8
Bannwald_Buche,30,69,03-10,82.9,87.0,92.6,98.1,103.2,113.3,120.3
Bannwald_Buche,30,70,03-11,82.9,87.0,92.6,97.9,102.9,112.5,119.4
Bannwald_Buche,30,71,03-12,83.0,87.0,92.6,97.7,102.5,111.9,118.9
Bannwald_Buche,30,72,03-13,83.1,87.0,92.5,97.5,102.3,111.5,117.7
Bannwald_Buche,30,73,03-14,83.1,86.9,92.4,97.4,102.1,111.1,117.6
Bannwald_Buche,30,74,03-15,83.2,86.9,92.4,97.3,101.8,110.5,117.3
Bannwald_Buche,30,75,03-16,83.3,86.8,92.5,97.2,101.5,109.7,116.2
Bannwald_Buche,30,76,03-17,83.4,86.9,92.5,97,101.3,108.5,115.2
Bannwald_Buche,30,77,03-18,83.4,87.1,92.5,96.8,101.1,107.7,114.2
Bannwald_Buche,30,78,03-19,83.5,87.1,92.6,96.7,100.8,107.0,113.7
Bannwald_Buche,30,79,03-20,83.5,87.1,92.5,96.5,100.5,106.9,113.1
Bannwald_Buche,30,80,03-21,83.7,87.1,92.4,96.3,100.4,106.9,112.4
Bannwald_Buche,30,81,03-22,83.9,87.1,92.3,96.2,100.5,106.8,111.9
Bannwald_Buche,30,82,03-23,84.2,87.0,92.1,95.9,100.4,105.9,111.5
Bannwald_Buche,30,83,03-24,84.4,87.0,92.0,95.2,100.1,105.5,111.6
Bannwald_Buche,30,84,03-25,84.6,87.0,91.8,94.8,100.1,105.7,111.5
Bannwald_Buche,30,85,03-26,84.5,87.0,91.7,94.6,99.9,105.8,111.6
Bannwald_Buche,30,86,03-27,84.2,87.0,91.6,94.5,99.8,106.4,112.6
Bannwald_Buche,30,87,03-28,83.9,86.9,91.5,94.2,99.7,107.0,113.2
Bannwald_Buche,30,88,03-29,83.5,86.8,91.3,94,99.6,107.2,114.3
Bannwald_Buche,30,89,03-30,83.1,86.7,91.0,93.8,99.6,107.3,115.6
Bannwald_Buche,30,90,03-31,82.8,86.6,90.8,93.7,99.6,107.8,116.2
Bannwald_Buche,30,91,04-01,82.4,86.5,90.5,93.6,99.7,108.3,116.5
Bannwald_Buche,30,92,04-02,82.0,86.4,90.2,93.4,99.9,109.0,117.4
Bannwald_Buche,30,93,04-03,81.7,86.2,89.8,93.5,100.1,109.4,117.2
Bannwald_Buche,30,94,04-04,81.5,86.1,89.5,93.7,100.3,109.7,117.0
Bannwald_Buche,30,95,04-05,81.3,86.0,89.1,93.7,100.4,109.8,117.1
Bannwald_Buche,30,96,04-06,81.1,85.8,88.8,93.8,100.6,110.1,117.4
Bannwald_Buche,30,97,04-07,81.0,85.5,88.5,94,101.0,111.1,118.4
Bannwald_Buche,30,98,04-08,80.7,85.2,88.4,94.2,101.6,111.7,118.8
Bannwald_Buche,30,99,04-09,80.3,84.9,88.3,94.3,102.0,111.7,119.0
Bannwald_Buche,30,100,04-10,79.9,84.6,88.2,94.3,102.1,111.5,119.6
Bannwald_Buche,30,101,04-11,79.3,84.1,88.0,94.3,101.8,111.3,120.0
Bannwald_Buche,30,102,04-12,78.6,83.4,87.6,94.2,101.4,111.0,119.4
Bannwald_Buche,30,103,04-13,78.0,82.7,87.3,94.1,101.0,110.7,118.8
Bannwald_Buche,30,104,04-14,77.4,82.1,87.1,94,100.6,110.3,118.0
Bannwald_Buche,30,105,04-15,76.7,81.3,86.8,93.8,100.5,110.1,118.0
Bannwald_Buche,30,106,04-16,76.0,80.8,86.6,93.6,100.3,109.7,117.6
Bannwald_Buche,30,107,04-17,75.3,80.3,86.5,94,100.4,109.5,117.6
Bannwald_Buche,30,108,04-18,74.6,79.8,86.5,94.4,100.5,109.4,116.8
Bannwald_Buche,30,109,04-19,73.9,79.2,86.5,94.6,100.7,109.3,115.6
Bannwald_Buche,30,110,04-20,73.3,78.6,86.4,94.6,100.8,109.1,115.1
Bannwald_Buche,30,111,04-21,72.7,78.1,86.4,94.6,101.1,109.2,116.0
Bannwald_Buche,30,112,04-22,72.1,77.6,86.4,94.6,101.4,109.5,116.1
Bannwald_Buche,30,113,04-23,71.5,77.2,86.4,94.5,101.6,109.7,116.7
Bannwald_Buche,30,114,04-24,70.8,76.8,86.4,94.4,101.8,109.7,117.1
Bannwald_Buche,30,115,04-25,70.2,76.6,86.4,94.3,101.9,110.0,117.9
Bannwald_Buche,30,116,04-26,69.4,76.6,86.3,94.3,102.1,110.0,118.2
Bannwald_Buche,30,117,04-27,68.5,76.6,86.4,94.3,102.0,109.3,118.5
Bannwald_Buche,30,118,04-28,67.6,76.5,86.2,94.2,101.8,109.2,118.3
Bannwald_Buche,30,119,04-29,66.6,76.3,86.2,94.2,101.9,110.7,119.2
Bannwald_Buche,30,120,04-30,65.4,76.3,86.2,94.3,102.3,112.1,119.7
Bannwald_Buche,30,121,05-01,64.2,76.2,86.2,94.3,102.5,113.6,120.5
Bannwald_Buche,30,122,05-02,63.1,76.2,86.0,94.3,102.9,115.4,121.9
Bannwald_Buche,30,123,05-03,62.0,76.2,86.0,94.7,103.6,117.0,123.3
Bannwald_Buche,30,124,05-04,60.7,75.9,86.0,95.1,104.3,118.4,124.6
Bannwald_Buche,30,125,05-05,59.6,75.6,86.0,95.3,104.4,118.5,124.9
Bannwald_Buche,30,126,05-06,58.5,74.9,85.6,95.3,104.5,118.8,125.1
Bannwald_Buche,30,127,05-07,57.5,74.2,85.7,95.2,104.9,119.2,125.8
Bannwald_Buche,30,128,05-08,56.3,73.4,85.7,94.9,104.9,119.4,126.4
Bannwald_Buche,30,129,05-09,55.0,72.6,85.7,94.8,104.6,119.3,126.8
Bannwald_Buche,30,130,05-10,53.6,71.8,85.8,95,104.6,121.5,128.9
Bannwald_Buche,30,131,05-11,52.1,70.9,85.8,95.2,104.6,123.5,130.0
Bannwald_Buche,30,132,05-12,50.7,69.8,85.7,95.6,104.7,124.2,130.6
Bannwald_Buche,30,133,05-13,49.1,68.7,85.6,95.8,104.8,124.6,130.5
Bannwald_Buche,30,134,05-14,47.4,67.6,85.5,95.9,105.0,124.9,130.3
Bannwald_Buche,30,135,05-15,45.6,66.2,85.2,96.1,105.3,125.1,129.6
Bannwald_Buche,30,136,05-16,43.8,64.6,84.9,96,105.3,125.1,129.0
Bannwald_Buche,30,137,05-17,42.2,63.0,84.5,95.6,105.2,125.1,128.0
Bannwald_Buche,30,138,05-18,40.7,61.5,84.1,95.4,105.0,124.9,127.8
Bannwald_Buche,30,139,05-19,39.4,60.0,83.7,95.1,104.7,123.8,126.7
Bannwald_Buche,30,140,05-20,38.1,58.3,83.4,94.8,104.4,122.8,125.7
Bannwald_Buche,30,141,05-21,37.8,56.9,82.9,94.7,104.7,121.8,125.3
Bannwald_Buche,30,142,05-22,37.5,55.9,82.5,94.5,104.1,121.1,125.3
Bannwald_Buche,30,143,05-23,37.1,54.9,82.2,94.1,103.7,120.3,125.1
Bannwald_Buche,30,144,05-24,36.8,53.8,81.8,93.5,103.3,119.5,124.6
Bannwald_Buche,30,145,05-25,36.4,52.8,81.5,93.2,103.3,119.4,124.2
Bannwald_Buche,30,146,05-26,35.9,51.8,81.3,92.9,103.2,118.9,123.4
Bannwald_Buche,30,147,05-27,35.4,50.8,80.4,92.2,102.6,117.9,121.9
Bannwald_Buche,30,148,05-28,35.3,50.2,79.5,91.6,102.2,117.3,120.9
Bannwald_Buche,30,149,05-29,35.2,49.7,78.5,91.2,102.6,117.6,120.6
Bannwald_Buche,30,150,05-30,35.1,49.0,77.5,90.8,102.8,115.6,118.7
Bannwald_Buche,30,151,05-31,34.9,48.3,76.5,90.3,102.4,113.2,116.6
Bannwald_Buche,30,152,06-01,34.7,47.6,75.7,89.5,102.0,111.5,115.5
Bannwald_Buche,30,153,06-02,34.5,46.7,74.9,88.7,101.5,110.8,115.2
Bannwald_Buche,30,154,06-03,34.2,45.8,74.1,87.7,100.8,110.5,115.1
Bannwald_Buche,30,155,06-04,33.9,45.0,73.4,86.7,100.1,110.3,115.1
Bannwald_Buche,30,156,06-05,33.7,44.1,72.5,86.1,100.0,110.5,115.2
Bannwald_Buche,30,157,06-06,33.4,43.1,71.5,85.8,99.9,110.3,115.1
Bannwald_Buche,30,158,06-07,33.0,42.1,70.9,85.4,99.5,109.9,115.2
Bannwald_Buche,30,159,06-08,32.6,41.1,70.3,85.2,99.4,108.9,114.7
Bannwald_Buche,30,160,06-09,32.3,40.0,69.8,84.6,98.8,108.3,114.3
Bannwald_Buche,30,161,06-10,31.3,38.8,69.3,84,97.8,107.7,113.3
Bannwald_Buche,30,162,06-11,30.3,37.5,68.7,83.3,97.3,106.5,111.8
Bannwald_Buche,30,163,06-12,29.7,36.3,67.6,82.6,96.3,105.5,110.6
Bannwald_Buche,30,164,06-13,29.1,35.6,66.7,81.9,95.6,104.6,109.5
Bannwald_Buche,30,165,06-14,28.8,35.1,65.2,81.1,94.5,103.6,108.5
Bannwald_Buche,30,166,06-15,28.3,34.6,63.8,80.4,93.5,102.8,107.6
Bannwald_Buche,30,167,06-16,27.9,33.9,62.4,79.7,92.4,102.6,107.4
Bannwald_Buche,30,168,06-17,27.2,33.0,61.3,79.1,91.3,102.2,107.1
Bannwald_Buche,30,169,06-18,26.4,32.3,60.5,78.1,90.1,101.2,106.2
Bannwald_Buche,30,170,06-19,25.7,32.0,59.9,76.7,89.1,100.2,106.2
Bannwald_Buche,30,171,06-20,25.8,32.0,59.4,75.4,88.2,100.1,106.5
Bannwald_Buche,30,172,06-21,25.8,32.1,58.8,74.5,87.4,99.9,106.7
Bannwald_Buche,30,173,06-22,25.8,32.2,57.9,73.6,87.3,99.5,106.0
Bannwald_Buche,30,174,06-23,25.8,32.3,56.8,72.9,87.2,99.3,105.9
Bannwald_Buche,30,175,06-24,25.9,32.3,56.0,72,87.1,99.1,105.9
Bannwald_Buche,30,176,06-25,26.1,32.7,55.4,71,86.5,98.6,105.5
Bannwald_Buche,30,177,06-26,26.2,32.8,54.7,69.8,85.9,98.2,104.9
Bannwald_Buche,30,178,06-27,26.5,33.0,53.5,68.6,85.9,97.9,104.5
Bannwald_Buche,30,179,06-28,26.7,33.8,52.3,67.4,85.6,97.8,104.0
Bannwald_Buche,30,180,06-29,26.8,34.4,51.1,66.3,85.2,97.3,103.4
Bannwald_Buche,30,181,06-30,26.6,35.1,50.1,65.7,84.8,96.7,102.7
Bannwald_Buche,30,182,07-01,26.7,35.6,49.6,64.9,84.4,96.1,101.9
Bannwald_Buche,30,183,07-02,26.8,36.1,48.9,64.6,84.1,95.7,101.5
Bannwald_Buche,30,184,07-03,26.7,36.1,47.9,64.3,84.3,96.0,102.7
Bannwald_Buche,30,185,07-04,26.3,35.8,47.2,64.1,84.6,96.3,103.5
Bannwald_Buche,30,186,07-05,26.3,35.5,46.8,63.9,85.1,96.8,105.3
Bannwald_Buche,30,187,07-06,26.2,35.8,47.0,63.6,85.5,97.1,106.1
Bannwald_Buche,30,188,07-07,26.1,35.6,46.9,63.5,85.6,97.3,106.7
Bannwald_Buche,30,189,07-08,25.6,35.2,46.3,63,85.3,97.4,107.0
Bannwald_Buche,30,190,07-09,25.1,34.4,45.5,62.4,84.7,97.3,105.9
Bannwald_Buche,30,191,07-10,23.9,33.3,44.5,61.8,84.1,96.5,104.6
Bannwald_Buche,30,192,07-11,23.0,32.3,43.6,60.8,83.4,96.1,103.2
Bannwald_Buche,30,193,07-12,22.2,31.3,43.0,60,82.1,95.5,104.4
Bannwald_Buche,30,194,07-13,21.3,30.4,42.9,59.5,80.7,95.0,104.1
Bannwald_Buche,30,195,07-14,20.5,30.4,42.7,59.1,79.5,94.4,103.4
Bannwald_Buche,30,196,07-15,19.6,30.2,42.4,58.8,78.6,93.8,102.8
Bannwald_Buche,30,197,07-16,18.8,30.3,42.2,58.3,77.8,93.2,102.3
Bannwald_Buche,30,198,07-17,17.9,30.2,42.3,57.7,76.6,92.8,101.5
Bannwald_Buche,30,199,07-18,17.4,30.1,42.2,57.9,76.6,93.8,102.5
Bannwald_Buche,30,200,07-19,17.2,30.2,42.3,58.3,76.7,94.3,103.0
Bannwald_Buche,30,201,07-20,16.8,29.6,42.1,58.1,77.0,94.5,104.3
Bannwald_Buche,30,202,07-21,16.2,28.8,41.6,58,77.2,94.7,105.4
Bannwald_Buche,30,203,07-22,15.5,28.2,41.6,58,77.3,94.5,105.7
Bannwald_Buche,30,204,07-23,15.7,28.4,42.0,57.8,76.9,94.0,104.5
Bannwald_Buche,30,205,07-24,15.5,28.4,42.6,57.6,76.1,93.7,103.6
Bannwald_Buche,30,206,07-25,14.8,28.6,43.0,57.4,75.2,92.9,101.6
Bannwald_Buche,30,207,07-26,13.9,28.5,43.2,57.1,74.7,91.6,100.0
Bannwald_Buche,30,208,07-27,13.0,28.5,43.3,57.2,74.8,90.9,99.1
Bannwald_Buche,30,209,07-28,12.8,28.6,43.5,57.7,74.8,92.1,99.9
Bannwald_Buche,30,210,07-29,12.5,28.8,43.7,58.2,75.0,92.9,100.6
Bannwald_Buche,30,211,07-30,12.2,29.1,43.8,58.6,75.3,93.4,101.0
Bannwald_Buche,30,212,07-31,11.7,29.4,43.9,59,75.6,93.4,101.1
Bannwald_Buche,30,213,08-01,11.3,29.8,43.9,59.2,75.9,93.3,99.1
Bannwald_Buche,30,214,08-02,10.9,30.2,43.7,59,76.1,93.4,98.6
Bannwald_Buche,30,215,08-03,10.5,29.8,43.2,58.8,76.5,93.6,98.7
Bannwald_Buche,30,216,08-04,10.1,29.1,42.8,58.5,76.6,93.9,98.8
Bannwald_Buche,30,217,08-05,9.8,28.6,42.3,58.6,77.0,94.1,98.8
Bannwald_Buche,30,218,08-06,9.5,28.2,41.6,59.3,77.5,94.0,98.7
Bannwald_Buche,30,219,08-07,8.9,27.7,41.1,59.2,77.0,92.4,97.4
Bannwald_Buche,30,220,08-08,8.8,27.3,40.4,58.7,76.5,91.5,96.4
Bannwald_Buche,30,221,08-09,9.6,27.5,40.1,58.3,76.0,91.0,95.1
Bannwald_Buche,30,222,08-10,10.5,27.8,39.9,58,75.6,91.1,94.1
Bannwald_Buche,30,223,08-11,10.9,28.0,39.6,57.3,75.4,92.2,94.8
Bannwald_Buche,30,224,08-12,10.6,27.4,38.8,56.7,74.7,92.3,94.6
Bannwald_Buche,30,225,08-13,10.7,26.9,38.1,56.2,74.4,92.2,94.6
Bannwald_Buche,30,226,08-14,11.1,26.3,37.5,55.8,74.2,92.3,94.5
Bannwald_Buche,30,227,08-15,11.5,25.6,37.2,55.6,74.1,92.6,94.4
Bannwald_Buche,30,228,08-16,11.9,25.8,37.1,54.9,73.5,92.4,93.8
Bannwald_Buche,30,229,08-17,12.4,26.0,37.0,54.3,73.0,90.2,92.0
Bannwald_Buche,30,230,08-18,13.7,26.4,37.0,54,72.6,89.6,92.1
Bannwald_Buche,30,231,08-19,14.9,26.6,37.0,53.9,72.2,89.3,92.3
Bannwald_Buche,30,232,08-20,16.0,26.8,37.0,54,71.8,89.1,92.4
Bannwald_Buche,30,233,08-21,17.1,26.9,37.5,54.5,72.0,88.7,92.7
Bannwald_Buche,30,234,08-22,18.4,27.4,38.0,55.2,72.3,88.2,92.4
Bannwald_Buche,30,235,08-23,19.7,27.9,39.1,56.2,72.2,87.8,92.1
Bannwald_Buche,30,236,08-24,21.0,28.5,40.0,56.9,72.2,87.6,91.9
Bannwald_Buche,30,237,08-25,22.4,29.0,40.7,57.2,71.7,87.4,91.8
Bannwald_Buche,30,238,08-26,23.7,29.5,41.6,56.9,71.2,87.3,91.8
Bannwald_Buche,30,239,08-27,25.0,29.6,42.3,56.3,70.7,87.3,91.7
Bannwald_Buche,30,240,08-28,25.7,29.7,42.9,55.9,70.4,87.0,91.4
Bannwald_Buche,30,241,08-29,25.8,30.0,43.3,56,70.4,87.2,91.1
Bannwald_Buche,30,242,08-30,25.8,30.3,43.6,56.1,70.3,87.2,91.7
Bannwald_Buche,30,243,08-31,25.8,30.5,43.7,56.8,70.3,86.1,90.7
Bannwald_Buche,30,244,09-01,26.0,30.8,44.0,57.6,70.4,85.6,90.4
Bannwald_Buche,30,245,09-02,26.2,31.0,44.2,58.2,70.9,85.5,90.3
Bannwald_Buche,30,246,09-03,26.4,31.4,44.1,58.8,71.2,85.3,90.3
Bannwald_Buche,30,247,09-04,27.0,32.0,43.8,59.3,71.4,85.3,91.4
Bannwald_Buche,30,248,09-05,27.5,31.7,43.5,59.7,71.8,86.0,92.7
Bannwald_Buche,30,249,09-06,28.0,31.5,43.2,59.9,72.3,87.3,93.7
Bannwald_Buche,30,250,09-07,27.8,31.0,43.3,60,72.4,87.2,93.4
Bannwald_Buche,30,251,09-08,27.5,31.2,43.8,60.1,72.6,87.4,93.9
Bannwald_Buche,30,252,09-09,27.3,31.4,44.3,60.2,72.7,88.0,94.5
Bannwald_Buche,30,253,09-10,27.1,31.5,44.2,59.8,72.2,88.7,94.7
Bannwald_Buche,30,254,09-11,26.7,31.8,44.0,59.2,71.6,89.0,94.8
Bannwald_Buche,30,255,09-12,26.3,32.2,43.7,58.7,72.5,89.8,95.7
Bannwald_Buche,30,256,09-13,25.9,32.6,43.5,58.5,73.8,90.5,96.4
Bannwald_Buche,30,257,09-14,26.1,32.9,43.6,58.9,74.7,91.0,96.9
Bannwald_Buche,30,258,09-15,26.4,33.1,43.8,59.6,75.5,91.6,97.9
Bannwald_Buche,30,259,09-16,26.6,33.4,44.1,61,76.7,92.3,98.7
Bannwald_Buche,30,260,09-17,26.7,33.9,44.6,62.3,77.9,93.5,100.3
Bannwald_Buche,30,261,09-18,26.7,33.8,45.2,63.3,78.8,94.4,101.2
Bannwald_Buche,30,262,09-19,26.6,33.8,45.9,64.3,79.9,94.5,100.7
Bannwald_Buche,30,263,09-20,26.6,33.8,46.6,64.7,80.6,94.8,100.5
Bannwald_Buche,30,264,09-21,26.6,33.9,47.3,65,81.3,94.8,100.5
Bannwald_Buche,30,265,09-22,26.6,33.9,48.1,65.4,81.8,95.4,101.8
Bannwald_Buche,30,266,09-23,26.5,34.0,48.9,65.7,82.2,96.4,102.5
Bannwald_Buche,30,267,09-24,26.3,34.0,49.5,65.9,83.0,97.2,102.1
Bannwald_Buche,30,268,09-25,26.1,34.0,49.9,66.4,83.7,97.5,102.0
Bannwald_Buche,30,269,09-26,25.9,34.1,50.3,67.1,84.8,98.0,102.4
Bannwald_Buche,30,270,09-27,25.8,34.2,51.0,68.3,85.7,99.0,103.0
Bannwald_Buche,30,271,09-28,25.6,33.9,51.7,69.5,86.9,99.4,102.7
Bannwald_Buche,30,272,09-29,25.5,33.6,52.5,70.4,88.2,99.8,103.4
Bannwald_Buche,30,273,09-30,25.4,33.6,53.3,71.7,89.6,101.3,104.6
Bannwald_Buche,30,274,10-01,25.2,33.3,54.3,73.1,91.2,102.1,105.4
Bannwald_Buche,30,275,10-02,25.1,32.7,55.0,74.3,91.5,101.7,105.1
Bannwald_Buche,30,276,10-03,25.0,32.2,55.6,75.3,91.2,101.4,105.2
Bannwald_Buche,30,277,10-04,24.6,31.8,56.4,76,91.5,101.4,105.3
Bannwald_Buche,30,278,10-05,24.3,31.5,57.0,76.4,91.7,101.6,105.2
Bannwald_Buche,30,279,10-06,24.0,31.2,57.7,76.4,91.6,101.7,105.7
Bannwald_Buche,30,280,10-07,23.9,30.6,58.3,76.4,91.6,101.4,105.2
Bannwald_Buche,30,281,10-08,23.8,30.4,58.8,76.3,91.6,101.0,104.8
Bannwald_Buche,30,282,10-09,23.8,30.4,59.4,76.2,91.6,102.4,106.2
Bannwald_Buche,30,283,10-10,23.8,30.4,60.0,76.5,91.7,103.6,107.3
Bannwald_Buche,30,284,10-11,24.1,30.4,60.8,76.8,91.9,104.3,108.0
Bannwald_Buche,30,285,10-12,24.3,30.5,61.8,77.1,92.5,104.6,107.6
Bannwald_Buche,30,286,10-13,24.4,30.6,63.0,77.6,93.0,104.7,108.5
Bannwald_Buche,30,287,10-14,24.6,30.7,64.2,78.5,93.2,104.9,109.2
Bannwald_Buche,30,288,10-15,25.0,31.1,65.7,79.2,93.3,104.8,109.4
Bannwald_Buche,30,289,10-16,25.4,31.4,67.4,79.8,93.2,104.0,109.0
Bannwald_Buche,30,290,10-17,26.1,32.6,68.3,80.1,93.3,103.4,108.9
Bannwald_Buche,30,291,10-18,26.8,34.2,68.8,80.2,93.1,103.4,109.2
Bannwald_Buche,30,292,10-19,27.6,35.6,69.3,80.5,92.9,103.2,108.6
Bannwald_Buche,30,293,10-20,28.4,36.8,69.8,80.6,92.8,102.1,107.5
Bannwald_Buche,30,294,10-21,29.2,38.4,70.4,80.6,92.8,101.6,107.1
Bannwald_Buche,30,295,10-22,30.2,39.8,71.0,81.1,92.9,101.7,107.4
Bannwald_Buche,30,296,10-23,31.1,41.1,71.5,81.7,93.4,102.3,108.1
Bannwald_Buche,30,297,10-24,31.6,42.4,72.0,82.2,94.1,103.8,109.2
Bannwald_Buche,30,298,10-25,32.0,43.6,72.3,82.8,94.9,104.6,109.9
Bannwald_Buche,30,299,10-26,32.5,44.7,72.6,83.3,95.7,105.4,110.1
Bannwald_Buche,30,300,10-27,32.9,46.0,73.1,83.8,96.2,106.1,110.5
Bannwald_Buche,30,301,10-28,33.5,46.9,73.5,84.4,96.7,106.7,111.0
Bannwald_Buche,30,302,10-29,34.1,47.8,73.9,85.2,97.2,105.8,110.2
Bannwald_Buche,30,303,10-30,34.7,48.7,74.3,85.7,97.6,105.4,109.9
Bannwald_Buche,30,304,10-31,35.0,49.6,74.8,86.3,98.0,105.4,110.3
Bannwald_Buche,30,305,11-01,35.6,50.8,75.2,86.8,98.2,105.5,110.4
Bannwald_Buche,30,306,11-02,36.2,51.9,75.5,87.2,98.5,105.7,110.5
Bannwald_Buche,30,307,11-03,36.7,53.0,75.8,87.3,98.8,106.2,110.7
Bannwald_Buche,30,308,11-04,37.0,54.0,75.8,87.5,99.1,106.8,111.6
Bannwald_Buche,30,309,11-05,37.4,54.9,75.9,87.6,99.3,107.1,111.7
Bannwald_Buche,30,310,11-06,37.5,55.0,76.1,88,99.6,107.3,112.1
Bannwald_Buche,30,311,11-07,37.6,54.7,76.6,88.6,100.0,107.7,112.8
Bannwald_Buche,30,312,11-08,37.7,54.6,77.2,89.2,100.3,107.9,112.8
Bannwald_Buche,30,313,11-09,37.8,54.4,77.8,89.8,100.5,108.0,113.5
Bannwald_Buche,30,314,11-10,38.6,54.8,78.5,90.4,100.7,108.0,113.6
Bannwald_Buche,30,315,11-11,39.4,55.3,79.0,90.3,100.8,108.1,114.0
Bannwald_Buche,30,316,11-12,40.1,55.8,79.5,90.2,100.8,107.9,113.5
Bannwald_Buche,30,317,11-13,40.8,56.5,79.9,90.1,100.3,106.9,112.6
Bannwald_Buche,30,318,11-14,41.5,57.2,80.4,90,100.0,106.3,113.0
Bannwald_Buche,30,319,11-15,42.2,58.0,80.9,90.1,99.8,106.3,113.1
Bannwald_Buche,30,320,11-16,42.9,58.8,81.1,90.2,99.4,106.2,113.1
Bannwald_Buche,30,321,11-17,43.5,59.6,81.3,90.3,99.3,106.0,112.9
Bannwald_Buche,30,322,11-18,44.2,60.4,81.6,90.1,99.5,106.1,113.3
Bannwald_Buche,30,323,11-19,44.8,61.3,82.1,90.3,100.1,107.3,114.3
Bannwald_Buche,30,324,11-20,45.4,62.2,82.3,90.6,100.7,108.0,114.7
Bannwald_Buche,30,325,11-21,46.2,62.8,82.5,90.8,101.0,108.1,116.0
Bannwald_Buche,30,326,11-22,47.2,63.5,82.5,91,101.2,108.1,116.7
Bannwald_Buche,30,327,11-23,48.8,64.4,82.5,91.1,101.2,107.9,116.8
Bannwald_Buche,30,328,11-24,50.5,65.6,82.6,91.4,101.2,108.2,117.9
Bannwald_Buche,30,329,11-25,52.5,66.8,82.7,91.6,101.3,108.4,118.9
Bannwald_Buche,30,330,11-26,54.5,68.0,82.7,91.7,101.4,108.9,119.0
Bannwald_Buche,30,331,11-27,56.6,69.3,82.6,91.9,101.4,108.8,120.2
Bannwald_Buche,30,332,11-28,58.6,70.6,82.4,92,102.1,109.4,120.9
Bannwald_Buche,30,333,11-29,60.7,72.0,82.4,92.2,102.6,110.1,121.2
Bannwald_Buche,30,334,11-30,62.0,72.5,82.4,92.6,103.0,110.6,121.7
Bannwald_Buche,30,335,12-01,63.3,73.0,82.5,93,103.1,110.9,122.5
Bannwald_Buche,30,336,12-02,64.6,73.5,82.7,93.5,103.5,111.2,123.0
Bannwald_Buche,30,337,12-03,65.9,74.1,82.9,94,104.2,111.8,123.6
Bannwald_Buche,30,338,12-04,67.2,74.7,83.0,94.4,104.6,112.8,123.5
Bannwald_Buche,30,339,12-05,68.6,75.3,83.4,94.9,105.1,113.0,124.6
Bannwald_Buche,30,340,12-06,70.0,76.0,83.9,95.3,105.5,113.3,125.7
Bannwald_Buche,30,341,12-07,71.4,76.6,84.3,95.8,105.6,113.5,126.4
Bannwald_Buche,30,342,12-08,72.8,77.2,84.6,96.1,105.5,113.8,126.5
Bannwald_Buche,30,343,12-09,74.2,77.8,84.8,96,105.1,112.9,125.7
Bannwald_Buche,30,344,12-10,75.6,78.5,85.1,96,105.0,112.4,125.3
Bannwald_Buche,30,345,12-11,76.8,79.3,85.3,96,104.9,112.9,124.4
Bannwald_Buche,30,346,12-12,77.8,80.2,85.7,96.4,105.4,113.6,123.8
Bannwald_Buche,30,347,12-13,78.1,80.9,86.1,96.8,106.3,114.4,124.3
Bannwald_Buche,30,348,12-14,78.4,81.3,86.8,97.1,106.7,114.5,122.8
Bannwald_Buche,30,349,12-15,78.4,81.6,87.5,97.5,107.0,114.8,122.2
Bannwald_Buche,30,350,12-16,78.3,81.9,88.2,97.6,107.6,114.8,122.2
Bannwald_Buche,30,351,12-17,78.3,82.1,88.6,97.7,108.1,115.4,120.7
Bannwald_Buche,30,352,12-18,78.2,82.4,88.9,97.8,108.1,115.6,120.7
Bannwald_Buche,30,353,12-19,78.1,82.5,89.1,97.7,108.3,115.5,120.5
Bannwald_Buche,30,354,12-20,78.0,82.7,89.2,97.6,108.4,115.6,121.1
Bannwald_Buche,30,355,12-21,77.9,82.8,89.3,97.5,108.6,115.8,120.2
Bannwald_Buche,30,356,12-22,77.9,83.0,89.5,97.5,108.6,116.2,120.3
Bannwald_Buche,30,357,12-23,78.0,83.2,89.8,97.5,108.4,116.3,120.6
Bannwald_Buche,30,358,12-24,77.9,83.2,90.1,97.6,108.4,115.9,120.4
Bannwald_Buche,30,359,12-25,77.8,83.3,90.1,97.6,108.4,115.7,119.3
Bannwald_Buche,30,360,12-26,77.7,83.5,90.1,97.5,108.6,115.7,118.4
Bannwald_Buche,30,361,12-27,77.7,83.8,90.2,97.6,109.0,116.1,118.2
Bannwald_Buche,30,362,12-28,77.6,84.0,90.4,97.9,109.5,116.4,118.5
Bannwald_Buche,30,363,12-29,77.5,84.3,90.6,98.4,110.1,116.9,119.1
Bannwald_Buche,30,364,12-30,77.5,84.4,90.9,98.6,110.4,117.5,119.9
Bannwald_Buche,30,365,12-31,77.4,84.5,91.1,98.9,110.8,117.2,
Bannwald_Buche,60,1,01-01,79.5,86.2,90.1,98.1,103.5,107.3,109.1
Bannwald_Buche,60,2,01-02,79.8,86.3,90.1,98.2,103.3,107.1,108.9
Bannwald_Buche,60,3,01-03,79.9,86.4,90.5,98.3,103.1,106.8,108.6
Bannwald_Buche,60,4,01-04,80.1,86.5,91.0,98.3,102.9,107.0,108.8
Bannwald_Buche,60,5,01-05,80.2,86.5,91.4,98.4,102.8,106.8,108.5
Bannwald_Buche,60,6,01-06,80.3,86.5,91.6,98.4,102.6,106.5,108.1
Bannwald_Buche,60,7,01-07,80.7,86.5,91.8,98.4,102.5,106.3,108.1
Bannwald_Buche,60,8,01-08,81.3,86.8,91.9,98.3,102.4,106.1,108.0
Bannwald_Buche,60,9,01-09,81.8,87.0,92.0,98.3,102.3,106.0,108.2
Bannwald_Buche,60,10,01-10,82.2,87.2,92.0,98.3,102.2,105.9,108.1
Bannwald_Buche,60,11,01-11,82.6,87.2,92.1,98.3,102.0,105.9,108.2
Bannwald_Buche,60,12,01-12,83.0,87.2,92.2,98.3,101.9,106.2,109.2
Bannwald_Buche,60,13,01-13,83.5,87.2,92.2,98.4,101.8,106.4,109.5
Bannwald_Buche,60,14,01-14,83.9,87.2,92.3,98.6,101.7,106.2,109.1
Bannwald_Buche,60,15,01-15,84.2,87.3,92.4,98.8,101.5,105.8,108.7
Bannwald_Buche,60,16,01-16,84.6,87.3,92.5,98.9,101.4,105.5,108.6
Bannwald_Buche,60,17,01-17,84.9,87.4,92.6,98.8,101.4,105.4,108.5
Bannwald_Buche,60,18,01-18,85.2,87.5,92.8,98.7,101.3,105.4,109.5
Bannwald_Buche,60,19,01-19,85.5,87.6,92.9,98.6,101.3,105.4,110.7
Bannwald_Buche,60,20,01-20,85.7,87.8,93.0,98.5,101.2,105.9,111.3
Bannwald_Buche,60,21,01-21,86.0,87.9,93.2,98.5,101.4,106.4,111.8
Bannwald_Buche,60,22,01-22,86.0,87.8,93.4,98.5,101.7,106.7,112.2
Bannwald_Buche,60,23,01-23,86.1,87.6,93.5,98.6,101.9,107.3,113.0
Bannwald_Buche,60,24,01-24,86.1,87.5,93.4,98.6,102.1,107.8,114.2
Bannwald_Buche,60,25,01-25,86.2,87.5,93.5,98.6,102.4,108.5,115.2
Bannwald_Buche,60,26,01-26,86.2,87.7,93.5,98.7,102.7,109.0,116.0
Bannwald_Buche,60,27,01-27,86.5,88.1,93.6,98.8,102.8,109.4,116.3
Bannwald_Buche,60,28,01-28,86.5,88.2,93.7,98.9,102.9,109.9,116.7
Bannwald_Buche,60,29,01-29,86.5,88.3,93.8,98.9,103.0,110.2,116.7
Bannwald_Buche,60,30,01-30,86.5,88.3,93.8,99,103.1,110.4,117.2
Bannwald_Buche,60,31,01-31,86.6,88.4,93.8,99,103.2,110.7,117.4
Bannwald_Buche,60,32,02-01,86.5,88.4,93.9,99,103.2,110.4,116.8
Bannwald_Buche,60,33,02-02,86.4,88.5,94.0,99,103.3,110.0,116.7
Bannwald_Buche,60,34,02-03,86.4,88.5,94.2,99,103.3,110.2,117.0
Bannwald_Buche,60,35,02-04,86.3,88.6,94.3,98.9,103.3,110.5,117.6
Bannwald_Buche,60,36,02-05,86.2,88.7,94.3,98.8,103.4,110.7,117.9
Bannwald_Buche,60,37,02-06,86.2,88.8,94.4,98.9,103.5,111.1,118.3
Bannwald_Buche,60,38,02-07,86.1,88.9,94.3,99,103.6,111.5,117.6
Bannwald_Buche,60,39,02-08,86.1,88.9,94.2,99.1,103.7,111.7,116.8
Bannwald_Buche,60,40,02-09,86.2,89.1,94.1,99.1,103.7,111.2,116.5
Bannwald_Buche,60,41,02-10,86.3,89.2,94.1,99.1,103.6,110.7,116.3
Bannwald_Buche,60,42,02-11,86.4,89.4,94.1,99.2,103.3,110.7,116.0
Bannwald_Buche,60,43,02-12,86.5,89.5,93.9,99.1,103.2,110.3,115.5
Bannwald_Buche,60,44,02-13,86.6,89.7,93.8,99.2,103.0,109.7,114.1
Bannwald_Buche,60,45,02-14,86.7,89.8,93.6,99.1,102.9,109.2,113.5
Bannwald_Buche,60,46,02-15,86.8,89.7,93.5,99,102.6,108.8,113.1
Bannwald_Buche,60,47,02-16,86.5,89.6,93.3,99,102.5,108.5,112.9
Bannwald_Buche,60,48,02-17,86.3,89.5,93.2,99,102.5,108.3,112.7
Bannwald_Buche,60,49,02-18,86.1,89.4,93.2,99.1,102.7,108.3,112.5
Bannwald_Buche,60,50,02-19,85.9,89.4,93.2,99.3,102.8,108.5,112.6
Bannwald_Buche,60,51,02-20,85.7,89.2,93.1,99.4,102.9,108.6,112.6
Bannwald_Buche,60,52,02-21,85.6,89.2,93.1,99.5,102.9,108.6,112.8
Bannwald_Buche,60,53,02-22,85.5,89.1,93.0,99.6,102.9,108.8,113.0
Bannwald_Buche,60,54,02-23,85.4,89.1,92.9,99.6,102.9,108.6,113.2
Bannwald_Buche,60,55,02-24,85.4,89.0,92.8,99.6,103.0,108.6,113.6
Bannwald_Buche,60,56,02-25,85.3,88.9,92.7,99.5,102.9,108.8,113.9
Bannwald_Buche,60,57,02-26,85.3,88.8,92.7,99.2,102.8,109.0,114.1
Bannwald_Buche,60,58,02-27,85.4,88.8,92.8,99,102.7,109.1,114.3
Bannwald_Buche,60,59,02-28,85.4,88.9,92.8,98.7,102.6,109.1,114.4
Bannwald_Buche,60,60,03-01,85.3,88.9,92.8,98.5,102.5,109.3,114.9
Bannwald_Buche,60,61,03-02,85.2,88.9,92.8,98.3,102.4,109.5,115.1
Bannwald_Buche,60,62,03-03,85.1,88.9,92.8,98.2,102.5,109.7,115.4
Bannwald_Buche,60,63,03-04,85.0,88.9,92.9,98.3,102.8,109.8,115.8
Bannwald_Buche,60,64,03-05,84.9,88.8,93.0,98.3,102.9,110.0,115.8
Bannwald_Buche,60,65,03-06,84.9,88.8,93.1,98.4,103.1,110.1,115.7
Bannwald_Buche,60,66,03-07,84.9,88.7,93.1,98.4,103.2,110.2,115.7
Bannwald_Buche,60,67,03-08,84.9,88.6,93.1,98.3,103.2,110.1,115.5
Bannwald_Buche,60,68,03-09,85.1,88.7,93.1,98.2,103.2,109.9,115.3
Bannwald_Buche,60,69,03-10,85.3,88.7,93.1,98.1,103.0,109.6,115.2
Bannwald_Buche,60,70,03-11,85.4,88.7,93.0,97.8,102.8,109.2,114.7
Bannwald_Buche,60,71,03-12,85.6,88.7,93.1,97.6,102.5,108.7,114.3
Bannwald_Buche,60,72,03-13,85.7,88.7,93.1,97.3,102.3,108.4,113.7
Bannwald_Buche,60,73,03-14,85.9,88.6,93.2,97.1,102.2,108.3,113.2
Bannwald_Buche,60,74,03-15,86.0,88.6,93.2,97,102.0,108.2,113.0
Bannwald_Buche,60,75,03-16,86.1,88.6,93.2,96.9,101.7,107.9,112.2
Bannwald_Buche,60,76,03-17,86.3,88.6,93.2,96.8,101.5,107.3,111.3
Bannwald_Buche,60,77,03-18,86.4,88.7,93.2,96.7,101.2,106.7,110.7
Bannwald_Buche,60,78,03-19,86.4,88.8,93.2,96.7,101.0,106.2,110.0
Bannwald_Buche,60,79,03-20,86.4,88.8,93.2,96.6,100.8,105.8,109.2
Bannwald_Buche,60,80,03-21,86.6,88.9,93.2,96.6,100.7,105.5,108.4
Bannwald_Buche,60,81,03-22,86.8,89.0,93.2,96.6,100.6,105.2,107.8
Bannwald_Buche,60,82,03-23,87.0,89.1,93.1,96.4,100.4,104.7,107.6
Bannwald_Buche,60,83,03-24,87.3,89.2,92.9,96.1,100.0,104.5,107.4
Bannwald_Buche,60,84,03-25,87.5,89.4,92.7,95.8,99.7,104.3,107.5
Bannwald_Buche,60,85,03-26,87.7,89.5,92.6,95.6,99.4,104.2,107.6
Bannwald_Buche,60,86,03-27,87.7,89.6,92.5,95.5,99.3,104.2,108.0
Bannwald_Buche,60,87,03-28,87.6,89.6,92.4,95.3,99.4,104.4,108.2
Bannwald_Buche,60,88,03-29,87.4,89.3,92.2,95.1,99.5,104.5,108.7
Bannwald_Buche,60,89,03-30,87.2,89.2,92.1,94.9,99.6,104.4,109.4
Bannwald_Buche,60,90,03-31,86.9,89.0,91.9,94.8,99.6,104.6,109.7
Bannwald_Buche,60,91,04-01,86.7,88.9,91.7,94.7,99.6,104.7,109.7
Bannwald_Buche,60,92,04-02,86.4,88.7,91.4,94.6,99.7,104.9,110.1
Bannwald_Buche,60,93,04-03,86.2,88.6,91.1,94.6,99.8,104.9,110.3
Bannwald_Buche,60,94,04-04,86.0,88.4,90.8,94.5,99.9,104.9,110.1
Bannwald_Buche,60,95,04-05,85.9,88.2,90.4,94.4,100.0,105.1,110.1
Bannwald_Buche,60,96,04-06,85.7,88.1,90.1,94.4,100.0,105.2,110.5
Bannwald_Buche,60,97,04-07,85.5,87.8,89.9,94.5,100.2,105.3,111.3
Bannwald_Buche,60,98,04-08,85.3,87.5,89.8,94.7,100.4,105.6,111.6
Bannwald_Buche,60,99,04-09,85.1,87.1,89.7,94.9,100.6,105.8,111.9
Bannwald_Buche,60,100,04-10,84.7,86.7,89.6,95,100.7,105.8,112.2
Bannwald_Buche,60,101,04-11,84.3,86.2,89.4,94.9,100.7,105.7,112.4
Bannwald_Buche,60,102,04-12,83.7,85.7,89.2,94.9,100.8,105.6,112.2
Bannwald_Buche,60,103,04-13,83.2,85.1,88.9,94.8,100.7,105.4,111.7
Bannwald_Buche,60,104,04-14,82.6,84.4,88.7,94.7,100.7,105.1,111.4
Bannwald_Buche,60,105,04-15,81.9,83.8,88.5,94.5,100.7,105.1,111.0
Bannwald_Buche,60,106,04-16,81.2,83.4,88.3,94.4,100.7,105.1,110.7
Bannwald_Buche,60,107,04-17,80.5,82.9,88.2,94.6,100.7,105.0,110.8
Bannwald_Buche,60,108,04-18,79.8,82.5,88.2,95,100.6,105.0,110.5
Bannwald_Buche,60,109,04-19,79.0,82.0,88.2,95.3,100.6,105.0,109.9
Bannwald_Buche,60,110,04-20,78.3,81.5,88.2,95.4,100.6,105.1,109.7
Bannwald_Buche,60,111,04-21,77.7,81.0,88.3,95.4,100.8,105.4,109.9
Bannwald_Buche,60,112,04-22,76.9,80.6,88.3,95.4,101.1,105.7,109.8
Bannwald_Buche,60,113,04-23,76.4,80.3,88.2,95.4,101.3,105.9,109.9
Bannwald_Buche,60,114,04-24,75.8,80.0,88.1,95.5,101.5,105.9,110.0
Bannwald_Buche,60,115,04-25,75.2,79.8,88.1,95.6,101.7,105.9,110.3
Bannwald_Buche,60,116,04-26,74.5,79.6,88.0,95.7,101.8,105.7,110.2
Bannwald_Buche,60,117,04-27,73.7,79.3,88.1,95.7,101.9,105.8,110.2
Bannwald_Buche,60,118,04-28,72.8,78.9,88.0,95.6,101.7,105.8,110.2
Bannwald_Buche,60,119,04-29,71.7,78.5,88.0,95.5,101.7,106.1,110.4
Bannwald_Buche,60,120,04-30,70.5,78.1,88.1,95.5,102.0,106.6,110.4
Bannwald_Buche,60,121,05-01,69.3,77.8,88.1,95.4,102.0,107.1,110.6
Bannwald_Buche,60,122,05-02,68.2,77.6,88.1,95.4,102.2,107.8,111.0
Bannwald_Buche,60,123,05-03,67.0,77.5,88.0,95.6,102.6,108.3,111.5
Bannwald_Buche,60,124,05-04,65.9,77.5,87.9,95.7,103.0,108.9,111.9
Bannwald_Buche,60,125,05-05,64.8,77.4,88.0,96,103.2,108.9,111.9
Bannwald_Buche,60,126,05-06,63.8,77.2,87.8,96.2,103.2,109.0,112.0
Bannwald_Buche,60,127,05-07,62.8,76.8,87.8,96.3,103.3,109.2,112.3
Bannwald_Buche,60,128,05-08,61.7,76.5,87.7,96.2,103.5,109.2,112.4
Bannwald_Buche,60,129,05-09,60.5,76.1,87.8,96.3,103.4,109.2,112.5
Bannwald_Buche,60,130,05-10,59.3,75.6,87.8,96.3,103.6,110.9,114.2
Bannwald_Buche,60,131,05-11,57.9,75.1,87.7,96.6,103.5,112.5,115.8
Bannwald_Buche,60,132,05-12,56.4,74.6,87.6,96.8,103.4,113.5,116.7
Bannwald_Buche,60,133,05-13,54.7,74.0,87.6,97,103.4,114.2,117.2
Bannwald_Buche,60,134,05-14,52.8,73.2,87.7,97,103.5,114.8,117.5
Bannwald_Buche,60,135,05-15,50.9,72.4,87.6,97.1,103.5,115.2,117.6
Bannwald_Buche,60,136,05-16,49.0,71.5,87.4,97.1,103.5,115.6,117.6
Bannwald_Buche,60,137,05-17,47.1,70.7,87.0,96.9,103.4,115.8,117.1
Bannwald_Buche,60,138,05-18,45.4,69.9,86.6,96.8,103.4,115.7,117.0
Bannwald_Buche,60,139,05-19,43.7,69.2,86.0,96.5,103.1,115.6,116.8
Bannwald_Buche,60,140,05-20,42.1,68.3,85.4,96.3,102.8,115.5,116.7
Bannwald_Buche,60,141,05-21,40.9,67.3,84.7,96.2,102.8,115.4,116.9
Bannwald_Buche,60,142,05-22,40.8,66.4,83.8,96,102.3,115.4,117.4
Bannwald_Buche,60,143,05-23,40.7,65.6,83.8,95.6,102.0,115.5,117.5
Bannwald_Buche,60,144,05-24,40.5,64.5,83.8,95.2,101.8,115.4,117.6
Bannwald_Buche,60,145,05-25,40.3,63.4,83.4,94.7,101.9,115.6,117.8
Bannwald_Buche,60,146,05-26,40.0,62.2,83.2,94.1,101.9,115.5,117.6
Bannwald_Buche,60,147,05-27,39.7,60.9,82.5,93.3,101.5,115.1,117.0
Bannwald_Buche,60,148,05-28,39.5,59.9,81.7,92.6,101.2,114.8,116.6
Bannwald_Buche,60,149,05-29,39.4,59.0,80.8,92,101.3,115.2,116.5
Bannwald_Buche,60,150,05-30,39.5,58.0,80.0,91.4,101.4,113.4,115.0
Bannwald_Buche,60,151,05-31,39.6,56.9,79.2,90.9,101.4,111.5,113.1
Bannwald_Buche,60,152,06-01,39.8,55.8,78.4,90.4,101.1,110.0,111.9
Bannwald_Buche,60,153,06-02,39.9,54.6,77.6,89.9,100.7,109.4,111.3
Bannwald_Buche,60,154,06-03,40.0,53.4,76.9,89.3,100.2,108.9,110.9
Bannwald_Buche,60,155,06-04,40.0,52.2,76.1,88.6,99.6,108.6,110.6
Bannwald_Buche,60,156,06-05,40.1,50.9,75.3,88,99.8,108.3,110.4
Bannwald_Buche,60,157,06-06,40.1,49.6,74.3,87.5,99.8,108.0,110.3
Bannwald_Buche,60,158,06-07,39.9,48.2,73.5,87.1,99.6,107.7,110.2
Bannwald_Buche,60,159,06-08,39.8,46.7,73.4,86.9,99.4,107.1,109.9
Bannwald_Buche,60,160,06-09,39.7,45.2,73.3,86.6,99.1,106.4,109.4
Bannwald_Buche,60,161,06-10,39.2,43.8,73.0,86.1,98.8,105.9,108.8
Bannwald_Buche,60,162,06-11,37.8,42.0,72.9,85.6,98.7,105.2,107.8
Bannwald_Buche,60,163,06-12,36.4,40.2,71.7,85,98.0,104.4,107.3
Bannwald_Buche,60,164,06-13,35.1,38.6,70.4,84.5,97.3,103.7,106.5
Bannwald_Buche,60,165,06-14,33.9,37.1,69.1,84,96.3,103.0,105.8
Bannwald_Buche,60,166,06-15,32.7,35.8,67.9,83.6,95.4,102.3,105.1
Bannwald_Buche,60,167,06-16,31.6,34.6,66.9,83.2,94.4,101.9,104.7
Bannwald_Buche,60,168,06-17,30.5,33.2,65.8,82.7,93.4,101.6,104.3
Bannwald_Buche,60,169,06-18,29.3,32.1,64.9,82.2,92.3,100.8,103.5
Bannwald_Buche,60,170,06-19,28.1,30.9,63.9,81.4,91.5,100.1,102.8
Bannwald_Buche,60,171,06-20,27.4,30.6,63.0,80.5,90.7,99.8,102.9
Bannwald_Buche,60,172,06-21,26.7,30.4,62.1,79.8,90.2,99.6,103.1
Bannwald_Buche,60,173,06-22,26.1,30.2,61.1,78.8,89.7,99.0,102.7
Bannwald_Buche,60,174,06-23,25.5,30.0,60.0,78.1,89.7,98.4,102.4
Bannwald_Buche,60,175,06-24,24.9,29.7,58.9,77.3,89.8,98.3,102.4
Bannwald_Buche,60,176,06-25,24.7,29.5,58.2,76.3,89.3,98.2,102.1
Bannwald_Buche,60,177,06-26,24.7,29.3,57.4,75.1,88.9,98.0,101.8
Bannwald_Buche,60,178,06-27,24.7,29.2,56.2,74,88.6,97.8,101.5
Bannwald_Buche,60,179,06-28,24.8,29.3,54.5,72.6,88.6,97.7,101.2
Bannwald_Buche,60,180,06-29,24.8,29.9,53.0,71.8,88.4,97.3,101.0
Bannwald_Buche,60,181,06-30,24.7,30.6,51.7,71,87.9,96.9,100.6
Bannwald_Buche,60,182,07-01,24.7,31.0,50.9,70.1,87.7,96.3,100.2
Bannwald_Buche,60,183,07-02,25.0,31.3,50.3,69.4,87.5,96.1,99.8
Bannwald_Buche,60,184,07-03,25.1,31.6,49.7,68.8,87.6,96.1,100.2
Bannwald_Buche,60,185,07-04,25.1,31.7,49.1,68.4,87.7,96.2,100.7
Bannwald_Buche,60,186,07-05,25.2,31.8,48.4,67.8,87.9,96.6,101.8
Bannwald_Buche,60,187,07-06,25.2,32.3,47.7,67.1,88.1,97.0,102.4
Bannwald_Buche,60,188,07-07,25.2,32.5,47.0,66.9,88.2,97.2,102.8
Bannwald_Buche,60,189,07-08,24.7,32.1,46.2,66.2,88.2,97.5,103.1
Bannwald_Buche,60,190,07-09,24.1,31.8,45.2,65.4,87.6,97.7,103.2
Bannwald_Buche,60,191,07-10,23.1,30.8,44.0,64.4,86.9,97.4,102.5
Bannwald_Buche,60,192,07-11,22.5,29.6,42.8,63.3,86.2,96.9,101.7
Bannwald_Buche,60,193,07-12,21.8,28.5,41.7,62.3,85.5,96.8,102.4
Bannwald_Buche,60,194,07-13,21.1,27.6,40.8,61.5,84.5,96.7,102.3
Bannwald_Buche,60,195,07-14,20.6,27.3,40.0,60.8,83.4,96.1,101.8
Bannwald_Buche,60,196,07-15,19.6,27.0,39.4,60.1,82.7,95.5,101.3
Bannwald_Buche,60,197,07-16,18.6,26.6,39.1,59.4,82.1,95.0,100.8
Bannwald_Buche,60,198,07-17,17.6,26.1,39.0,59,81.5,94.5,100.3
Bannwald_Buche,60,199,07-18,16.8,25.7,38.6,59.6,81.5,95.6,101.3
Bannwald_Buche,60,200,07-19,16.0,24.8,38.4,60.1,81.6,96.6,101.9
Bannwald_Buche,60,201,07-20,15.3,23.9,38.0,60.5,82.0,97.1,102.5
Bannwald_Buche,60,202,07-21,14.5,23.1,37.1,61.1,82.1,97.4,103.1
Bannwald_Buche,60,203,07-22,13.4,22.5,36.5,61.4,81.9,97.2,103.2
Bannwald_Buche,60,204,07-23,12.4,22.1,36.0,61.7,81.7,97.2,103.0
Bannwald_Buche,60,205,07-24,11.6,21.6,35.7,61.7,81.2,97.0,102.7
Bannwald_Buche,60,206,07-25,10.7,21.2,36.3,61.6,80.6,96.4,101.7
Bannwald_Buche,60,207,07-26,9.8,20.3,36.9,61.8,80.4,95.7,100.7
Bannwald_Buche,60,208,07-27,9.1,19.5,37.6,61.8,80.2,94.9,100.2
Bannwald_Buche,60,209,07-28,8.8,19.2,38.2,62.1,80.4,94.9,100.0
Bannwald_Buche,60,210,07-29,8.5,18.9,38.8,62.5,80.6,95.5,100.6
Bannwald_Buche,60,211,07-30,8.1,18.5,39.4,63.2,80.8,95.8,100.8
Bannwald_Buche,60,212,07-31,7.4,18.2,40.2,64.1,80.9,96.1,100.7
Bannwald_Buche,60,213,08-01,6.9,18.0,40.8,64.9,81.0,95.8,99.5
Bannwald_Buche,60,214,08-02,6.5,17.6,41.4,65.1,81.0,95.5,98.7
Bannwald_Buche,60,215,08-03,6.1,16.7,41.8,65.2,81.1,95.4,98.4
Bannwald_Buche,60,216,08-04,5.8,16.1,41.8,65.2,81.1,95.3,98.3
Bannwald_Buche,60,217,08-05,5.5,15.6,41.6,65.5,81.2,95.2,98.1
Bannwald_Buche,60,218,08-06,5.2,15.2,41.1,66.2,81.5,95.2,98.0
Bannwald_Buche,60,219,08-07,5.0,14.8,41.0,65.8,81.0,93.4,96.6
Bannwald_Buche,60,220,08-08,5.5,14.8,40.8,64.7,80.3,92.0,95.5
Bannwald_Buche,60,221,08-09,6.0,15.2,40.9,63.9,79.7,91.3,94.9
Bannwald_Buche,60,222,08-10,6.5,15.8,41.2,62.7,79.2,90.7,94.3
Bannwald_Buche,60,223,08-11,6.9,16.2,41.0,61.6,79.2,90.8,94.7
Bannwald_Buche,60,224,08-12,7.2,16.4,40.8,60.3,78.9,90.6,94.3
Bannwald_Buche,60,225,08-13,7.5,16.6,40.3,59.6,78.8,90.3,93.6
Bannwald_Buche,60,226,08-14,7.8,16.8,38.9,59.5,79.0,90.0,93.2
Bannwald_Buche,60,227,08-15,8.3,17.1,37.7,59.2,79.2,89.8,93.2
Bannwald_Buche,60,228,08-16,9.0,17.3,36.6,58.8,79.1,89.6,92.7
Bannwald_Buche,60,229,08-17,9.6,17.5,35.9,58.6,78.7,88.7,91.8
Bannwald_Buche,60,230,08-18,10.1,17.7,35.3,58.4,78.2,87.7,91.9
Bannwald_Buche,60,231,08-19,10.7,17.9,35.0,58.2,77.8,87.3,92.2
Bannwald_Buche,60,232,08-20,11.2,18.1,34.6,57.9,77.6,87.2,92.3
Bannwald_Buche,60,233,08-21,11.8,18.3,34.1,57.9,77.6,87.4,92.8
Bannwald_Buche,60,234,08-22,12.3,18.5,33.9,58.5,77.9,87.4,93.2
Bannwald_Buche,60,235,08-23,12.8,18.8,34.6,59.7,78.2,87.2,93.3
Bannwald_Buche,60,236,08-24,13.4,19.0,35.2,60.5,78.4,87.0,93.5
Bannwald_Buche,60,237,08-25,13.9,19.2,35.9,61,78.2,86.8,93.8
Bannwald_Buche,60,238,08-26,14.5,19.6,37.1,60.8,78.0,86.7,94.0
Bannwald_Buche,60,239,08-27,15.2,19.7,38.0,60.7,77.8,86.9,93.8
Bannwald_Buche,60,240,08-28,15.1,19.6,38.7,60.8,77.5,87.0,93.8
Bannwald_Buche,60,241,08-29,14.9,19.2,39.5,61.4,77.4,86.8,93.2
Bannwald_Buche,60,242,08-30,14.8,18.5,40.1,62.3,77.4,87.4,93.5
Bannwald_Buche,60,243,08-31,14.7,18.0,40.8,63.6,77.3,87.2,93.3
Bannwald_Buche,60,244,09-01,14.6,17.4,41.4,64.9,77.5,87.0,93.3
Bannwald_Buche,60,245,09-02,14.6,16.9,41.9,66,77.6,87.3,94.0
Bannwald_Buche,60,246,09-03,14.5,16.4,42.6,66.5,77.5,87.8,94.5
Bannwald_Buche,60,247,09-04,14.1,16.0,43.0,66.8,77.5,88.2,95.1
Bannwald_Buche,60,248,09-05,13.7,15.6,43.4,67,77.7,89.1,96.1
Bannwald_Buche,60,249,09-06,13.4,15.4,43.5,67,77.9,90.3,97.4
Bannwald_Buche,60,250,09-07,13.1,15.4,43.4,67,78.2,90.8,97.1
Bannwald_Buche,60,251,09-08,13.2,16.0,44.0,67.1,78.6,91.1,97.4
Bannwald_Buche,60,252,09-09,13.2,16.6,44.9,67.2,78.9,91.5,97.9
Bannwald_Buche,60,253,09-10,13.2,17.2,45.7,67,78.7,91.8,97.9
Bannwald_Buche,60,254,09-11,13.2,17.8,46.1,66.3,78.8,92.2,97.9
Bannwald_Buche,60,255,09-12,13.4,18.1,45.7,65.3,79.3,93.1,98.6
Bannwald_Buche,60,256,09-13,14.0,18.8,45.8,65.3,80.3,94.1,99.2
Bannwald_Buche,60,257,09-14,14.6,19.8,46.0,66.2,81.2,94.9,99.6
Bannwald_Buche,60,258,09-15,14.9,20.9,46.2,66.6,81.9,95.5,100.3
Bannwald_Buche,60,259,09-16,15.2,22.1,46.3,67.6,82.5,96.0,101.0
Bannwald_Buche,60,260,09-17,15.4,22.9,46.7,68.8,83.4,96.7,102.1
Bannwald_Buche,60,261,09-18,15.7,23.7,46.5,69.4,84.5,97.9,103.3
Bannwald_Buche,60,262,09-19,15.8,24.4,46.3,70.3,85.4,98.1,103.2
Bannwald_Buche,60,263,09-20,16.0,25.2,46.2,70.7,86.1,98.4,103.0
Bannwald_Buche,60,264,09-21,16.2,26.0,46.2,71.1,86.5,98.8,102.9
Bannwald_Buche,60,265,09-22,16.4,26.7,46.4,71.3,87.3,98.9,103.2
Bannwald_Buche,60,266,09-23,16.6,27.4,46.5,71.5,88.0,99.4,103.7
Bannwald_Buche,60,267,09-24,16.8,28.2,46.6,71.8,88.5,99.8,103.6
Bannwald_Buche,60,268,09-25,17.0,28.9,46.8,72.3,89.2,99.8,103.3
Bannwald_Buche,60,269,09-26,17.1,29.5,47.3,73.1,90.1,99.8,103.2
Bannwald_Buche,60,270,09-27,17.3,29.9,49.1,74.2,91.1,100.4,103.6
Bannwald_Buche,60,271,09-28,17.1,29.6,50.2,75.3,92.1,100.8,103.3
Bannwald_Buche,60,272,09-29,17.3,29.3,51.1,76.5,93.2,101.1,103.6
Bannwald_Buche,60,273,09-30,17.6,29.0,52.3,78,94.4,101.9,104.3
Bannwald_Buche,60,274,10-01,17.8,28.8,53.6,79.6,95.3,102.7,105.1
Bannwald_Buche,60,275,10-02,17.8,28.5,54.9,81.2,95.4,102.6,105.0
Bannwald_Buche,60,276,10-03,17.5,27.9,55.8,82.1,95.1,102.4,105.0
Bannwald_Buche,60,277,10-04,17.0,27.0,56.6,82.3,94.9,102.3,105.1
Bannwald_Buche,60,278,10-05,16.7,25.8,57.3,83.1,95.0,102.4,105.1
Bannwald_Buche,60,279,10-06,16.4,24.7,58.1,83.2,95.2,102.6,105.3
Bannwald_Buche,60,280,10-07,16.1,23.6,58.9,83.4,95.1,102.6,104.9
Bannwald_Buche,60,281,10-08,15.8,22.8,59.9,83.5,95.0,102.2,104.5
Bannwald_Buche,60,282,10-09,15.7,22.5,61.1,83.5,94.9,102.6,104.9
Bannwald_Buche,60,283,10-10,15.7,22.3,62.4,83.6,95.0,103.5,105.7
Bannwald_Buche,60,284,10-11,15.6,22.3,63.9,83.9,95.3,104.1,106.3
Bannwald_Buche,60,285,10-12,15.6,22.5,65.5,84.3,95.6,104.6,106.2
Bannwald_Buche,60,286,10-13,15.6,22.6,67.3,84.8,95.7,104.6,106.7
Bannwald_Buche,60,287,10-14,15.6,22.8,69.1,85.4,95.9,104.7,107.2
Bannwald_Buche,60,288,10-15,15.6,23.0,71.1,86.1,96.0,104.8,107.6
Bannwald_Buche,60,289,10-16,15.6,23.3,73.0,86.7,96.0,104.6,107.6
Bannwald_Buche,60,290,10-17,15.8,23.6,73.5,86.8,95.9,103.9,107.3
Bannwald_Buche,60,291,10-18,16.2,24.0,74.0,86.9,95.8,103.6,107.5
Bannwald_Buche,60,292,10-19,16.4,24.4,74.4,86.9,95.6,103.5,107.2
Bannwald_Buche,60,293,10-20,16.6,24.9,74.8,86.5,95.5,102.8,106.5
Bannwald_Buche,60,294,10-21,16.9,25.5,75.1,86.2,95.3,102.2,106.1
Bannwald_Buche,60,295,10-22,17.3,26.2,75.6,86.2,95.3,102.0,105.9
Bannwald_Buche,60,296,10-23,17.8,26.9,76.1,86.5,95.7,102.1,106.1
Bannwald_Buche,60,297,10-24,18.4,27.6,76.6,86.8,96.2,103.0,106.7
Bannwald_Buche,60,298,10-25,19.0,28.3,77.0,87,96.7,103.7,107.2
Bannwald_Buche,60,299,10-26,19.7,29.1,77.5,87.3,97.2,104.3,107.5
Bannwald_Buche,60,300,10-27,20.4,30.0,78.0,87.8,97.7,104.8,107.8
Bannwald_Buche,60,301,10-28,21.0,30.7,78.5,88.2,98.0,105.3,108.3
Bannwald_Buche,60,302,10-29,21.7,31.1,79.0,88.7,98.1,105.2,108.2
Bannwald_Buche,60,303,10-30,22.4,31.4,79.5,89,98.4,104.8,107.9
Bannwald_Buche,60,304,10-31,23.1,31.5,80.2,89.4,98.6,104.7,107.8
Bannwald_Buche,60,305,11-01,23.8,31.7,80.7,89.7,98.9,104.7,107.8
Bannwald_Buche,60,306,11-02,24.6,31.8,81.1,90,99.2,104.9,107.8
Bannwald_Buche,60,307,11-03,25.4,32.0,81.5,90.2,99.4,105.1,107.7
Bannwald_Buche,60,308,11-04,26.2,32.1,81.8,90.4,99.7,105.3,108.3
Bannwald_Buche,60,309,11-05,27.0,32.2,82.0,90.6,99.9,105.5,108.3
Bannwald_Buche,60,310,11-06,27.7,32.4,82.3,90.9,100.0,105.6,108.4
Bannwald_Buche,60,311,11-07,28.2,32.5,82.8,91.3,100.2,105.9,108.6
Bannwald_Buche,60,312,11-08,28.6,32.6,83.3,91.9,100.4,105.8,108.6
Bannwald_Buche,60,313,11-09,28.9,32.7,83.7,92.5,100.6,106.0,108.9
Bannwald_Buche,60,314,11-10,29.2,34.6,84.2,93.1,100.7,106.0,108.9
Bannwald_Buche,60,315,11-11,29.4,36.9,84.6,93.6,100.9,106.2,109.2
Bannwald_Buche,60,316,11-12,29.6,39.3,85.1,93.8,100.8,106.2,109.0
Bannwald_Buche,60,317,11-13,29.8,41.6,85.5,94,100.4,105.5,108.4
Bannwald_Buche,60,318,11-14,29.9,43.9,85.9,94.2,100.3,104.9,108.5
Bannwald_Buche,60,319,11-15,30.0,46.2,86.2,94.2,100.2,104.7,108.5
Bannwald_Buche,60,320,11-16,30.1,48.6,86.5,94.1,100.1,104.6,108.5
Bannwald_Buche,60,321,11-17,30.2,50.8,86.8,94,100.0,104.4,108.3
Bannwald_Buche,60,322,11-18,30.3,53.1,87.0,94.1,100.0,104.2,108.5
Bannwald_Buche,60,323,11-19,30.4,55.4,87.3,94.4,100.4,104.5,108.8
Bannwald_Buche,60,324,11-20,30.5,57.6,87.2,94.6,100.9,105.1,109.2
Bannwald_Buche,60,325,11-21,30.5,59.9,87.3,94.9,101.1,105.3,109.4
Bannwald_Buche,60,326,11-22,30.7,62.2,87.3,95.2,101.2,105.2,109.8
Bannwald_Buche,60,327,11-23,32.2,64.7,87.3,95.4,101.3,105.3,109.9
Bannwald_Buche,60,328,11-24,34.7,67.3,87.3,95.5,101.4,105.3,110.3
Bannwald_Buche,60,329,11-25,37.4,69.9,87.4,95.6,101.4,105.6,110.9
Bannwald_Buche,60,330,11-26,40.1,72.5,87.6,95.6,101.5,105.9,110.9
Bannwald_Buche,60,331,11-27,42.8,75.1,87.7,95.7,101.6,105.9,110.9
Bannwald_Buche,60,332,11-28,45.4,77.7,87.9,95.8,101.8,106.0,111.1
Bannwald_Buche,60,333,11-29,48.0,80.2,88.0,95.9,102.1,106.3,111.3
Bannwald_Buche,60,334,11-30,50.7,80.9,88.2,96,102.3,106.7,111.7
Bannwald_Buche,60,335,12-01,53.3,81.2,88.4,96.2,102.4,106.8,112.2
Bannwald_Buche,60,336,12-02,55.9,81.4,88.6,96.3,102.6,107.0,112.4
Bannwald_Buche,60,337,12-03,58.5,81.7,88.7,96.5,103.0,107.4,112.8
Bannwald_Buche,60,338,12-04,61.1,82.1,88.8,96.9,103.3,108.2,112.9
Bannwald_Buche,60,339,12-05,63.8,82.4,89.1,97.2,103.5,108.4,113.0
Bannwald_Buche,60,340,12-06,66.4,82.7,89.3,97.6,103.7,108.6,113.4
Bannwald_Buche,60,341,12-07,69.1,83.0,89.5,97.9,103.8,108.9,113.8
Bannwald_Buche,60,342,12-08,71.7,83.3,89.8,98,103.9,109.0,113.9
Bannwald_Buche,60,343,12-09,74.3,83.5,90.0,98,103.5,108.9,113.8
Bannwald_Buche,60,344,12-10,76.9,83.8,90.3,97.9,103.1,108.3,113.4
Bannwald_Buche,60,345,12-11,79.5,84.2,90.6,97.8,102.9,108.5,113.6
Bannwald_Buche,60,346,12-12,81.9,84.6,91.0,97.7,103.1,108.7,113.1
Bannwald_Buche,60,347,12-13,83.0,85.0,91.4,97.9,103.5,109.1,113.5
Bannwald_Buche,60,348,12-14,83.0,85.3,91.9,98.1,103.7,109.4,112.9
Bannwald_Buche,60,349,12-15,82.8,85.6,92.3,98.3,103.9,109.6,112.6
Bannwald_Buche,60,350,12-16,82.6,85.8,92.6,98.6,104.0,109.7,112.7
Bannwald_Buche,60,351,12-17,82.5,86.1,92.7,98.7,104.3,110.0,112.6
Bannwald_Buche,60,352,12-18,82.4,86.4,92.7,98.7,104.4,110.6,113.0
Bannwald_Buche,60,353,12-19,82.2,86.7,92.7,98.7,104.5,110.7,113.0
Bannwald_Buche,60,354,12-20,82.1,86.9,92.7,98.6,104.5,110.8,113.1
Bannwald_Buche,60,355,12-21,82.0,87.1,92.6,98.6,104.7,110.9,112.8
Bannwald_Buche,60,356,12-22,81.9,87.2,92.7,98.5,104.8,111.1,112.9
Bannwald_Buche,60,357,12-23,81.9,87.4,92.8,98.4,104.8,111.2,112.9
Bannwald_Buche,60,358,12-24,81.8,87.4,93.0,98.4,104.7,110.9,112.7
Bannwald_Buche,60,359,12-25,81.7,87.6,93.0,98.3,104.7,110.7,112.5
Bannwald_Buche,60,360,12-26,81.6,87.8,93.1,98.2,104.8,110.6,112.2
Bannwald_Buche,60,361,12-27,81.5,88.0,93.2,98.2,105.0,110.7,112.1
Bannwald_Buche,60,362,12-28,81.4,88.4,93.3,98.3,105.3,111.0,112.2
Bannwald_Buche,60,363,12-29,81.3,88.8,93.5,98.5,105.6,111.4,112.4
Bannwald_Buche,60,364,12-30,81.2,89.2,93.6,98.7,106.1,111.9,112.8
Bannwald_Buche,60,365,12-31,81.1,89.6,93.7,99,106.4,111.7,
Fichte,15,1,01-01,37.5,67.3,89.3,99.7,112.2,118.6,123.9
Fichte,15,2,01-02,37.8,67.8,89.0,99.4,112.6,118.5,124.1
Fichte,15,3,01-03,38.9,68.9,88.7,99.1,112.7,118.4,124.1
Fichte,15,4,01-04,39.9,69.8,88.4,98.8,112.6,118.4,123.8
Fichte,15,5,01-05,40.8,70.6,88.0,98.5,112.3,118.1,123.5
Fichte,15,6,01-06,41.7,71.1,87.7,98.2,112.0,117.9,123.0
Fichte,15,7,01-07,42.4,71.6,87.9,98.3,111.8,118.0,123.0
Fichte,15,8,01-08,43.2,71.9,87.9,98.6,111.7,117.9,122.7
Fichte,15,9,01-09,43.8,72.3,87.8,98.8,111.5,117.6,122.2
Fichte,15,10,01-10,44.3,72.7,87.8,98.9,111.2,117.3,121.7
Fichte,15,11,01-11,45.2,73.7,87.8,98.8,111.3,117.3,122.2
Fichte,15,12,01-12,46.0,74.4,87.7,98.8,111.4,117.9,123.3
Fichte,15,13,01-13,46.9,74.8,87.9,98.6,111.6,118.0,123.1
Fichte,15,14,01-14,47.7,75.2,88.2,98.5,111.5,117.8,122.9
Fichte,15,15,01-15,48.6,75.6,88.3,98.4,111.1,117.2,122.0
Fichte,15,16,01-16,49.5,76.0,88.4,98.2,110.9,116.8,121.8
Fichte,15,17,01-17,50.4,76.7,88.5,98.2,110.6,116.6,121.8
Fichte,15,18,01-18,52.0,77.5,88.4,98.3,110.3,116.7,122.4
Fichte,15,19,01-19,54.5,78.3,88.5,98.3,109.7,116.5,122.7
Fichte,15,20,01-20,56.9,79.0,88.9,98.4,109.2,116.1,122.8
Fichte,15,21,01-21,59.3,79.6,89.2,98.7,108.9,115.8,123.0
Fichte,15,22,01-22,61.3,80.3,89.7,99,108.6,115.9,123.4
Fichte,15,23,01-23,62.8,80.4,90.2,99.7,108.5,116.3,124.1
Fichte,15,24,01-24,64.2,80.4,90.8,100.2,108.6,117.1,125.5
Fichte,15,25,01-25,65.4,80.4,91.3,100.8,109.2,117.9,126.7
Fichte,15,26,01-26,66.6,80.8,91.9,101.3,109.9,118.4,127.1
Fichte,15,27,01-27,67.8,81.2,92.0,101.4,110.2,118.5,127.0
Fichte,15,28,01-28,68.8,81.8,92.1,101.3,110.2,118.6,128.4
Fichte,15,29,01-29,69.7,82.2,92.5,101.4,110.2,119.2,129.3
Fichte,15,30,01-30,70.4,82.3,92.6,101.6,110.3,119.5,129.8
Fichte,15,31,01-31,71.1,82.5,92.7,101.8,110.2,119.7,129.6
Fichte,15,32,02-01,71.6,82.6,92.8,102.1,110.0,119.6,129.7
Fichte,15,33,02-02,71.7,82.6,92.7,102.5,110.4,119.8,130.0
Fichte,15,34,02-03,71.7,82.7,92.7,102.7,111.0,120.6,130.6
Fichte,15,35,02-04,71.6,82.8,93.0,102.9,111.5,120.9,131.1
Fichte,15,36,02-05,71.8,82.9,93.2,103.2,111.9,121.1,131.3
Fichte,15,37,02-06,72.3,82.6,93.3,103.5,112.5,121.4,131.5
Fichte,15,38,02-07,72.4,82.7,93.4,103.7,113.2,121.4,130.9
Fichte,15,39,02-08,71.8,82.4,93.4,104,113.6,121.4,130.1
Fichte,15,40,02-09,71.5,82.1,93.1,104.4,113.7,121.4,129.8
Fichte,15,41,02-10,71.2,82.0,93.0,104.7,113.9,121.6,129.6
Fichte,15,42,02-11,70.9,81.7,92.9,104.8,113.8,121.3,129.0
Fichte,15,43,02-12,70.6,81.5,92.8,104.6,113.6,120.6,128.6
Fichte,15,44,02-13,70.3,81.4,92.7,104.3,113.4,120.0,127.4
Fichte,15,45,02-14,70.0,81.4,92.6,104.1,112.8,119.4,126.4
Fichte,15,46,02-15,69.5,81.1,92.6,104,112.1,119.1,126.2
Fichte,15,47,02-16,69.0,80.8,92.5,104,112.1,119.2,126.4
Fichte,15,48,02-17,68.5,80.3,92.5,104.3,112.8,119.5,125.3
Fichte,15,49,02-18,68.0,80.3,92.6,104.3,113.2,119.5,125.2
Fichte,15,50,02-19,68.6,80.3,92.5,104,113.6,119.8,125.3
Fichte,15,51,02-20,69.2,80.4,92.4,103.9,113.8,120.1,125.4
Fichte,15,52,02-21,69.9,80.4,92.3,103.6,113.9,120.1,125.0
Fichte,15,53,02-22,70.7,80.4,92.1,103.3,113.2,119.8,124.5
Fichte,15,54,02-23,71.7,80.5,91.5,103,112.7,119.2,124.1
Fichte,15,55,02-24,72.7,80.6,91.1,102.7,112.2,119.1,123.7
Fichte,15,56,02-25,73.5,80.6,91.0,102.5,112.0,119.2,123.8
Fichte,15,57,02-26,73.9,80.6,91.0,102,111.5,118.9,123.5
Fichte,15,58,02-27,73.8,80.0,91.1,101.6,111.0,119.0,123.8
Fichte,15,59,02-28,73.6,79.5,91.0,101.2,110.6,118.8,124.1
Fichte,15,60,03-01,73.0,79.5,91.1,100.5,110.2,118.7,124.0
Fichte,15,61,03-02,72.9,79.6,91.0,100.2,109.7,118.4,123.8
Fichte,15,62,03-03,73.1,79.9,90.8,100,109.8,118.8,124.6
Fichte,15,63,03-04,73.3,80.0,90.6,100.1,109.9,119.1,124.9
Fichte,15,64,03-05,73.4,80.1,90.6,100.1,110.0,119.0,125.0
Fichte,15,65,03-06,73.4,79.9,90.5,100,110.0,119.1,125.4
Fichte,15,66,03-07,73.3,79.5,90.3,99.8,109.9,119.0,125.8
Fichte,15,67,03-08,73.3,78.9,90.4,99.5,109.6,118.6,125.6
Fichte,15,68,03-09,73.7,78.7,90.4,99.1,108.9,118.1,125.0
Fichte,15,69,03-10,74.1,78.1,90.2,98.5,108.0,117.5,124.4
Fichte,15,70,03-11,73.2,77.6,89.9,98.1,107.1,116.8,123.7
Fichte,15,71,03-12,72.7,77.3,89.7,97.6,106.3,116.2,123.1
Fichte,15,72,03-13,72.5,77.0,89.4,97,105.6,115.6,122.3
Fichte,15,73,03-14,72.4,76.7,89.1,96.5,105.0,115.0,122.6
Fichte,15,74,03-15,71.8,76.1,88.8,95.8,104.4,114.4,122.3
Fichte,15,75,03-16,71.1,75.5,88.1,95.3,103.7,113.8,121.7
Fichte,15,76,03-17,70.1,74.9,87.1,94.7,102.9,113.4,121.4
Fichte,15,77,03-18,68.9,74.2,86.0,94.3,102.4,113.2,121.3
Fichte,15,78,03-19,67.7,73.6,84.7,93.7,102.0,112.7,120.6
Fichte,15,79,03-20,66.4,72.8,83.3,93.2,101.8,112.2,120.5
Fichte,15,80,03-21,65.1,71.4,81.7,92.9,101.4,112.0,120.4
Fichte,15,81,03-22,63.4,69.6,80.0,92.2,101.2,113.0,121.0
Fichte,15,82,03-23,61.2,67.6,78.2,91.3,100.9,113.1,120.5
Fichte,15,83,03-24,59.1,65.7,76.9,90.2,100.5,113.2,120.2
Fichte,15,84,03-25,57.3,63.8,75.7,89.1,100.6,113.5,120.4
Fichte,15,85,03-26,55.7,62.1,74.6,88.2,100.4,113.4,121.1
Fichte,15,86,03-27,54.2,60.4,73.7,87.8,100.2,113.2,121.7
Fichte,15,87,03-28,52.6,58.7,72.5,87.2,99.9,112.8,122.5
Fichte,15,88,03-29,50.7,56.8,71.2,86.7,99.3,112.4,124.3
Fichte,15,89,03-30,48.8,54.8,69.7,86.4,99.2,112.0,126.5
Fichte,15,90,03-31,47.1,52.8,68.3,86,99.2,111.8,128.2
Fichte,15,91,04-01,45.0,50.5,66.8,85.7,99.1,111.6,129.2
Fichte,15,92,04-02,42.7,48.2,65.3,85.5,99.1,112.4,129.9
Fichte,15,93,04-03,40.5,46.1,63.8,85.2,99.3,113.0,129.7
Fichte,15,94,04-04,38.6,44.5,62.1,84.8,99.8,113.3,129.6
Fichte,15,95,04-05,37.1,43.0,60.5,84.3,100.2,113.3,129.8
Fichte,15,96,04-06,36.1,41.8,59.5,84.1,100.5,113.2,130.2
Fichte,15,97,04-07,35.2,40.7,59.3,83.7,101.1,114.0,130.8
Fichte,15,98,04-08,34.6,39.5,59.3,83.7,101.5,114.4,131.2
Fichte,15,99,04-09,34.1,38.4,59.1,83.5,101.7,114.5,131.6
Fichte,15,100,04-10,33.6,37.4,59.3,83.3,101.5,114.3,132.1
Fichte,15,101,04-11,33.1,36.6,59.5,83,100.9,113.0,131.9
Fichte,15,102,04-12,32.6,35.9,59.8,82.5,100.0,111.7,131.4
Fichte,15,103,04-13,32.1,35.2,59.5,82.1,98.9,110.3,130.9
Fichte,15,104,04-14,31.5,34.6,58.8,81.8,98.0,109.0,130.5
Fichte,15,105,04-15,30.8,34.1,57.8,81.3,97.5,109.2,130.7
Fichte,15,106,04-16,30.1,34.3,56.9,80.3,97.6,110.2,130.8
Fichte,15,107,04-17,29.4,34.5,56.9,79.9,97.7,110.7,130.4
Fichte,15,108,04-18,28.9,34.7,56.9,80.2,98.2,111.5,129.9
Fichte,15,109,04-19,28.7,34.8,56.9,80.4,98.7,111.9,128.1
Fichte,15,110,04-20,28.6,34.9,56.8,80.7,99.2,112.2,126.6
Fichte,15,111,04-21,28.5,35.1,56.6,81.3,99.9,112.6,126.4
Fichte,15,112,04-22,28.8,35.9,57.5,82,100.5,112.6,126.5
Fichte,15,113,04-23,29.1,37.5,58.3,82.8,101.3,112.7,127.1
Fichte,15,114,04-24,29.5,38.4,59.2,83.6,101.2,112.6,127.2
Fichte,15,115,04-25,29.5,38.9,60.8,84.6,101.2,112.9,127.9
Fichte,15,116,04-26,29.2,39.0,61.7,85.2,101.6,113.7,127.9
Fichte,15,117,04-27,28.9,39.0,61.8,86,101.6,113.4,128.1
Fichte,15,118,04-28,28.6,38.9,61.8,86.7,101.2,113.3,128.1
Fichte,15,119,04-29,28.1,38.7,61.8,87.3,101.3,113.4,128.2
Fichte,15,120,04-30,27.9,39.1,61.8,87.6,101.9,113.7,128.6
Fichte,15,121,05-01,28.3,39.8,62.1,87.9,102.6,114.2,128.4
Fichte,15,122,05-02,29.1,40.8,62.3,88.3,103.6,115.5,128.9
Fichte,15,123,05-03,30.0,41.8,62.7,89.1,105.0,116.7,128.9
Fichte,15,124,05-04,30.9,42.6,63.6,90.2,105.9,117.7,128.7
Fichte,15,125,05-05,31.9,43.7,64.9,91.4,106.3,118.0,127.9
Fichte,15,126,05-06,32.8,44.1,66.3,92.6,106.3,117.3,127.3
Fichte,15,127,05-07,33.6,44.6,66.8,93.6,106.5,117.5,128.0
Fichte,15,128,05-08,34.4,44.9,67.4,93.6,106.5,117.3,127.6
Fichte,15,129,05-09,34.8,45.2,68.6,93.5,106.1,117.0,127.7
Fichte,15,130,05-10,35.1,45.4,69.9,93.6,106.0,117.4,128.2
Fichte,15,131,05-11,35.6,45.6,71.4,93.3,105.8,117.9,128.2
Fichte,15,132,05-12,35.6,45.2,71.8,93,105.9,118.0,128.1
Fichte,15,133,05-13,35.5,44.6,72.4,92.7,105.4,118.1,127.6
Fichte,15,134,05-14,35.3,44.3,72.9,92.6,105.2,118.4,127.7
Fichte,15,135,05-15,35.0,44.1,72.7,92.1,105.2,118.5,127.1
Fichte,15,136,05-16,34.7,44.4,72.7,91.7,104.8,117.7,126.4
Fichte,15,137,05-17,34.3,44.8,72.7,91,104.1,117.6,125.9
Fichte,15,138,05-18,33.9,45.2,72.8,90.3,103.8,117.4,125.9
Fichte,15,139,05-19,33.5,45.6,72.9,89.6,103.4,117.5,125.4
Fichte,15,140,05-20,32.8,45.2,72.9,89.2,103.3,117.4,124.3
Fichte,15,141,05-21,31.5,44.5,72.5,89.1,103.4,118.3,125.0
Fichte,15,142,05-22,30.9,43.8,72.0,89.1,103.1,119.1,125.4
Fichte,15,143,05-23,30.0,43.7,71.7,88.9,102.4,119.2,126.5
Fichte,15,144,05-24,29.0,43.8,71.1,88,101.6,119.1,127.3
Fichte,15,145,05-25,28.1,43.5,70.6,87.1,101.0,118.2,126.4
Fichte,15,146,05-26,28.0,43.2,70.0,86.4,100.5,117.5,125.3
Fichte,15,147,05-27,27.9,43.0,69.5,85.7,99.7,116.3,123.5
Fichte,15,148,05-28,28.0,42.8,68.9,85.2,99.0,116.0,122.4
Fichte,15,149,05-29,28.2,43.6,68.2,85,98.8,116.3,121.9
Fichte,15,150,05-30,28.4,44.2,67.7,84.6,98.5,115.9,121.9
Fichte,15,151,05-31,28.4,44.6,67.2,84.4,97.8,115.1,121.5
Fichte,15,152,06-01,28.5,45.2,66.8,83.9,97.4,114.5,121.5
Fichte,15,153,06-02,28.7,44.9,66.3,83.2,97.7,114.1,121.2
Fichte,15,154,06-03,28.9,44.8,65.6,82.5,97.6,113.7,120.8
Fichte,15,155,06-04,29.2,44.7,64.9,81.9,97.3,113.6,120.6
Fichte,15,156,06-05,29.6,44.2,64.4,81.5,97.0,113.7,120.8
Fichte,15,157,06-06,30.0,43.7,64.0,81.5,97.2,113.4,120.3
Fichte,15,158,06-07,30.4,43.4,63.6,81.1,96.9,112.8,120.0
Fichte,15,159,06-08,30.8,43.2,62.9,81,96.8,112.5,119.2
Fichte,15,160,06-09,31.3,43.1,62.1,80.6,96.0,112.3,118.9
Fichte,15,161,06-10,31.9,43.0,61.4,80.2,95.5,110.9,117.5
Fichte,15,162,06-11,31.9,42.6,60.8,79.7,95.3,109.1,116.0
Fichte,15,163,06-12,31.9,41.5,60.1,79.4,95.2,108.1,114.2
Fichte,15,164,06-13,32.0,40.5,59.2,79.3,95.3,107.5,112.8
Fichte,15,165,06-14,31.8,40.1,58.2,78.7,95.0,106.7,112.0
Fichte,15,166,06-15,31.0,39.4,56.8,78.5,94.8,106.7,112.1
Fichte,15,167,06-16,30.2,38.6,55.4,78,94.2,106.7,112.3
Fichte,15,168,06-17,29.2,37.9,54.0,77.5,93.6,106.2,112.0
Fichte,15,169,06-18,28.1,36.3,52.4,76.9,92.8,105.4,111.5
Fichte,15,170,06-19,27.1,35.0,50.5,76.2,91.7,105.4,111.2
Fichte,15,171,06-20,26.3,33.8,49.3,75.4,91.5,105.7,111.4
Fichte,15,172,06-21,25.5,32.5,48.1,74.6,91.4,106.2,111.4
Fichte,15,173,06-22,24.9,31.3,46.9,73.7,91.0,106.4,111.6
Fichte,15,174,06-23,24.3,30.6,45.8,72.5,90.9,106.5,112.2
Fichte,15,175,06-24,23.7,30.0,44.7,71.3,90.6,106.6,112.6
Fichte,15,176,06-25,23.4,29.4,43.2,69.6,90.2,106.3,112.4
Fichte,15,177,06-26,23.2,28.8,42.1,67.8,89.4,106.0,112.0
Fichte,15,178,06-27,23.0,28.5,40.9,66.2,88.6,106.3,112.3
Fichte,15,179,06-28,22.7,28.1,40.1,65.2,88.0,106.2,112.0
Fichte,15,180,06-29,22.4,27.8,39.4,64.5,88.0,105.4,111.5
Fichte,15,181,06-30,22.0,27.5,38.6,63.5,87.3,105.1,111.5
Fichte,15,182,07-01,21.6,27.0,37.8,62.3,86.6,104.8,111.4
Fichte,15,183,07-02,21.2,26.7,37.0,60.7,85.9,104.4,111.5
Fichte,15,184,07-03,20.9,26.3,36.5,59.6,85.0,105.2,112.7
Fichte,15,185,07-04,20.6,25.5,35.5,59,84.9,105.5,113.9
Fichte,15,186,07-05,20.2,24.8,34.9,58,84.7,105.4,115.0
Fichte,15,187,07-06,20.0,24.2,34.3,57.1,84.6,105.2,115.9
Fichte,15,188,07-07,19.7,23.7,33.8,56.2,84.7,104.9,117.0
Fichte,15,189,07-08,19.5,23.2,33.2,55.1,84.6,104.2,117.5
Fichte,15,190,07-09,19.1,22.7,32.7,54,84.2,102.5,117.1
Fichte,15,191,07-10,18.7,22.3,31.1,52.8,83.3,101.0,116.2
Fichte,15,192,07-11,18.3,21.9,29.7,51.7,82.2,99.9,115.3
Fichte,15,193,07-12,17.7,21.4,28.5,50.8,81.0,98.8,115.5
Fichte,15,194,07-13,17.3,20.6,27.7,50.1,79.7,98.5,114.5
Fichte,15,195,07-14,16.9,20.0,27.0,49.4,79.5,97.4,113.3
Fichte,15,196,07-15,16.3,19.2,26.4,49.1,79.6,96.5,112.3
Fichte,15,197,07-16,15.6,18.5,25.6,49,78.7,95.8,111.5
Fichte,15,198,07-17,15.0,17.6,24.9,49.2,77.9,95.0,110.6
Fichte,15,199,07-18,14.4,17.2,24.4,48.6,77.5,94.4,110.2
Fichte,15,200,07-19,13.9,16.7,24.3,49.1,76.9,94.2,110.8
Fichte,15,201,07-20,13.4,16.3,24.2,49.5,76.1,94.1,111.6
Fichte,15,202,07-21,12.7,15.9,24.1,49.8,75.2,93.5,112.0
Fichte,15,203,07-22,11.9,15.5,24.0,50.2,75.1,92.9,111.8
Fichte,15,204,07-23,11.2,15.2,24.1,50.1,75.2,91.4,110.3
Fichte,15,205,07-24,10.6,15.1,24.4,49.8,74.8,91.0,109.2
Fichte,15,206,07-25,9.9,14.8,24.4,49.4,74.5,90.3,107.0
Fichte,15,207,07-26,9.4,14.5,24.5,49.1,73.7,89.8,105.9
Fichte,15,208,07-27,8.8,14.2,24.6,48.8,73.4,89.6,104.7
Fichte,15,209,07-28,8.2,13.9,25.1,48.8,73.5,89.9,103.5
Fichte,15,210,07-29,7.7,13.6,25.4,49.1,73.8,90.4,102.6
Fichte,15,211,07-30,7.2,13.2,25.7,49.3,73.8,90.4,101.6
Fichte,15,212,07-31,6.8,13.0,26.5,49.4,73.3,89.5,100.6
Fichte,15,213,08-01,6.3,12.7,27.3,49.5,72.6,88.7,98.4
Fichte,15,214,08-02,5.9,12.4,27.6,49.6,72.2,87.3,97.8
Fichte,15,215,08-03,5.4,12.1,27.8,49.6,71.0,86.7,97.8
Fichte,15,216,08-04,4.9,12.0,27.9,49.5,69.5,86.5,97.8
Fichte,15,217,08-05,4.4,12.0,28.1,49.1,68.7,86.2,98.7
Fichte,15,218,08-06,4.0,12.1,28.3,48.6,68.5,85.7,99.0
Fichte,15,219,08-07,3.8,11.8,28.1,47.8,67.9,85.0,99.8
Fichte,15,220,08-08,4.1,11.8,27.8,46.2,67.0,84.1,99.2
Fichte,15,221,08-09,4.4,11.7,27.8,45.3,66.8,83.1,98.0
Fichte,15,222,08-10,4.5,11.7,27.8,44.5,66.6,82.3,96.8
Fichte,15,223,08-11,4.5,11.6,27.9,43.8,65.9,81.9,96.0
Fichte,15,224,08-12,4.5,11.3,27.3,43.3,64.6,81.1,95.3
Fichte,15,225,08-13,4.5,11.1,26.7,42.5,63.3,79.4,94.3
Fichte,15,226,08-14,4.6,10.9,26.0,41.9,62.0,78.1,94.3
Fichte,15,227,08-15,4.9,10.9,25.2,41.4,61.4,77.7,94.0
Fichte,15,228,08-16,5.1,10.8,24.5,40.9,60.2,76.9,93.6
Fichte,15,229,08-17,5.2,10.6,23.4,40.5,59.2,75.7,93.5
Fichte,15,230,08-18,5.3,10.6,23.4,40,58.7,74.9,94.6
Fichte,15,231,08-19,5.3,10.6,23.4,39.6,58.4,74.7,95.5
Fichte,15,232,08-20,5.3,10.6,23.0,39.6,58.2,76.3,97.1
Fichte,15,233,08-21,5.5,10.5,22.6,39.8,58.8,77.8,98.7
Fichte,15,234,08-22,5.7,10.6,22.4,40.3,60.3,79.2,99.1
Fichte,15,235,08-23,5.9,10.8,22.3,41,60.9,79.9,99.0
Fichte,15,236,08-24,6.1,10.9,22.1,41.6,61.5,80.0,98.9
Fichte,15,237,08-25,6.3,10.9,22.0,42,62.2,80.0,97.9
Fichte,15,238,08-26,6.7,10.9,22.1,42.5,62.5,79.8,96.9
Fichte,15,239,08-27,6.9,10.9,22.0,43,62.3,79.5,95.3
Fichte,15,240,08-28,6.7,10.7,21.9,43.3,62.1,79.1,94.3
Fichte,15,241,08-29,6.5,10.5,21.9,43.2,61.6,78.5,93.9
Fichte,15,242,08-30,6.4,10.3,21.8,43.2,61.5,78.8,93.8
Fichte,15,243,08-31,6.3,10.2,21.8,42.9,61.5,78.5,93.8
Fichte,15,244,09-01,6.4,10.0,21.7,42.7,61.9,79.1,93.9
Fichte,15,245,09-02,6.3,9.8,21.5,42.7,62.9,80.2,95.2
Fichte,15,246,09-03,6.2,9.5,21.6,42.5,64.2,82.0,95.6
Fichte,15,247,09-04,6.0,9.2,21.7,42.5,65.2,82.9,95.4
Fichte,15,248,09-05,5.7,9.0,21.7,42.8,66.5,84.1,95.6
Fichte,15,249,09-06,5.7,8.8,21.7,42.9,67.3,85.5,96.3
Fichte,15,250,09-07,5.7,8.5,21.0,42.9,67.5,86.4,96.0
Fichte,15,251,09-08,5.8,8.7,20.6,43.3,67.5,86.7,96.5
Fichte,15,252,09-09,5.8,8.8,20.7,43.7,67.9,85.1,96.1
Fichte,15,253,09-10,5.7,9.0,20.7,43.8,67.9,83.5,95.4
Fichte,15,254,09-11,5.5,9.0,20.6,43.3,66.8,82.8,95.0
Fichte,15,255,09-12,5.4,9.0,20.5,42.8,66.9,82.9,95.5
Fichte,15,256,09-13,5.7,9.0,21.1,42.8,67.0,82.9,96.0
Fichte,15,257,09-14,5.9,9.3,21.4,42.8,67.3,82.7,96.3
Fichte,15,258,09-15,6.0,9.4,21.5,42.3,68.3,83.4,96.9
Fichte,15,259,09-16,6.0,9.5,21.7,42.1,69.5,84.6,98.0
Fichte,15,260,09-17,6.2,9.7,21.8,41.9,71.2,86.1,98.9
Fichte,15,261,09-18,6.3,9.8,21.5,42.4,72.6,87.6,99.8
Fichte,15,262,09-19,6.4,10.0,21.3,42.7,73.6,88.3,100.4
Fichte,15,263,09-20,6.5,10.2,21.1,42.8,74.1,89.1,100.7
Fichte,15,264,09-21,6.6,10.3,20.9,42.9,74.6,89.6,101.0
Fichte,15,265,09-22,6.6,10.4,20.8,43.1,74.4,89.9,100.9
Fichte,15,266,09-23,6.6,10.5,20.8,43.5,73.8,89.1,101.2
Fichte,15,267,09-24,6.6,10.5,20.8,43.8,73.4,88.2,101.2
Fichte,15,268,09-25,6.6,10.4,20.9,44.3,73.3,87.7,100.7
Fichte,15,269,09-26,6.6,10.7,20.9,44.9,73.1,87.1,100.7
Fichte,15,270,09-27,6.6,10.9,21.7,45.7,73.5,87.1,100.3
Fichte,15,271,09-28,6.6,10.7,22.3,46.4,73.9,87.3,99.2
Fichte,15,272,09-29,6.5,10.5,21.7,47.1,74.6,87.8,99.4
Fichte,15,273,09-30,6.6,10.3,21.1,47.8,75.0,89.2,99.9
Fichte,15,274,10-01,6.6,10.1,21.6,48.6,75.3,89.9,100.3
Fichte,15,275,10-02,6.6,9.8,22.3,49.4,75.1,90.2,100.2
Fichte,15,276,10-03,6.2,9.4,22.7,49.7,75.1,90.8,100.3
Fichte,15,277,10-04,5.8,8.7,23.0,50.4,74.8,91.7,100.5
Fichte,15,278,10-05,5.4,8.1,23.5,51.1,74.0,92.3,101.4
Fichte,15,279,10-06,4.9,7.6,23.9,52.1,73.8,92.4,101.8
Fichte,15,280,10-07,4.4,7.0,24.4,52.8,73.4,92.3,102.0
Fichte,15,281,10-08,3.9,6.5,24.9,53,73.2,92.3,101.6
Fichte,15,282,10-09,3.5,6.3,25.2,53.5,73.3,92.4,101.9
Fichte,15,283,10-10,3.2,6.2,25.6,54.5,73.3,93.0,102.8
Fichte,15,284,10-11,2.9,6.1,26.0,55.5,74.2,93.7,103.8
Fichte,15,285,10-12,2.6,6.1,26.7,56.8,75.3,94.7,104.3
Fichte,15,286,10-13,2.3,6.2,27.5,57.7,76.5,95.4,104.5
Fichte,15,287,10-14,2.1,6.3,28.2,58.7,77.4,97.2,105.5
Fichte,15,288,10-15,1.9,6.4,29.1,59,77.8,98.6,106.9
Fichte,15,289,10-16,1.7,6.2,30.4,59.2,78.2,99.6,107.2
Fichte,15,290,10-17,1.9,6.2,30.9,59.3,78.6,100.1,107.8
Fichte,15,291,10-18,2.0,7.0,31.1,59.1,79.3,100.3,108.4
Fichte,15,292,10-19,2.8,7.9,32.0,58.8,79.3,100.8,108.3
Fichte,15,293,10-20,3.4,9.0,33.4,58.4,79.4,100.3,107.9
Fichte,15,294,10-21,3.9,10.0,33.6,58.3,79.7,100.0,107.6
Fichte,15,295,10-22,4.3,11.1,34.2,58.2,80.2,99.6,107.1
Fichte,15,296,10-23,4.6,12.0,34.5,58.1,81.4,99.4,106.9
Fichte,15,297,10-24,4.9,12.9,34.6,58.1,82.5,99.7,107.6
Fichte,15,298,10-25,5.1,13.7,34.6,58.1,83.4,99.8,107.4
Fichte,15,299,10-26,5.3,14.4,34.8,58.8,84.1,100.5,107.4
Fichte,15,300,10-27,5.5,15.0,35.2,59.5,84.8,101.1,107.8
Fichte,15,301,10-28,5.6,15.5,35.7,60.2,85.6,101.6,108.2
Fichte,15,302,10-29,5.8,15.7,36.3,60.8,86.5,102.2,108.2
Fichte,15,303,10-30,5.9,15.9,36.9,61.1,87.4,102.5,108.2
Fichte,15,304,10-31,6.1,16.1,37.6,61.7,87.8,102.5,108.4
Fichte,15,305,11-01,6.2,16.2,38.3,62,88.0,102.4,108.6
Fichte,15,306,11-02,6.4,16.4,38.9,62.5,88.2,102.9,108.9
Fichte,15,307,11-03,6.5,16.5,39.4,62.8,88.7,102.8,109.0
Fichte,15,308,11-04,6.6,16.7,39.9,63.3,89.1,102.5,109.1
Fichte,15,309,11-05,6.8,16.9,39.9,63.7,89.6,102.4,109.1
Fichte,15,310,11-06,6.6,16.9,40.1,64.3,90.0,103.4,109.8
Fichte,15,311,11-07,6.4,16.3,40.4,65.5,91.0,104.1,110.4
Fichte,15,312,11-08,5.6,15.5,40.8,66.6,91.9,104.7,111.2
Fichte,15,313,11-09,4.9,14.5,41.0,67.8,92.8,105.4,111.9
Fichte,15,314,11-10,4.7,13.6,42.3,69,93.7,105.8,112.4
Fichte,15,315,11-11,4.5,12.8,43.3,70.4,94.6,106.4,113.7
Fichte,15,316,11-12,4.4,12.1,44.2,71.7,94.9,106.9,114.5
Fichte,15,317,11-13,4.4,11.4,45.1,73,95.3,107.0,114.2
Fichte,15,318,11-14,4.4,10.9,46.1,74.3,95.6,107.3,114.4
Fichte,15,319,11-15,4.4,10.4,47.0,75,95.6,107.2,114.7
Fichte,15,320,11-16,4.4,10.0,47.7,76,95.8,107.2,114.6
Fichte,15,321,11-17,4.5,9.6,48.4,76.9,95.9,107.5,114.7
Fichte,15,322,11-18,4.6,9.3,49.1,78.1,96.0,108.0,115.3
Fichte,15,323,11-19,4.6,9.0,49.9,79.3,96.7,108.4,115.3
Fichte,15,324,11-20,4.7,9.0,50.7,80.2,96.8,108.5,114.9
Fichte,15,325,11-21,4.8,9.4,51.2,81.3,97.2,108.3,114.7
Fichte,15,326,11-22,5.1,9.8,51.9,82.4,97.6,108.2,114.3
Fichte,15,327,11-23,6.4,10.8,52.6,83.4,98.0,107.7,113.6
Fichte,15,328,11-24,7.3,12.5,53.3,84.2,98.4,107.9,113.4
Fichte,15,329,11-25,8.7,14.4,54.0,85.4,99.1,108.4,113.5
Fichte,15,330,11-26,10.6,16.2,54.6,86.2,99.6,107.9,113.4
Fichte,15,331,11-27,12.7,18.2,55.3,86.7,99.1,107.7,113.0
Fichte,15,332,11-28,14.7,20.2,56.0,87.4,99.3,107.4,112.5
Fichte,15,333,11-29,17.0,22.2,56.9,88.1,99.3,107.5,112.2
Fichte,15,334,11-30,18.8,24.8,57.8,88.7,99.4,107.7,112.2
Fichte,15,335,12-01,20.6,27.3,58.5,89.2,99.6,107.8,112.2
Fichte,15,336,12-02,22.5,29.8,59.3,90.2,100.2,108.2,112.4
Fichte,15,337,12-03,24.3,32.1,60.3,90.9,101.3,108.9,113.2
Fichte,15,338,12-04,26.1,34.3,61.4,91.8,102.1,109.1,113.6
Fichte,15,339,12-05,27.9,36.5,62.7,92.7,102.9,109.8,114.0
Fichte,15,340,12-06,29.6,39.4,64.0,93.4,103.4,110.3,114.3
Fichte,15,341,12-07,31.4,42.2,65.3,94,103.7,110.5,114.7
Fichte,15,342,12-08,33.1,44.7,66.4,94.1,103.8,110.5,115.2
Fichte,15,343,12-09,34.8,47.3,67.3,94,103.5,110.5,115.4
Fichte,15,344,12-10,36.5,49.6,68.2,94.5,103.7,110.8,115.8
Fichte,15,345,12-11,38.3,51.6,69.1,94.7,104.1,111.3,115.9
Fichte,15,346,12-12,39.8,54.0,70.2,95.3,104.8,112.3,116.8
Fichte,15,347,12-13,40.3,55.8,71.8,95.8,105.7,113.2,118.1
Fichte,15,348,12-14,41.2,56.7,73.4,96.4,106.2,113.7,118.6
Fichte,15,349,12-15,41.6,57.4,74.8,97,106.6,114.1,118.8
Fichte,15,350,12-16,41.6,58.2,76.3,97.5,107.3,114.7,119.1
Fichte,15,351,12-17,41.4,58.7,77.9,98,108.3,115.5,119.9
Fichte,15,352,12-18,41.2,59.3,79.3,98.4,108.7,116.1,120.4
Fichte,15,353,12-19,40.8,59.7,80.2,98.9,109.2,116.6,120.9
Fichte,15,354,12-20,40.5,59.5,79.8,99.3,109.8,117.1,122.1
Fichte,15,355,12-21,40.2,59.4,80.1,99.6,110.1,117.3,122.3
Fichte,15,356,12-22,40.0,59.6,80.2,99.6,110.2,117.5,122.6
Fichte,15,357,12-23,39.8,59.9,80.3,99.9,109.9,117.3,122.7
Fichte,15,358,12-24,39.7,60.3,80.4,99.8,110.0,117.5,122.5
Fichte,15,359,12-25,39.6,60.9,80.4,99.8,110.0,117.2,122.5
Fichte,15,360,12-26,39.4,60.8,80.3,99.6,110.3,117.2,122.8
Fichte,15,361,12-27,39.4,60.6,80.3,99.7,110.8,117.6,123.2
Fichte,15,362,12-28,39.3,60.7,80.6,100.3,111.6,117.8,122.9
Fichte,15,363,12-29,39.3,61.0,81.2,101.2,112.8,118.3,123.3
Fichte,15,364,12-30,39.2,61.2,81.9,101.8,113.5,119.0,124.1
Fichte,15,365,12-31,39.2,61.4,82.9,102.4,113.8,119.3,
Fichte,30,1,01-01,40.8,71.6,87.4,104.4,110.9,115.9,123.9
Fichte,30,2,01-02,41.4,71.7,88.1,104.1,110.9,116.0,123.6
Fichte,30,3,01-03,42.4,72.6,88.2,103.8,110.5,116.1,123.8
Fichte,30,4,01-04,43.3,73.5,88.6,103.4,110.4,116.1,124.0
Fichte,30,5,01-05,44.1,74.2,88.7,103.1,110.3,116.2,123.6
Fichte,30,6,01-06,44.9,74.7,88.6,102.7,110.3,116.1,123.2
Fichte,30,7,01-07,45.6,75.2,88.7,102.5,110.2,116.0,123.3
Fichte,30,8,01-08,46.3,75.6,89.0,102.1,110.1,116.2,123.1
Fichte,30,9,01-09,46.8,75.9,89.0,101.8,110.0,116.0,122.8
Fichte,30,10,01-10,47.4,76.3,89.3,101.9,109.8,115.7,122.4
Fichte,30,11,01-11,48.1,77.3,89.6,101.9,109.9,115.6,122.6
Fichte,30,12,01-12,48.9,77.9,89.9,101.8,110.1,115.9,123.3
Fichte,30,13,01-13,49.7,78.3,90.3,101.7,109.9,115.7,123.2
Fichte,30,14,01-14,50.6,78.8,90.7,101.4,109.6,115.3,122.7
Fichte,30,15,01-15,51.4,79.3,91.1,101.1,108.9,114.5,121.8
Fichte,30,16,01-16,52.2,79.7,91.6,100.8,108.5,113.9,121.4
Fichte,30,17,01-17,53.0,80.5,91.8,100.5,108.2,113.7,121.0
Fichte,30,18,01-18,53.9,81.1,92.2,100.3,107.7,113.6,121.1
Fichte,30,19,01-19,55.2,82.0,92.6,100,107.6,113.8,121.7
Fichte,30,20,01-20,56.9,82.8,93.1,99.7,107.3,113.9,121.9
Fichte,30,21,01-21,59.1,83.4,93.0,99.5,106.9,113.6,122.0
Fichte,30,22,01-22,61.0,84.3,92.9,99.4,106.6,113.6,122.7
Fichte,30,23,01-23,62.4,84.7,93.2,99.4,106.9,114.2,123.5
Fichte,30,24,01-24,63.6,85.1,93.4,99.3,107.2,115.2,124.7
Fichte,30,25,01-25,64.6,85.4,93.6,99.4,107.7,115.7,125.3
Fichte,30,26,01-26,65.6,85.8,94.0,99.7,108.3,116.0,125.6
Fichte,30,27,01-27,67.0,86.2,94.1,99.7,108.6,116.1,125.3
Fichte,30,28,01-28,68.2,86.5,93.9,99.9,108.8,116.1,126.0
Fichte,30,29,01-29,69.5,86.8,94.0,100.3,108.9,116.5,126.4
Fichte,30,30,01-30,70.6,87.0,93.8,100.4,109.1,116.9,126.6
Fichte,30,31,01-31,71.7,87.2,93.6,100.3,109.0,117.0,126.4
Fichte,30,32,02-01,72.8,87.3,93.4,100.3,108.9,117.1,125.9
Fichte,30,33,02-02,73.7,87.5,93.2,100.3,109.1,117.5,125.7
Fichte,30,34,02-03,74.7,87.6,93.1,100.4,109.5,117.9,126.1
Fichte,30,35,02-04,75.6,87.7,93.0,100.5,109.8,118.7,126.8
Fichte,30,36,02-05,76.5,87.8,92.9,100.7,109.9,119.2,127.5
Fichte,30,37,02-06,77.3,87.5,92.9,101,110.3,119.5,127.9
Fichte,30,38,02-07,78.2,87.4,92.7,101.3,110.9,119.9,127.5
Fichte,30,39,02-08,79.0,86.9,92.4,101.7,111.0,119.8,126.9
Fichte,30,40,02-09,79.2,86.8,92.1,101.9,111.1,119.7,126.3
Fichte,30,41,02-10,78.9,86.7,92.2,102.3,111.1,119.7,125.7
Fichte,30,42,02-11,78.5,86.4,92.3,102.6,111.2,119.6,124.7
Fichte,30,43,02-12,78.4,85.9,92.1,102.8,111.0,118.8,123.2
Fichte,30,44,02-13,78.3,85.3,92.0,103,110.7,117.6,121.9
Fichte,30,45,02-14,78.3,84.7,92.0,103.1,110.0,116.8,121.7
Fichte,30,46,02-15,78.3,84.1,92.0,103.2,109.5,116.5,121.5
Fichte,30,47,02-16,77.9,83.5,92.1,103.4,109.3,116.3,121.5
Fichte,30,48,02-17,77.5,82.8,92.2,103.6,109.3,116.4,120.9
Fichte,30,49,02-18,77.0,82.8,92.2,103.5,109.3,116.5,121.1
Fichte,30,50,02-19,77.3,82.8,92.2,103.3,109.4,116.7,121.7
Fichte,30,51,02-20,77.7,82.9,92.2,103.3,109.6,116.8,122.2
Fichte,30,52,02-21,78.1,82.9,92.2,103.2,109.7,117.0,122.8
Fichte,30,53,02-22,78.4,82.8,92.1,103.1,109.7,117.0,123.0
Fichte,30,54,02-23,78.7,82.7,91.8,103,109.5,117.1,122.9
Fichte,30,55,02-24,79.0,82.6,91.5,102.8,109.5,116.7,122.7
Fichte,30,56,02-25,79.1,82.8,91.6,102.5,109.5,116.6,122.8
Fichte,30,57,02-26,79.3,83.0,91.6,102,109.4,116.4,122.8
Fichte,30,58,02-27,79.3,83.2,91.7,101.8,109.2,116.0,122.8
Fichte,30,59,02-28,78.9,83.3,91.7,101.5,109.1,115.6,123.1
Fichte,30,60,03-01,78.6,83.3,91.8,101.3,109.0,115.3,123.6
Fichte,30,61,03-02,78.4,83.4,91.8,101,108.9,115.0,123.9
Fichte,30,62,03-03,78.7,83.7,91.6,101,108.9,115.1,124.4
Fichte,30,63,03-04,78.9,84.0,91.6,100.8,108.8,115.4,125.6
Fichte,30,64,03-05,79.0,84.3,91.8,100.7,109.0,115.8,125.4
Fichte,30,65,03-06,79.0,84.6,91.7,100.4,109.1,116.0,124.9
Fichte,30,66,03-07,78.8,84.8,91.6,100.2,109.0,116.0,125.0
Fichte,30,67,03-08,78.6,85.0,91.5,100,108.7,116.1,125.3
Fichte,30,68,03-09,78.7,85.1,91.5,99.7,108.4,115.7,124.9
Fichte,30,69,03-10,78.8,84.5,91.5,99.3,108.1,115.2,124.2
Fichte,30,70,03-11,78.1,83.8,91.4,98.9,107.7,114.7,123.3
Fichte,30,71,03-12,77.7,83.3,91.2,98.4,107.3,114.3,122.6
Fichte,30,72,03-13,77.4,83.0,90.9,97.8,106.8,113.8,121.6
Fichte,30,73,03-14,77.1,82.8,90.7,97.1,106.3,113.2,121.4
Fichte,30,74,03-15,76.8,82.6,90.4,96.3,105.9,112.7,121.0
Fichte,30,75,03-16,76.5,82.3,90.0,95.8,105.3,112.2,120.3
Fichte,30,76,03-17,76.1,81.5,89.2,95.2,104.7,111.8,119.4
Fichte,30,77,03-18,75.6,80.6,88.3,94.6,104.3,111.6,118.8
Fichte,30,78,03-19,75.1,79.6,87.4,93.8,103.9,111.5,118.6
Fichte,30,79,03-20,74.4,78.6,86.5,93.3,103.5,111.7,118.7
Fichte,30,80,03-21,73.7,77.4,85.4,92.8,103.2,111.8,118.2
Fichte,30,81,03-22,72.7,75.9,84.1,92.5,103.1,111.9,117.7
Fichte,30,82,03-23,71.1,74.4,82.7,92,103.0,112.0,117.6
Fichte,30,83,03-24,69.7,72.7,81.3,91.5,102.8,111.6,117.0
Fichte,30,84,03-25,68.2,71.0,79.9,90.9,102.7,111.6,117.4
Fichte,30,85,03-26,66.7,69.5,78.7,90.2,102.4,111.6,117.7
Fichte,30,86,03-27,65.3,67.9,77.5,89.6,102.4,111.6,118.1
Fichte,30,87,03-28,63.9,66.4,76.4,89,102.3,111.6,117.9
Fichte,30,88,03-29,62.1,64.9,75.2,88.5,102.2,111.4,118.4
Fichte,30,89,03-30,60.3,63.4,74.0,88.1,102.1,111.2,119.6
Fichte,30,90,03-31,58.5,61.9,72.8,87.8,102.0,110.9,120.5
Fichte,30,91,04-01,56.3,60.1,71.7,87.6,101.8,110.7,120.9
Fichte,30,92,04-02,53.9,58.1,70.6,87.4,101.5,110.8,121.4
Fichte,30,93,04-03,51.6,56.0,69.3,87.4,101.4,110.8,121.1
Fichte,30,94,04-04,49.3,54.0,67.8,87.1,101.4,110.6,120.5
Fichte,30,95,04-05,47.2,52.0,66.4,87.2,101.6,110.4,120.0
Fichte,30,96,04-06,45.4,50.4,65.0,87.2,101.8,110.1,119.7
Fichte,30,97,04-07,43.7,49.1,64.6,87.2,101.8,110.0,119.9
Fichte,30,98,04-08,42.1,48.3,64.2,87.3,101.8,109.9,119.5
Fichte,30,99,04-09,40.7,47.5,63.9,87,101.7,109.4,118.1
Fichte,30,100,04-10,39.4,46.7,63.6,86.8,101.6,108.9,117.7
Fichte,30,101,04-11,38.2,46.0,63.5,86.3,101.2,108.2,117.5
Fichte,30,102,04-12,37.1,45.3,63.5,85.6,100.6,107.3,116.6
Fichte,30,103,04-13,36.0,44.6,63.4,85,99.9,106.4,115.6
Fichte,30,104,04-14,35.0,43.9,62.7,84.3,99.1,105.1,114.3
Fichte,30,105,04-15,34.2,43.1,61.8,83.8,98.2,104.5,113.3
Fichte,30,106,04-16,33.7,43.0,61.8,83.1,97.6,104.0,113.1
Fichte,30,107,04-17,33.3,42.9,61.8,82.8,97.2,103.7,112.9
Fichte,30,108,04-18,33.0,42.9,61.8,82.8,97.1,103.6,112.9
Fichte,30,109,04-19,32.8,42.8,61.7,82.8,97.0,103.5,112.2
Fichte,30,110,04-20,32.7,42.7,61.8,82.9,97.0,103.4,111.4
Fichte,30,111,04-21,32.7,42.6,61.8,83.2,97.2,103.8,111.9
Fichte,30,112,04-22,33.0,42.5,62.2,83.5,97.6,103.6,112.2
Fichte,30,113,04-23,33.3,42.8,62.7,83.8,97.8,103.8,113.4
Fichte,30,114,04-24,33.6,43.1,63.7,84.4,97.8,104.0,114.3
Fichte,30,115,04-25,33.8,43.5,64.7,84.5,97.5,104.6,115.2
Fichte,30,116,04-26,33.7,43.7,65.8,84.8,97.3,104.9,116.0
Fichte,30,117,04-27,33.6,43.6,66.0,85.3,97.3,105.5,116.8
Fichte,30,118,04-28,33.4,43.0,66.1,85.7,97.4,106.0,117.5
Fichte,30,119,04-29,33.2,42.5,66.0,86.1,97.6,106.4,118.0
Fichte,30,120,04-30,33.4,42.8,65.8,86.5,97.8,107.1,119.1
Fichte,30,121,05-01,33.5,43.4,66.0,86.7,98.1,107.9,119.6
Fichte,30,122,05-02,34.2,44.1,66.2,87,98.6,108.8,120.5
Fichte,30,123,05-03,35.0,44.8,66.5,87.4,99.5,110.0,121.9
Fichte,30,124,05-04,36.1,46.0,67.4,88.2,100.5,111.1,122.8
Fichte,30,125,05-05,37.1,47.5,68.5,89.3,101.5,111.8,124.3
Fichte,30,126,05-06,37.7,48.3,68.8,90.4,102.3,112.3,124.1
Fichte,30,127,05-07,38.2,49.0,69.2,91.4,103.0,112.8,124.2
Fichte,30,128,05-08,38.7,49.8,69.6,91.8,103.3,112.9,124.1
Fichte,30,129,05-09,39.0,50.4,70.6,92.1,103.3,113.2,124.2
Fichte,30,130,05-10,39.3,51.1,71.5,92.2,103.5,114.0,124.7
Fichte,30,131,05-11,39.6,51.6,72.3,92.3,103.6,114.2,124.5
Fichte,30,132,05-12,40.1,52.1,72.8,92.6,103.8,114.6,124.4
Fichte,30,133,05-13,40.5,52.3,73.2,92.7,104.0,114.7,123.5
Fichte,30,134,05-14,40.9,52.3,73.4,93,104.3,115.1,123.2
Fichte,30,135,05-15,41.2,52.3,73.5,93.1,104.6,115.0,122.8
Fichte,30,136,05-16,41.4,53.2,73.3,93,104.7,115.0,122.2
Fichte,30,137,05-17,41.7,54.1,73.1,92.8,104.5,114.5,121.5
Fichte,30,138,05-18,41.9,55.0,73.0,92.4,104.4,114.2,121.4
Fichte,30,139,05-19,42.1,55.9,72.9,92,104.0,114.3,121.4
Fichte,30,140,05-20,41.9,55.8,72.8,91.6,104.1,114.2,121.0
Fichte,30,141,05-21,42.2,55.3,72.1,91.6,104.1,114.4,121.2
Fichte,30,142,05-22,42.2,54.9,72.0,92,104.1,114.4,121.7
Fichte,30,143,05-23,42.0,54.4,72.6,92.2,103.9,114.4,121.1
Fichte,30,144,05-24,41.3,53.4,72.8,91.9,103.6,114.4,120.9
Fichte,30,145,05-25,40.9,52.2,73.0,91.6,103.5,114.0,119.9
Fichte,30,146,05-26,40.6,51.3,72.9,91.1,103.1,113.4,119.1
Fichte,30,147,05-27,40.4,50.4,72.8,90.6,102.4,112.7,118.4
Fichte,30,148,05-28,40.2,49.4,72.7,90.3,101.8,112.3,117.4
Fichte,30,149,05-29,40.1,48.6,72.2,90.1,101.9,112.3,116.8
Fichte,30,150,05-30,40.0,48.2,71.6,90,101.7,111.9,116.5
Fichte,30,151,05-31,39.7,48.0,71.1,89.9,101.3,111.1,116.2
Fichte,30,152,06-01,38.9,48.0,70.7,89.5,100.8,111.1,115.9
Fichte,30,153,06-02,38.1,47.9,70.2,88.9,100.4,110.9,115.4
Fichte,30,154,06-03,37.4,47.9,69.8,88,100.0,110.5,115.1
Fichte,30,155,06-04,36.7,47.9,69.7,87.3,99.7,110.2,114.9
Fichte,30,156,06-05,36.1,46.9,69.4,87.1,99.7,110.2,115.3
Fichte,30,157,06-06,35.5,45.9,69.5,87.1,100.0,110.1,115.6
Fichte,30,158,06-07,34.9,44.8,69.5,87.2,99.9,110.0,115.1
Fichte,30,159,06-08,34.3,43.7,68.8,87.3,100.1,109.6,115.6
Fichte,30,160,06-09,33.8,42.6,68.2,87.3,99.9,109.2,115.7
Fichte,30,161,06-10,33.0,41.8,67.7,87,99.8,108.5,115.4
Fichte,30,162,06-11,32.0,41.1,67.1,86.5,99.5,108.0,114.3
Fichte,30,163,06-12,31.1,40.4,65.7,86,99.3,107.2,113.8
Fichte,30,164,06-13,30.3,39.7,64.4,85.7,99.1,106.7,113.2
Fichte,30,165,06-14,29.4,39.2,62.9,85,98.4,106.2,112.8
Fichte,30,166,06-15,28.4,38.2,61.4,84.5,98.0,105.9,112.7
Fichte,30,167,06-16,27.3,37.3,59.7,83.8,97.7,105.8,112.5
Fichte,30,168,06-17,26.6,36.4,57.9,83,97.2,105.4,112.1
Fichte,30,169,06-18,25.8,35.6,56.0,82.2,96.4,104.6,111.4
Fichte,30,170,06-19,25.0,34.4,54.5,81.4,95.6,104.4,111.1
Fichte,30,171,06-20,24.5,33.5,52.8,80.3,95.2,104.7,111.2
Fichte,30,172,06-21,24.2,32.7,51.4,79.3,94.9,104.1,111.8
Fichte,30,173,06-22,24.2,32.1,50.5,78.4,94.4,103.8,112.2
Fichte,30,174,06-23,24.2,31.4,49.4,77.6,93.8,103.7,112.3
Fichte,30,175,06-24,24.2,30.6,48.0,76.6,93.4,103.5,112.4
Fichte,30,176,06-25,24.3,30.1,46.8,75.3,93.2,103.3,111.7
Fichte,30,177,06-26,24.3,29.5,45.5,73.8,92.8,102.9,110.8
Fichte,30,178,06-27,24.2,29.3,44.2,72.2,92.6,102.5,110.6
Fichte,30,179,06-28,24.2,29.1,43.6,71.5,92.1,101.9,109.5
Fichte,30,180,06-29,24.0,28.9,43.1,70.7,91.7,101.5,108.3
Fichte,30,181,06-30,23.6,28.5,42.7,69.7,91.1,101.1,108.2
Fichte,30,182,07-01,23.4,27.8,41.5,68.4,90.4,100.9,108.4
Fichte,30,183,07-02,23.1,27.5,40.5,67,89.6,100.5,108.5
Fichte,30,184,07-03,22.8,27.1,39.4,65.7,89.0,100.8,109.6
Fichte,30,185,07-04,22.5,26.5,38.5,64.9,88.9,101.3,110.7
Fichte,30,186,07-05,22.1,26.1,37.9,63.9,88.5,101.8,112.6
Fichte,30,187,07-06,21.7,25.8,37.5,63.1,88.3,101.8,114.1
Fichte,30,188,07-07,21.1,25.4,37.0,62.6,88.2,101.7,115.4
Fichte,30,189,07-08,20.5,25.1,36.4,61.8,88.0,101.5,116.5
Fichte,30,190,07-09,20.0,24.8,35.6,61,87.8,100.7,116.7
Fichte,30,191,07-10,19.2,24.0,34.7,60.1,87.4,99.8,116.1
Fichte,30,192,07-11,18.3,23.0,33.6,59.1,86.9,99.9,115.8
Fichte,30,193,07-12,17.2,22.0,32.2,58.1,86.5,99.8,116.6
Fichte,30,194,07-13,16.3,21.1,31.0,57.1,86.4,100.1,116.7
Fichte,30,195,07-14,15.4,20.7,30.1,56.2,86.7,100.1,116.6
Fichte,30,196,07-15,14.4,20.2,29.1,55.3,86.6,99.8,116.2
Fichte,30,197,07-16,13.6,19.6,28.4,54.4,85.8,99.7,116.0
Fichte,30,198,07-17,12.9,18.8,27.6,53.6,85.0,99.7,116.4
Fichte,30,199,07-18,12.2,18.1,27.0,52.6,84.7,100.2,117.0
Fichte,30,200,07-19,11.6,17.5,26.3,52.5,84.7,100.6,118.0
Fichte,30,201,07-20,11.1,17.0,25.7,52.7,84.6,100.9,118.8
Fichte,30,202,07-21,10.4,16.5,25.1,52.9,84.5,100.9,119.0
Fichte,30,203,07-22,9.9,15.8,25.0,53.1,84.5,100.9,118.8
Fichte,30,204,07-23,9.6,15.3,25.6,53.2,84.0,100.5,118.2
Fichte,30,205,07-24,9.2,14.8,26.4,53.1,82.9,100.3,117.4
Fichte,30,206,07-25,8.9,14.2,26.9,53,82.4,99.6,115.7
Fichte,30,207,07-26,8.5,13.6,27.5,52.7,81.9,99.2,114.9
Fichte,30,208,07-27,8.2,13.0,28.4,52.3,81.7,99.5,114.2
Fichte,30,209,07-28,7.8,12.5,29.4,52,81.4,100.1,113.4
Fichte,30,210,07-29,7.5,12.0,30.4,52,81.5,100.7,112.8
Fichte,30,211,07-30,7.2,11.5,31.3,52,81.2,101.0,112.2
Fichte,30,212,07-31,6.9,11.1,32.2,52.3,80.9,100.5,111.1
Fichte,30,213,08-01,6.6,10.7,33.0,52.4,80.7,100.1,108.9
Fichte,30,214,08-02,6.3,10.3,33.6,52.4,80.2,99.0,108.3
Fichte,30,215,08-03,6.0,9.6,34.0,52.4,79.3,98.2,108.4
Fichte,30,216,08-04,5.7,8.9,34.3,52.1,78.2,97.7,108.7
Fichte,30,217,08-05,5.5,8.3,34.3,51.6,77.6,97.1,109.5
Fichte,30,218,08-06,5.2,7.8,34.5,51.3,77.4,96.7,109.5
Fichte,30,219,08-07,5.0,7.2,34.4,50.6,77.0,95.7,109.8
Fichte,30,220,08-08,5.1,7.7,34.6,49,76.2,94.5,109.3
Fichte,30,221,08-09,5.2,8.1,34.9,48.2,75.5,93.8,108.2
Fichte,30,222,08-10,5.3,8.5,35.2,47.4,74.9,93.1,107.5
Fichte,30,223,08-11,5.2,8.8,35.0,47.2,74.4,93.3,107.4
Fichte,30,224,08-12,5.0,8.9,34.0,46.7,74.0,92.9,106.6
Fichte,30,225,08-13,4.8,9.2,32.8,46.2,73.7,91.8,105.8
Fichte,30,226,08-14,4.7,9.6,31.8,45.7,73.1,91.0,105.7
Fichte,30,227,08-15,4.6,10.0,30.4,45.6,72.3,90.8,105.4
Fichte,30,228,08-16,4.7,10.3,29.2,45.4,71.0,89.8,105.0
Fichte,30,229,08-17,4.8,10.6,27.8,45.2,70.0,88.2,104.8
Fichte,30,230,08-18,4.9,10.8,26.4,45.1,69.2,88.6,105.6
Fichte,30,231,08-19,4.9,11.0,25.5,45,68.6,89.0,106.2
Fichte,30,232,08-20,5.1,11.1,25.1,44.8,68.0,90.3,107.5
Fichte,30,233,08-21,5.3,11.2,24.9,45.3,68.3,91.3,108.8
Fichte,30,234,08-22,5.4,11.4,25.1,46.4,69.6,92.3,109.3
Fichte,30,235,08-23,5.6,11.6,25.6,47.5,69.9,92.9,109.2
Fichte,30,236,08-24,5.8,11.8,26.0,48.6,70.1,93.2,109.1
Fichte,30,237,08-25,5.9,12.1,26.4,49.6,70.5,93.3,108.4
Fichte,30,238,08-26,6.1,12.2,26.6,50.6,70.9,93.0,107.7
Fichte,30,239,08-27,6.3,12.4,26.7,51.4,70.8,93.1,106.6
Fichte,30,240,08-28,6.2,11.7,26.7,52.3,70.7,93.1,105.8
Fichte,30,241,08-29,6.0,11.0,26.7,52.6,70.3,92.5,105.5
Fichte,30,242,08-30,5.9,10.4,27.3,53,69.9,93.3,105.6
Fichte,30,243,08-31,5.8,9.8,27.9,52.9,69.2,93.2,105.4
Fichte,30,244,09-01,5.6,9.4,28.5,53,68.9,93.3,105.4
Fichte,30,245,09-02,5.5,8.9,28.5,53.1,69.8,93.9,105.5
Fichte,30,246,09-03,5.5,8.2,28.5,53,71.1,94.6,105.7
Fichte,30,247,09-04,5.4,7.7,28.9,53,72.1,95.5,105.7
Fichte,30,248,09-05,5.3,7.2,29.2,53.4,73.1,96.6,105.9
Fichte,30,249,09-06,5.1,7.1,29.6,54.2,74.2,98.0,106.2
Fichte,30,250,09-07,5.0,7.0,29.9,54.6,74.8,97.4,105.2
Fichte,30,251,09-08,5.1,7.4,29.7,55.3,75.5,96.9,105.1
Fichte,30,252,09-09,5.2,7.7,29.3,56,76.3,95.6,104.2
Fichte,30,253,09-10,5.2,8.1,28.6,56.4,75.9,94.4,103.1
Fichte,30,254,09-11,5.5,8.5,27.6,56.2,74.6,93.7,102.3
Fichte,30,255,09-12,5.9,8.8,26.6,56,74.8,94.1,102.6
Fichte,30,256,09-13,6.3,9.1,25.8,56,75.2,94.6,102.7
Fichte,30,257,09-14,6.6,9.6,25.6,56.1,75.4,95.0,102.8
Fichte,30,258,09-15,6.8,10.1,25.8,55.9,75.8,95.7,103.3
Fichte,30,259,09-16,6.9,10.5,26.1,56.1,76.1,96.4,103.9
Fichte,30,260,09-17,7.0,10.9,26.3,56.7,77.0,97.5,104.9
Fichte,30,261,09-18,7.2,11.3,26.3,57.7,78.3,98.5,105.1
Fichte,30,262,09-19,7.3,11.6,25.8,58.4,79.6,98.4,104.9
Fichte,30,263,09-20,7.4,12.0,25.2,59.1,80.9,98.2,104.8
Fichte,30,264,09-21,7.5,12.4,24.6,59.9,82.0,98.3,104.7
Fichte,30,265,09-22,7.6,12.7,24.8,60.8,82.0,98.4,104.7
Fichte,30,266,09-23,7.7,13.0,24.8,62,81.8,98.5,105.1
Fichte,30,267,09-24,7.7,13.4,24.4,62.9,82.2,97.8,104.7
Fichte,30,268,09-25,7.7,13.8,24.0,63.5,82.6,97.3,104.5
Fichte,30,269,09-26,7.7,13.9,23.8,64,82.9,97.2,104.5
Fichte,30,270,09-27,7.6,13.9,25.1,64.9,83.6,97.2,104.9
Fichte,30,271,09-28,7.3,13.6,26.5,66,84.4,97.2,104.3
Fichte,30,272,09-29,7.0,13.2,26.1,66.9,85.1,97.2,104.9
Fichte,30,273,09-30,6.8,12.9,25.7,67.7,86.5,98.3,105.7
Fichte,30,274,10-01,6.3,12.5,26.8,68.4,87.4,98.9,106.3
Fichte,30,275,10-02,5.7,12.1,27.9,69.2,87.6,98.5,106.0
Fichte,30,276,10-03,5.1,11.7,29.2,69.9,87.8,98.3,105.9
Fichte,30,277,10-04,4.7,11.2,29.8,70.6,88.0,98.3,105.8
Fichte,30,278,10-05,4.2,10.7,30.3,71.5,87.8,98.5,106.4
Fichte,30,279,10-06,3.9,10.2,30.5,71.9,88.1,98.6,106.4
Fichte,30,280,10-07,3.4,9.8,30.8,72.3,88.0,98.2,105.7
Fichte,30,281,10-08,3.2,9.3,31.1,72.4,87.9,97.8,105.3
Fichte,30,282,10-09,3.1,8.9,31.3,72.8,87.7,97.3,105.0
Fichte,30,283,10-10,3.0,8.5,31.6,73.4,87.7,97.3,105.0
Fichte,30,284,10-11,2.9,8.2,32.3,73.9,87.8,97.7,106.0
Fichte,30,285,10-12,2.8,8.0,33.3,74.4,88.3,98.3,106.9
Fichte,30,286,10-13,2.7,7.9,34.4,74.6,88.7,99.0,106.7
Fichte,30,287,10-14,2.7,7.7,35.4,74.8,89.2,99.8,107.3
Fichte,30,288,10-15,2.7,7.4,36.4,74.8,89.5,100.6,107.9
Fichte,30,289,10-16,2.6,7.2,37.4,74.4,89.8,101.1,108.1
Fichte,30,290,10-17,2.8,7.3,36.9,73.9,89.8,101.5,108.3
Fichte,30,291,10-18,2.9,8.0,36.4,73.2,89.7,101.8,109.2
Fichte,30,292,10-19,3.1,8.6,37.5,72.4,89.5,102.3,108.9
Fichte,30,293,10-20,3.2,9.2,38.8,71.6,88.8,101.9,108.6
Fichte,30,294,10-21,3.4,9.9,38.7,70.8,88.9,101.7,108.4
Fichte,30,295,10-22,3.6,10.6,38.7,70.1,89.0,101.5,108.9
Fichte,30,296,10-23,3.7,11.2,38.3,69.4,89.2,102.2,109.4
Fichte,30,297,10-24,3.9,11.9,37.8,68.7,89.9,102.8,109.9
Fichte,30,298,10-25,4.0,12.5,37.4,68.2,90.5,103.2,109.3
Fichte,30,299,10-26,4.1,13.1,36.9,68,90.9,103.4,109.5
Fichte,30,300,10-27,4.2,14.0,36.4,68.1,91.4,103.9,109.9
Fichte,30,301,10-28,4.2,14.9,36.1,68.1,91.9,104.7,110.2
Fichte,30,302,10-29,4.1,15.8,35.9,67.9,92.5,105.3,111.0
Fichte,30,303,10-30,4.0,16.6,35.9,67.6,93.0,105.8,111.4
Fichte,30,304,10-31,3.9,17.2,35.1,67.3,93.4,106.0,111.3
Fichte,30,305,11-01,3.8,17.9,35.2,67.4,93.4,105.8,111.1
Fichte,30,306,11-02,3.7,18.6,35.1,67.5,93.4,106.1,111.5
Fichte,30,307,11-03,3.6,19.2,35.4,67.5,93.8,106.2,111.9
Fichte,30,308,11-04,3.6,19.9,35.8,67.6,94.3,106.1,111.7
Fichte,30,309,11-05,3.5,20.6,36.2,67.8,94.6,106.1,111.6
Fichte,30,310,11-06,3.4,20.9,36.5,67.9,94.7,106.9,112.5
Fichte,30,311,11-07,3.2,20.8,37.0,68.7,94.9,107.7,112.7
Fichte,30,312,11-08,3.0,20.6,37.5,69.6,95.4,108.0,112.9
Fichte,30,313,11-09,2.7,20.5,37.7,70.7,95.8,108.4,113.0
Fichte,30,314,11-10,2.6,20.2,39.1,72.1,95.8,108.7,113.2
Fichte,30,315,11-11,3.1,20.0,40.2,73.6,96.1,109.2,113.0
Fichte,30,316,11-12,3.5,19.8,41.3,75.1,96.3,108.6,112.5
Fichte,30,317,11-13,4.0,19.4,42.5,76.6,96.3,108.3,112.2
Fichte,30,318,11-14,4.5,19.1,43.9,78,96.2,108.2,113.1
Fichte,30,319,11-15,4.9,18.8,45.3,79,96.4,108.5,113.4
Fichte,30,320,11-16,5.4,18.3,46.9,79.7,96.4,108.6,113.6
Fichte,30,321,11-17,5.8,17.8,48.6,80.5,96.5,108.6,114.0
Fichte,30,322,11-18,6.2,17.2,50.3,81.5,96.9,108.9,114.0
Fichte,30,323,11-19,6.6,16.8,52.1,82.6,97.3,109.2,114.5
Fichte,30,324,11-20,7.0,16.4,54.0,83.7,97.7,109.3,114.5
Fichte,30,325,11-21,7.5,16.0,55.5,84.5,98.1,109.3,114.5
Fichte,30,326,11-22,8.1,15.6,57.1,85.5,98.6,109.2,114.2
Fichte,30,327,11-23,8.8,16.2,58.3,86.5,98.5,109.0,113.6
Fichte,30,328,11-24,9.6,17.8,59.3,87.6,98.7,109.4,115.4
Fichte,30,329,11-25,11.2,19.7,60.3,88.7,98.9,109.6,117.1
Fichte,30,330,11-26,13.7,21.5,61.2,89.9,99.5,108.8,116.3
Fichte,30,331,11-27,16.3,23.3,62.1,90.5,99.9,108.2,115.9
Fichte,30,332,11-28,19.0,25.1,63.2,90.9,100.0,108.2,116.0
Fichte,30,333,11-29,21.5,27.3,64.5,91.4,100.4,108.2,116.3
Fichte,30,334,11-30,23.8,29.8,65.5,91.9,100.8,108.1,116.5
Fichte,30,335,12-01,25.6,32.3,66.7,92.3,101.1,108.6,117.0
Fichte,30,336,12-02,27.3,34.8,68.0,93,101.6,109.0,117.3
Fichte,30,337,12-03,29.1,37.3,69.2,93.7,102.3,109.8,118.3
Fichte,30,338,12-04,30.8,39.8,70.8,94.3,102.9,110.3,117.9
Fichte,30,339,12-05,32.6,42.3,72.4,95.1,103.5,110.4,118.2
Fichte,30,340,12-06,34.3,45.0,74.0,95.6,104.1,110.6,118.3
Fichte,30,341,12-07,36.0,47.7,75.5,96.1,104.6,111.1,118.6
Fichte,30,342,12-08,37.7,50.3,76.7,96.3,104.7,111.4,119.9
Fichte,30,343,12-09,39.4,53.0,77.6,96.5,104.7,111.4,120.1
Fichte,30,344,12-10,41.1,55.5,78.8,96.6,104.7,111.5,120.4
Fichte,30,345,12-11,42.8,58.4,79.4,96.8,104.8,111.8,120.6
Fichte,30,346,12-12,44.4,61.1,80.5,97.2,105.2,112.0,121.4
Fichte,30,347,12-13,45.7,63.0,81.8,97.8,105.8,112.7,122.3
Fichte,30,348,12-14,47.0,63.7,83.2,98.3,106.1,112.8,120.9
Fichte,30,349,12-15,47.5,64.2,84.7,98.8,106.6,113.1,119.8
Fichte,30,350,12-16,47.1,64.7,86.1,99.2,107.0,113.5,119.9
Fichte,30,351,12-17,46.5,65.1,87.5,99.6,107.7,114.2,120.5
Fichte,30,352,12-18,46.0,65.5,88.6,100,108.1,114.5,120.8
Fichte,30,353,12-19,45.5,65.6,89.7,100.5,108.6,114.9,120.8
Fichte,30,354,12-20,45.0,65.4,89.8,100.8,109.1,115.4,121.6
Fichte,30,355,12-21,44.6,65.3,89.9,101.2,109.4,115.5,121.6
Fichte,30,356,12-22,44.4,65.3,90.1,101.2,109.5,115.9,122.2
Fichte,30,357,12-23,44.1,65.3,90.4,101.3,109.6,115.8,122.0
Fichte,30,358,12-24,43.9,65.5,90.4,101.4,109.6,115.7,122.1
Fichte,30,359,12-25,43.7,65.7,90.3,101.4,109.6,115.8,122.1
Fichte,30,360,12-26,43.5,65.6,90.3,101.6,109.6,116.1,122.3
Fichte,30,361,12-27,43.4,65.5,90.2,101.9,109.7,116.2,122.7
Fichte,30,362,12-28,43.3,65.5,90.4,102.3,110.0,116.3,121.6
Fichte,30,363,12-29,43.1,65.6,90.8,102.9,110.5,116.6,121.4
Fichte,30,364,12-30,43.0,65.8,91.3,103.6,111.3,117.2,121.7
Fichte,30,365,12-31,42.9,65.5,92.1,104.4,112.3,117.4,
Fichte,60,1,01-01,50.9,76.8,91.7,101.9,107.0,114.4,121.9
Fichte,60,2,01-02,52.9,77.4,91.8,102,106.9,113.9,121.7
Fichte,60,3,01-03,55.6,78.5,91.9,102,106.8,114.2,122.7
Fichte,60,4,01-04,57.9,79.2,91.9,101.8,107.5,114.4,123.9
Fichte,60,5,01-05,59.7,79.8,91.9,101.6,107.6,114.4,123.4
Fichte,60,6,01-06,61.2,80.3,91.8,101.4,107.4,114.3,123.0
Fichte,60,7,01-07,62.4,80.6,91.8,101.4,107.5,114.3,122.6
Fichte,60,8,01-08,63.4,80.9,91.7,101.2,107.6,114.3,122.1
Fichte,60,9,01-09,64.2,81.1,91.7,101.1,107.5,114.3,121.9
Fichte,60,10,01-10,65.0,81.6,91.9,101,107.3,114.2,121.5
Fichte,60,11,01-11,66.3,82.3,92.1,100.8,107.4,114.4,121.6
Fichte,60,12,01-12,67.6,83.0,92.3,100.8,107.8,115.3,122.1
Fichte,60,13,01-13,68.9,83.6,92.5,100.7,107.8,115.6,122.4
Fichte,60,14,01-14,70.1,84.3,92.8,100.5,107.7,115.3,122.3
Fichte,60,15,01-15,71.3,85.0,93.0,100.5,107.5,114.8,121.5
Fichte,60,16,01-16,72.5,85.6,93.3,100.2,107.5,114.4,120.9
Fichte,60,17,01-17,73.7,86.3,93.3,100,107.3,114.3,120.5
Fichte,60,18,01-18,74.9,87.1,93.3,99.8,107.1,114.2,120.7
Fichte,60,19,01-19,76.8,88.0,93.5,99.8,107.2,114.0,121.6
Fichte,60,20,01-20,78.9,89.0,93.6,99.6,107.0,113.8,122.2
Fichte,60,21,01-21,80.8,90.0,93.9,99.4,107.1,114.0,122.6
Fichte,60,22,01-22,81.5,90.6,94.1,99.3,107.2,114.1,123.2
Fichte,60,23,01-23,81.5,90.8,94.3,99.2,107.2,114.7,123.3
Fichte,60,24,01-24,81.5,91.1,94.5,99.3,106.9,115.3,123.7
Fichte,60,25,01-25,81.6,91.3,94.9,99.5,107.0,115.8,124.4
Fichte,60,26,01-26,81.7,91.5,95.2,99.7,107.7,116.2,124.7
Fichte,60,27,01-27,81.9,92.0,95.5,99.6,107.7,116.3,124.8
Fichte,60,28,01-28,82.1,92.5,95.7,99.7,107.7,116.4,125.5
Fichte,60,29,01-29,82.3,92.9,95.9,99.7,108.1,116.5,125.9
Fichte,60,30,01-30,82.6,93.0,95.9,99.7,108.5,116.6,126.2
Fichte,60,31,01-31,82.9,93.0,95.8,99.7,108.6,116.5,126.0
Fichte,60,32,02-01,83.2,92.9,95.8,99.6,108.4,115.7,125.4
Fichte,60,33,02-02,83.5,92.7,95.9,99.6,108.2,115.2,125.2
Fichte,60,34,02-03,83.8,92.5,95.9,99.6,108.4,115.4,125.1
Fichte,60,35,02-04,84.1,92.3,95.9,99.6,108.5,115.7,125.3
Fichte,60,36,02-05,84.4,92.1,96.0,99.8,108.6,115.9,125.3
Fichte,60,37,02-06,84.8,91.7,96.2,100.1,109.0,116.1,125.9
Fichte,60,38,02-07,85.0,91.4,96.2,100.3,109.2,116.3,125.6
Fichte,60,39,02-08,84.6,91.3,96.1,100.3,109.5,116.5,124.6
Fichte,60,40,02-09,84.3,91.0,96.0,100.4,109.9,116.5,123.7
Fichte,60,41,02-10,84.3,90.9,95.9,100.5,109.8,116.4,122.9
Fichte,60,42,02-11,84.2,90.6,95.8,100.5,109.7,116.4,121.9
Fichte,60,43,02-12,84.2,90.2,95.6,100.4,109.5,115.4,120.7
Fichte,60,44,02-13,84.1,89.9,95.4,100.3,109.3,114.4,119.1
Fichte,60,45,02-14,84.1,89.6,95.3,100.2,109.2,113.8,118.2
Fichte,60,46,02-15,84.0,89.3,95.3,100.1,108.5,113.4,117.8
Fichte,60,47,02-16,83.8,88.7,95.2,100,108.3,113.0,117.5
Fichte,60,48,02-17,83.5,88.2,95.1,100.1,108.2,112.7,116.7
Fichte,60,49,02-18,83.2,88.2,95.3,100.2,108.0,112.6,116.2
Fichte,60,50,02-19,83.2,88.3,95.3,100.3,107.7,112.5,115.9
Fichte,60,51,02-20,83.5,88.3,95.3,100.4,107.6,112.6,115.7
Fichte,60,52,02-21,83.8,88.4,95.3,100.6,107.3,112.6,115.6
Fichte,60,53,02-22,83.9,88.5,95.2,100.5,107.2,112.7,115.4
Fichte,60,54,02-23,84.1,88.5,95.1,100.5,106.9,112.4,115.3
Fichte,60,55,02-24,84.2,88.6,95.0,100.5,106.7,112.2,115.2
Fichte,60,56,02-25,84.2,88.7,94.9,100.3,106.4,112.1,115.4
Fichte,60,57,02-26,84.2,88.9,94.9,99.9,105.8,111.9,115.0
Fichte,60,58,02-27,84.2,89.1,94.8,99.7,105.4,111.9,114.8
Fichte,60,59,02-28,84.1,89.1,94.8,99.5,105.0,111.6,115.2
Fichte,60,60,03-01,83.7,89.0,94.7,99.3,104.6,111.4,115.7
Fichte,60,61,03-02,83.2,88.9,94.6,99,104.3,111.1,116.0
Fichte,60,62,03-03,82.8,88.8,94.6,98.7,104.3,111.3,116.3
Fichte,60,63,03-04,82.7,88.8,94.6,98.6,104.5,111.7,116.9
Fichte,60,64,03-05,82.7,88.9,94.6,98.7,104.5,111.9,117.5
Fichte,60,65,03-06,82.7,88.9,94.4,98.6,104.6,111.9,117.5
Fichte,60,66,03-07,82.7,88.9,94.2,98.6,104.7,112.0,117.5
Fichte,60,67,03-08,82.7,88.8,94.1,98.5,104.7,112.2,117.5
Fichte,60,68,03-09,82.9,88.7,93.9,98.5,104.6,111.9,117.5
Fichte,60,69,03-10,83.1,88.2,93.7,98.5,104.3,111.4,117.3
Fichte,60,70,03-11,82.9,87.6,93.4,98.4,103.9,110.9,117.0
Fichte,60,71,03-12,82.4,87.2,93.2,98.2,103.6,110.3,116.8
Fichte,60,72,03-13,82.0,86.7,92.9,97.9,103.4,109.7,116.5
Fichte,60,73,03-14,81.7,86.2,92.7,97.6,103.1,109.1,116.3
Fichte,60,74,03-15,81.3,85.8,92.3,97.3,102.8,108.4,116.2
Fichte,60,75,03-16,81.0,85.3,92.0,97,102.3,107.7,116.0
Fichte,60,76,03-17,80.7,84.9,91.4,96.6,101.9,107.0,115.6
Fichte,60,77,03-18,80.3,84.3,90.8,96.3,101.6,106.3,115.2
Fichte,60,78,03-19,80.0,83.6,90.2,95.9,101.3,105.7,114.9
Fichte,60,79,03-20,79.5,82.7,89.5,95.5,101.0,105.6,114.3
Fichte,60,80,03-21,79.1,81.7,88.7,95.1,100.7,105.4,113.5
Fichte,60,81,03-22,78.5,80.7,87.9,94.9,100.5,105.1,112.7
Fichte,60,82,03-23,77.7,79.6,86.9,94.7,100.2,104.5,112.3
Fichte,60,83,03-24,76.5,78.3,85.9,94.4,99.8,103.9,111.7
Fichte,60,84,03-25,75.2,77.1,84.6,94,99.4,103.8,111.2
Fichte,60,85,03-26,73.9,76.0,83.4,93.6,99.1,103.5,111.1
Fichte,60,86,03-27,72.5,75.0,82.7,93.3,98.7,103.3,111.6
Fichte,60,87,03-28,71.1,73.9,81.8,93,98.4,102.9,111.8
Fichte,60,88,03-29,69.5,72.6,80.8,92.5,98.0,102.7,112.3
Fichte,60,89,03-30,67.9,71.3,79.8,91.9,97.7,102.6,113.3
Fichte,60,90,03-31,66.2,69.8,78.8,91.5,97.5,102.6,114.1
Fichte,60,91,04-01,64.5,68.2,77.8,91.1,97.2,102.7,114.6
Fichte,60,92,04-02,62.7,66.6,76.7,90.7,97.0,103.3,114.9
Fichte,60,93,04-03,60.8,64.9,75.6,90.4,96.9,103.6,115.0
Fichte,60,94,04-04,58.9,63.3,74.5,89.9,96.9,103.8,114.8
Fichte,60,95,04-05,57.0,61.8,73.3,89.6,96.9,103.9,114.6
Fichte,60,96,04-06,55.5,60.2,72.1,89.5,97.0,104.2,114.4
Fichte,60,97,04-07,54.3,58.9,70.9,89.3,97.4,104.6,114.8
Fichte,60,98,04-08,53.1,58.0,70.1,89.2,97.7,104.7,114.9
Fichte,60,99,04-09,52.0,57.1,69.4,89,97.9,104.7,114.7
Fichte,60,100,04-10,51.0,56.3,69.0,88.8,98.1,104.6,114.9
Fichte,60,101,04-11,50.0,55.5,68.5,88.4,98.1,104.5,115.2
Fichte,60,102,04-12,49.1,54.7,68.0,88,98.0,104.4,115.0
Fichte,60,103,04-13,48.3,53.9,67.7,87.5,97.8,104.0,114.5
Fichte,60,104,04-14,47.5,53.0,67.3,86.7,97.6,103.2,114.0
Fichte,60,105,04-15,46.8,52.0,66.7,86.2,97.1,102.8,113.5
Fichte,60,106,04-16,46.1,51.7,65.9,85.5,96.8,102.8,113.3
Fichte,60,107,04-17,45.5,51.4,65.5,85,96.8,103.2,113.2
Fichte,60,108,04-18,44.9,51.1,65.2,85,97.0,103.7,112.9
Fichte,60,109,04-19,44.4,50.9,64.9,84.9,97.4,104.3,112.1
Fichte,60,110,04-20,44.1,50.7,64.7,84.9,97.8,104.5,111.3
Fichte,60,111,04-21,43.9,50.5,64.5,85,98.4,104.9,111.1
Fichte,60,112,04-22,44.1,51.2,64.5,85.2,99.0,104.8,111.1
Fichte,60,113,04-23,44.3,51.9,64.7,85.6,99.4,105.1,111.5
Fichte,60,114,04-24,44.5,52.2,65.1,86.1,99.6,105.3,111.7
Fichte,60,115,04-25,44.7,52.2,65.6,86.3,99.8,105.7,112.0
Fichte,60,116,04-26,44.5,52.2,66.2,86.4,99.8,105.8,112.5
Fichte,60,117,04-27,44.0,51.9,66.8,86.8,99.8,105.7,112.8
Fichte,60,118,04-28,43.4,51.1,67.1,87.2,99.7,105.8,113.3
Fichte,60,119,04-29,42.9,50.3,67.3,87.7,99.6,105.7,113.7
Fichte,60,120,04-30,42.4,50.2,67.2,88.2,99.6,106.2,114.1
Fichte,60,121,05-01,42.7,50.4,67.1,88.6,99.7,106.8,114.3
Fichte,60,122,05-02,43.1,50.7,67.1,89,99.8,107.4,114.9
Fichte,60,123,05-03,43.6,51.1,67.0,89.5,100.2,108.3,115.6
Fichte,60,124,05-04,44.4,51.8,68.1,90.3,100.7,108.9,116.1
Fichte,60,125,05-05,45.1,52.6,69.2,91,101.3,109.5,116.9
Fichte,60,126,05-06,45.8,52.7,70.2,91.9,101.8,109.7,116.6
Fichte,60,127,05-07,46.4,53.0,71.2,92.7,102.1,109.6,116.6
Fichte,60,128,05-08,47.0,53.2,72.1,93,102.1,109.4,116.8
Fichte,60,129,05-09,47.4,53.3,73.2,93.3,101.9,109.1,117.0
Fichte,60,130,05-10,47.8,53.5,74.1,93.6,101.7,109.5,117.8
Fichte,60,131,05-11,48.1,53.6,75.2,93.7,101.4,109.8,118.2
Fichte,60,132,05-12,48.0,53.0,76.2,93.8,101.4,110.1,118.3
Fichte,60,133,05-13,48.0,52.5,76.9,93.8,101.2,109.8,118.1
Fichte,60,134,05-14,47.9,52.4,77.5,93.8,101.2,110.0,118.0
Fichte,60,135,05-15,47.9,52.4,77.9,94,101.2,109.9,117.9
Fichte,60,136,05-16,48.1,52.4,78.2,94,101.2,109.8,117.6
Fichte,60,137,05-17,48.4,52.5,78.5,93.8,100.9,109.8,116.9
Fichte,60,138,05-18,48.8,52.8,78.7,93.5,100.6,109.5,116.6
Fichte,60,139,05-19,49.1,53.1,78.8,93.1,100.2,109.7,116.4
Fichte,60,140,05-20,49.2,52.8,78.9,92.8,100.1,109.6,115.9
Fichte,60,141,05-21,48.8,52.4,79.0,92.4,100.1,109.4,116.2
Fichte,60,142,05-22,48.3,51.9,79.4,92.3,100.2,109.7,117.1
Fichte,60,143,05-23,47.6,52.3,80.0,92.2,100.1,109.7,117.2
Fichte,60,144,05-24,46.6,52.4,79.6,91.9,99.7,109.8,117.3
Fichte,60,145,05-25,45.7,52.5,79.7,91.7,99.7,109.6,117.1
Fichte,60,146,05-26,45.9,52.6,79.5,91.1,99.6,109.3,116.7
Fichte,60,147,05-27,46.2,52.7,79.2,90.6,99.2,108.8,115.9
Fichte,60,148,05-28,46.5,52.9,78.9,90.3,99.0,108.6,115.3
Fichte,60,149,05-29,46.9,53.2,78.3,90,99.0,108.6,114.8
Fichte,60,150,05-30,47.3,53.6,77.8,89.6,98.9,108.3,114.0
Fichte,60,151,05-31,47.9,53.8,77.3,89.3,98.6,107.7,113.5
Fichte,60,152,06-01,48.3,54.2,76.8,88.9,98.3,107.3,113.3
Fichte,60,153,06-02,48.5,54.2,76.3,88.5,98.1,107.1,113.1
Fichte,60,154,06-03,48.7,54.4,75.9,88.1,97.7,107.0,112.8
Fichte,60,155,06-04,48.9,54.5,75.6,87.6,97.3,107.0,112.5
Fichte,60,156,06-05,48.8,54.7,75.2,87.3,97.2,107.1,112.7
Fichte,60,157,06-06,48.6,54.9,74.8,87.2,97.6,107.4,113.0
Fichte,60,158,06-07,48.2,55.0,74.4,87.1,97.8,107.4,112.6
Fichte,60,159,06-08,47.9,55.0,73.8,87.3,98.2,107.1,112.7
Fichte,60,160,06-09,47.5,55.0,73.0,87.5,98.1,106.8,112.8
Fichte,60,161,06-10,46.9,54.8,72.2,87.5,97.8,106.6,112.0
Fichte,60,162,06-11,46.8,54.9,71.5,87.4,97.6,105.8,110.3
Fichte,60,163,06-12,46.7,53.9,70.5,87.1,97.4,105.0,109.5
Fichte,60,164,06-13,46.6,52.8,69.4,86.9,97.2,104.4,108.6
Fichte,60,165,06-14,46.5,51.7,67.9,86.5,96.6,103.6,107.8
Fichte,60,166,06-15,45.4,50.5,66.3,86.3,96.0,103.3,107.5
Fichte,60,167,06-16,44.2,49.3,64.6,85.9,95.4,103.0,107.5
Fichte,60,168,06-17,43.0,48.1,62.9,85.2,94.6,102.2,107.0
Fichte,60,169,06-18,41.8,46.7,61.1,84.7,93.9,101.5,106.3
Fichte,60,170,06-19,40.6,45.4,59.4,84.1,93.2,100.5,105.4
Fichte,60,171,06-20,39.5,44.4,57.6,83.6,92.6,100.5,104.9
Fichte,60,172,06-21,38.4,43.4,55.7,82.9,92.1,100.1,105.2
Fichte,60,173,06-22,37.5,42.6,54.0,82.3,91.7,99.7,105.4
Fichte,60,174,06-23,36.8,41.7,52.3,81.6,91.4,99.3,105.6
Fichte,60,175,06-24,36.1,40.7,50.7,80.8,91.1,99.3,105.7
Fichte,60,176,06-25,35.5,40.0,49.6,79.8,90.7,99.1,105.4
Fichte,60,177,06-26,34.9,39.1,48.5,78.6,89.9,98.7,104.8
Fichte,60,178,06-27,34.5,38.3,47.4,77.2,89.2,98.4,104.9
Fichte,60,179,06-28,34.1,37.6,46.7,76,88.3,98.1,104.4
Fichte,60,180,06-29,33.7,36.8,46.1,75,87.9,98.1,104.1
Fichte,60,181,06-30,33.5,36.1,45.5,74,87.5,98.1,104.6
Fichte,60,182,07-01,33.0,35.4,45.0,72.8,86.9,98.1,105.0
Fichte,60,183,07-02,32.6,34.8,44.3,71.5,86.4,98.0,105.2
Fichte,60,184,07-03,32.1,34.4,43.6,70.1,85.8,98.4,106.2
Fichte,60,185,07-04,31.5,33.9,43.0,68.9,85.5,99.0,107.4
Fichte,60,186,07-05,31.0,33.4,42.7,68.1,85.2,99.4,109.0
Fichte,60,187,07-06,30.5,32.9,42.4,67.4,85.1,99.6,110.3
Fichte,60,188,07-07,29.9,32.4,42.0,67,85.1,99.9,111.7
Fichte,60,189,07-08,29.3,31.8,41.6,66.5,84.9,100.0,113.0
Fichte,60,190,07-09,28.6,31.3,41.2,65.8,84.7,99.8,114.2
Fichte,60,191,07-10,27.8,30.6,40.7,65.4,84.4,99.0,114.6
Fichte,60,192,07-11,27.0,30.0,40.1,64.8,84.0,99.5,114.4
Fichte,60,193,07-12,26.0,29.2,39.4,64.1,83.6,99.9,115.3
Fichte,60,194,07-13,25.1,28.5,38.6,63.5,83.4,100.2,115.4
Fichte,60,195,07-14,24.5,27.8,38.2,63,83.7,99.9,115.2
Fichte,60,196,07-15,23.7,26.9,37.5,62.6,83.9,99.8,114.8
Fichte,60,197,07-16,23.1,26.2,36.9,62,84.1,99.8,114.8
Fichte,60,198,07-17,22.3,25.4,36.4,61.8,84.3,99.8,114.7
Fichte,60,199,07-18,21.6,24.7,36.2,61.6,85.0,100.7,115.2
Fichte,60,200,07-19,20.9,24.0,36.0,61.7,85.3,100.7,115.5
Fichte,60,201,07-20,20.0,23.3,35.9,62.1,85.5,100.8,115.7
Fichte,60,202,07-21,18.9,22.3,35.3,62.6,85.5,100.6,115.8
Fichte,60,203,07-22,18.1,21.4,35.1,63,85.6,100.3,115.8
Fichte,60,204,07-23,17.6,20.8,35.8,63.7,85.7,100.0,115.4
Fichte,60,205,07-24,16.8,20.2,36.6,64.3,85.6,99.7,114.6
Fichte,60,206,07-25,15.8,19.6,37.2,64.4,85.5,99.1,112.9
Fichte,60,207,07-26,15.0,19.0,38.0,64.4,85.4,98.8,111.9
Fichte,60,208,07-27,14.2,18.4,38.8,63.8,85.6,99.0,110.8
Fichte,60,209,07-28,13.5,17.9,39.7,63.6,85.8,99.3,109.6
Fichte,60,210,07-29,12.8,17.3,40.4,63.6,86.1,99.6,108.6
Fichte,60,211,07-30,12.2,16.8,41.2,63.4,86.3,99.8,107.5
Fichte,60,212,07-31,11.6,16.3,42.0,63.7,86.4,98.8,106.7
Fichte,60,213,08-01,11.1,15.7,42.7,63.9,86.4,97.8,104.8
Fichte,60,214,08-02,10.6,15.2,43.5,64,86.2,97.1,103.8
Fichte,60,215,08-03,9.8,14.6,43.7,64,85.5,96.3,103.5
Fichte,60,216,08-04,9.1,14.2,43.9,63.7,84.7,95.4,103.2
Fichte,60,217,08-05,8.4,13.7,43.9,63.9,83.9,94.6,103.3
Fichte,60,218,08-06,7.8,13.3,44.0,64.1,83.1,94.6,103.0
Fichte,60,219,08-07,7.5,13.0,43.8,63.7,81.9,93.3,102.8
Fichte,60,220,08-08,8.0,13.9,43.7,62.7,81.1,92.4,102.2
Fichte,60,221,08-09,8.4,14.6,43.5,62.2,80.4,92.0,101.4
Fichte,60,222,08-10,8.4,15.4,43.5,61.9,79.6,91.8,100.4
Fichte,60,223,08-11,8.1,16.0,43.4,61.7,78.9,91.8,101.0
Fichte,60,224,08-12,7.4,16.2,42.3,61.1,78.2,91.2,100.5
Fichte,60,225,08-13,7.3,16.5,41.2,60.7,77.4,90.7,99.9
Fichte,60,226,08-14,7.5,16.7,39.9,60.2,76.8,90.3,99.7
Fichte,60,227,08-15,8.0,16.9,39.3,59.9,76.8,90.4,99.2
Fichte,60,228,08-16,8.5,17.0,38.3,59.8,76.2,89.8,98.9
Fichte,60,229,08-17,8.6,17.2,37.4,59.3,76.0,89.5,98.5
Fichte,60,230,08-18,8.6,17.6,37.1,58.9,75.6,90.2,99.6
Fichte,60,231,08-19,8.6,17.9,36.8,58.8,75.2,90.9,100.5
Fichte,60,232,08-20,8.7,18.2,36.3,58.4,76.1,91.8,101.2
Fichte,60,233,08-21,9.3,18.7,35.9,58.3,77.1,93.0,102.6
Fichte,60,234,08-22,9.9,19.9,36.2,59.4,78.3,93.9,103.6
Fichte,60,235,08-23,10.4,20.8,36.8,60.6,78.9,94.7,103.8
Fichte,60,236,08-24,10.9,21.7,37.3,61.7,79.6,95.4,104.0
Fichte,60,237,08-25,11.7,22.4,37.7,62.4,80.3,95.9,103.3
Fichte,60,238,08-26,12.7,23.2,38.1,62.7,80.9,95.6,102.9
Fichte,60,239,08-27,13.4,23.7,38.3,63.2,81.3,95.6,102.0
Fichte,60,240,08-28,13.2,23.1,38.6,63.8,81.5,95.7,101.4
Fichte,60,241,08-29,13.1,22.4,39.4,64,81.5,95.1,100.7
Fichte,60,242,08-30,13.3,21.7,40.0,64.2,81.6,94.9,101.5
Fichte,60,243,08-31,13.6,21.0,40.4,64.3,81.7,95.5,101.0
Fichte,60,244,09-01,14.0,20.4,40.8,64.3,82.0,96.0,101.0
Fichte,60,245,09-02,14.0,20.0,41.2,64.5,82.9,96.6,102.2
Fichte,60,246,09-03,13.9,19.8,41.4,64.6,84.1,97.2,102.7
Fichte,60,247,09-04,13.4,19.3,41.2,64.4,84.3,97.3,103.1
Fichte,60,248,09-05,12.9,19.0,41.1,64.5,84.7,98.2,103.8
Fichte,60,249,09-06,12.9,18.6,41.1,65,85.0,99.2,104.8
Fichte,60,250,09-07,13.0,17.9,40.5,65.4,85.5,98.9,104.4
Fichte,60,251,09-08,13.2,18.0,40.5,65.8,86.1,98.5,105.0
Fichte,60,252,09-09,13.3,18.0,40.5,66,85.5,98.4,105.0
Fichte,60,253,09-10,12.7,17.7,40.4,66.2,84.8,97.5,104.1
Fichte,60,254,09-11,12.6,17.2,39.4,65.3,83.8,97.1,103.5
Fichte,60,255,09-12,13.0,16.9,38.6,64.5,83.5,97.6,103.9
Fichte,60,256,09-13,13.2,16.6,38.6,64.3,83.7,98.0,104.4
Fichte,60,257,09-14,13.2,16.9,39.1,64.7,83.5,98.3,104.9
Fichte,60,258,09-15,12.7,17.0,39.8,65.1,83.8,98.6,105.8
Fichte,60,259,09-16,12.3,17.2,40.4,65.4,84.3,98.9,106.7
Fichte,60,260,09-17,11.9,17.4,40.8,66.5,84.9,100.0,108.1
Fichte,60,261,09-18,11.6,17.6,40.5,67.4,86.0,100.9,109.0
Fichte,60,262,09-19,11.4,18.0,40.2,68.3,86.9,101.6,108.7
Fichte,60,263,09-20,11.2,18.3,39.9,69.2,87.6,101.4,108.6
Fichte,60,264,09-21,11.1,18.7,39.8,70.1,88.2,101.2,108.5
Fichte,60,265,09-22,11.0,18.9,39.7,71,88.3,101.2,108.2
Fichte,60,266,09-23,10.9,19.1,39.7,72.2,88.2,101.4,108.6
Fichte,60,267,09-24,10.8,19.6,39.6,73.5,88.5,101.6,108.4
Fichte,60,268,09-25,10.7,20.0,39.7,74.6,88.7,101.1,108.0
Fichte,60,269,09-26,10.6,20.4,39.8,75.3,89.1,100.7,108.2
Fichte,60,270,09-27,10.5,20.9,40.8,76.2,89.4,101.0,108.7
Fichte,60,271,09-28,10.3,20.6,41.4,77.2,89.9,101.2,108.0
Fichte,60,272,09-29,10.1,20.4,41.1,78.6,90.6,101.0,108.4
Fichte,60,273,09-30,10.0,20.2,40.9,79.8,92.0,101.9,109.1
Fichte,60,274,10-01,9.5,19.5,41.8,80.5,92.8,102.2,109.7
Fichte,60,275,10-02,8.7,18.8,42.3,81.2,93.4,101.8,109.7
Fichte,60,276,10-03,7.9,18.1,42.2,81.4,93.3,101.8,109.6
Fichte,60,277,10-04,7.3,17.0,41.9,81.2,93.6,101.8,109.4
Fichte,60,278,10-05,6.7,16.0,41.5,81.3,93.8,102.2,109.6
Fichte,60,279,10-06,6.2,14.9,41.1,81.2,93.8,102.6,109.9
Fichte,60,280,10-07,5.8,14.0,40.8,80.6,93.7,102.0,109.4
Fichte,60,281,10-08,5.3,14.0,41.1,80,93.2,101.6,109.1
Fichte,60,282,10-09,4.9,13.9,41.2,79.5,93.1,101.3,109.0
Fichte,60,283,10-10,4.6,13.9,41.3,79.6,93.0,101.2,108.9
Fichte,60,284,10-11,4.2,13.9,41.7,79.9,93.1,101.3,109.0
Fichte,60,285,10-12,3.9,13.9,42.1,79.8,93.2,101.7,109.1
Fichte,60,286,10-13,3.6,13.7,42.8,79.8,93.2,101.6,108.8
Fichte,60,287,10-14,3.3,13.5,43.0,79.8,93.3,101.7,109.2
Fichte,60,288,10-15,3.0,13.4,43.6,79.8,93.6,102.0,109.4
Fichte,60,289,10-16,2.7,13.2,44.2,79.7,93.5,102.1,108.8
Fichte,60,290,10-17,3.2,14.6,44.3,79.4,93.4,102.1,108.3
Fichte,60,291,10-18,3.5,15.9,44.4,78.9,93.1,102.4,108.6
Fichte,60,292,10-19,5.3,17.3,45.4,78.1,92.5,102.6,107.9
Fichte,60,293,10-20,6.6,18.7,46.7,77.4,91.4,102.1,107.3
Fichte,60,294,10-21,7.6,20.0,46.8,77.1,90.8,101.8,106.9
Fichte,60,295,10-22,8.4,21.7,47.0,76.8,90.3,101.7,106.9
Fichte,60,296,10-23,9.1,23.2,47.1,76.5,89.9,102.0,107.3
Fichte,60,297,10-24,9.7,24.5,46.9,76.4,89.8,102.5,107.7
Fichte,60,298,10-25,10.2,25.6,46.6,76,89.8,102.6,107.7
Fichte,60,299,10-26,10.7,26.6,46.8,75.8,89.8,102.9,107.6
Fichte,60,300,10-27,10.9,27.2,47.1,76.1,90.3,103.5,107.6
Fichte,60,301,10-28,11.2,27.0,47.0,76.5,90.7,103.8,107.7
Fichte,60,302,10-29,11.5,26.7,47.2,76.9,91.1,103.9,107.7
Fichte,60,303,10-30,11.7,26.4,47.6,76.9,91.5,104.1,108.1
Fichte,60,304,10-31,12.0,26.0,47.1,77.1,91.7,104.2,108.6
Fichte,60,305,11-01,12.2,25.9,47.3,77.6,92.0,104.6,108.7
Fichte,60,306,11-02,12.3,25.9,47.2,78,92.3,104.9,109.6
Fichte,60,307,11-03,12.6,26.2,47.9,78.5,92.4,105.2,109.7
Fichte,60,308,11-04,13.5,26.4,48.5,78.9,92.6,105.4,110.1
Fichte,60,309,11-05,13.8,26.4,49.0,79.3,92.8,105.4,110.1
Fichte,60,310,11-06,13.4,24.9,49.1,79.8,93.1,105.7,110.5
Fichte,60,311,11-07,13.0,23.3,49.3,80.5,93.5,105.8,110.8
Fichte,60,312,11-08,11.1,21.8,49.7,81.1,94.1,105.7,110.7
Fichte,60,313,11-09,9.7,20.4,49.8,81.7,94.7,105.8,110.9
Fichte,60,314,11-10,9.0,20.0,51.6,82.6,95.3,105.8,110.7
Fichte,60,315,11-11,8.4,19.3,53.4,83.6,95.9,106.0,110.4
Fichte,60,316,11-12,8.0,18.7,55.2,84.6,96.4,105.6,109.8
Fichte,60,317,11-13,7.6,18.3,57.1,85.5,96.9,105.1,109.2
Fichte,60,318,11-14,7.3,18.2,59.0,86.6,97.0,105.1,109.6
Fichte,60,319,11-15,7.1,18.2,60.5,87.7,97.1,105.4,109.9
Fichte,60,320,11-16,6.9,18.3,62.0,88.1,96.9,105.5,110.2
Fichte,60,321,11-17,6.8,18.6,63.5,88.5,96.8,105.7,110.5
Fichte,60,322,11-18,6.7,18.9,65.0,89,97.1,106.0,110.7
Fichte,60,323,11-19,6.6,19.3,66.4,89.5,97.6,106.4,111.1
Fichte,60,324,11-20,6.5,19.7,68.2,89.9,98.1,106.7,111.1
Fichte,60,325,11-21,6.6,19.8,69.6,90.1,98.3,106.2,110.7
Fichte,60,326,11-22,7.3,21.0,71.2,90.5,98.5,106.1,110.4
Fichte,60,327,11-23,7.9,23.4,72.8,90.8,98.6,106.1,110.3
Fichte,60,328,11-24,7.9,25.9,74.4,91.2,99.0,106.6,112.0
Fichte,60,329,11-25,8.6,28.7,75.9,91.6,99.2,106.8,114.1
Fichte,60,330,11-26,9.8,31.6,77.2,92,99.5,106.7,114.4
Fichte,60,331,11-27,11.4,34.4,78.2,92.2,99.6,106.6,114.4
Fichte,60,332,11-28,13.2,37.3,79.2,92.3,99.9,107.1,115.2
Fichte,60,333,11-29,15.7,40.0,80.7,92.8,100.2,107.7,115.8
Fichte,60,334,11-30,18.4,42.5,80.8,92.9,100.6,108.0,116.7
Fichte,60,335,12-01,21.0,45.1,81.0,93,100.8,108.8,117.4
Fichte,60,336,12-02,23.7,47.7,81.2,93.3,101.1,109.3,118.1
Fichte,60,337,12-03,26.4,50.5,81.3,93.8,101.7,110.2,119.3
Fichte,60,338,12-04,29.0,53.2,81.6,94.1,102.4,110.6,119.7
Fichte,60,339,12-05,31.6,55.8,82.1,94.5,103.1,111.0,120.0
Fichte,60,340,12-06,34.2,58.8,82.7,94.9,103.5,111.4,120.3
Fichte,60,341,12-07,36.8,61.9,83.4,95.2,103.9,111.8,120.7
Fichte,60,342,12-08,39.3,64.7,83.8,95.6,104.0,112.2,121.1
Fichte,60,343,12-09,41.8,67.5,84.2,95.7,104.0,112.3,121.2
Fichte,60,344,12-10,44.3,70.4,84.7,95.7,104.0,112.3,121.3
Fichte,60,345,12-11,46.8,73.1,85.3,95.8,104.1,112.8,121.4
Fichte,60,346,12-12,48.6,75.6,86.1,96.1,104.6,112.9,121.6
Fichte,60,347,12-13,50.4,76.4,86.4,96.5,105.1,113.3,122.3
Fichte,60,348,12-14,52.2,77.1,86.6,97,105.3,112.9,120.6
Fichte,60,349,12-15,53.8,77.8,87.2,97.4,105.6,113.0,119.1
Fichte,60,350,12-16,55.1,78.5,87.9,97.7,105.9,113.2,118.9
Fichte,60,351,12-17,56.0,79.1,88.8,98.2,106.3,113.6,119.0
Fichte,60,352,12-18,56.8,79.8,89.5,98.7,106.6,113.6,118.9
Fichte,60,353,12-19,56.8,80.5,89.7,98.9,106.8,113.6,118.7
Fichte,60,354,12-20,56.3,80.5,89.9,99.1,106.9,113.9,119.2
Fichte,60,355,12-21,55.7,80.4,90.0,99.5,107.1,113.5,119.6
Fichte,60,356,12-22,55.4,80.4,90.2,99.7,107.4,113.4,119.7
Fichte,60,357,12-23,55.1,80.4,90.5,99.9,107.3,113.3,119.6
Fichte,60,358,12-24,54.9,80.5,90.7,100.1,107.2,113.2,119.2
Fichte,60,359,12-25,54.6,80.8,90.7,100.3,107.1,112.6,118.9
Fichte,60,360,12-26,54.4,80.6,90.7,100.5,107.3,112.3,118.9
Fichte,60,361,12-27,54.2,80.4,90.7,100.7,107.6,112.2,118.9
Fichte,60,362,12-28,54.0,80.6,91.0,100.9,107.8,112.0,119.2
Fichte,60,363,12-29,53.8,80.9,91.6,101.3,108.1,112.1,119.5
Fichte,60,364,12-30,53.6,81.3,92.4,101.9,108.6,112.6,120.1
Fichte,60,365,12-31,53.4,82.0,93.0,102.4,109.2,112.7,
Fichte,120,1,01-01,90.2,90.2,91.8,97.4,105.6,115.1,115.1
Fichte,120,2,01-02,90.2,90.2,92.1,97.3,105.3,115.0,115.0
Fichte,120,3,01-03,90.3,90.3,92.0,97.3,105.9,115.0,115.0
Fichte,120,4,01-04,90.3,90.3,91.9,97.2,106.5,114.9,114.9
Fichte,120,5,01-05,90.3,90.3,91.8,97,106.9,114.8,114.8
Fichte,120,6,01-06,90.3,90.3,91.7,96.9,107.3,114.7,114.7
Fichte,120,7,01-07,90.3,90.3,91.6,96.7,107.6,114.5,114.5
Fichte,120,8,01-08,90.3,90.3,91.5,96.5,107.9,114.4,114.4
Fichte,120,9,01-09,90.4,90.4,91.5,96.3,108.1,114.3,114.3
Fichte,120,10,01-10,90.5,90.5,91.6,96.2,108.3,114.2,114.2
Fichte,120,11,01-11,90.5,90.5,91.5,96.2,109.0,114.1,114.1
Fichte,120,12,01-12,90.5,90.5,91.5,96.3,109.6,114.1,114.1
Fichte,120,13,01-13,90.5,90.5,91.4,96.6,110.3,114.1,114.1
Fichte,120,14,01-14,90.5,90.5,91.5,96.8,110.6,114.1,114.1
Fichte,120,15,01-15,90.5,90.5,91.5,96.5,109.8,113.6,113.6
Fichte,120,16,01-16,90.5,90.5,91.5,96.1,109.1,113.0,113.0
Fichte,120,17,01-17,90.6,90.6,91.6,96,108.8,112.6,112.6
Fichte,120,18,01-18,90.6,90.6,91.7,96,108.6,112.4,112.4
Fichte,120,19,01-19,90.7,90.7,91.7,95.9,108.4,112.1,112.1
Fichte,120,20,01-20,90.6,90.6,91.8,95.8,108.2,111.8,111.8
Fichte,120,21,01-21,90.5,90.5,91.6,95.7,108.0,111.5,111.5
Fichte,120,22,01-22,90.5,90.5,91.5,95.6,107.9,111.2,111.2
Fichte,120,23,01-23,90.5,90.5,91.5,95.4,107.3,111.3,111.3
Fichte,120,24,01-24,90.4,90.4,91.6,95.4,106.9,112.4,112.4
Fichte,120,25,01-25,90.4,90.4,91.6,95.4,106.5,113.2,113.2
Fichte,120,26,01-26,90.5,90.5,91.9,95.5,106.1,113.8,113.8
Fichte,120,27,01-27,90.5,90.5,92.1,95.7,105.7,114.2,114.2
Fichte,120,28,01-28,90.5,90.5,92.3,95.9,105.3,114.8,114.8
Fichte,120,29,01-29,90.4,90.4,92.4,96.1,104.9,115.5,115.5
Fichte,120,30,01-30,90.3,90.3,92.5,96.2,104.5,116.0,116.0
Fichte,120,31,01-31,90.2,90.2,92.6,96.2,104.0,116.5,116.5
Fichte,120,32,02-01,90.1,90.1,92.6,96.2,103.6,117.0,117.0
Fichte,120,33,02-02,90.1,90.1,92.8,96,103.1,117.4,117.4
Fichte,120,34,02-03,90.3,90.3,92.9,95.9,103.1,117.9,117.9
Fichte,120,35,02-04,90.5,90.5,93.0,96,103.2,118.3,118.3
Fichte,120,36,02-05,90.7,90.7,93.1,95.9,103.1,118.8,118.8
Fichte,120,37,02-06,91.0,91.0,93.2,95.8,103.8,119.2,119.2
Fichte,120,38,02-07,91.2,91.2,93.3,95.8,104.5,119.6,119.6
Fichte,120,39,02-08,91.4,91.4,93.3,95.8,105.2,119.9,119.9
Fichte,120,40,02-09,91.6,91.6,93.5,95.8,106.0,120.3,120.3
Fichte,120,41,02-10,91.8,91.8,93.6,96,106.8,120.6,120.6
Fichte,120,42,02-11,92.1,92.1,93.8,96.3,107.6,121.0,121.0
Fichte,120,43,02-12,92.4,92.4,94.0,96.6,108.3,120.9,120.9
Fichte,120,44,02-13,92.7,92.7,94.2,96.9,108.7,119.9,119.9
Fichte,120,45,02-14,92.9,92.9,94.4,97,109.3,119.3,119.3
Fichte,120,46,02-15,93.1,93.1,94.4,97.1,109.8,118.8,118.8
Fichte,120,47,02-16,93.3,93.3,94.3,97,110.4,118.5,118.5
Fichte,120,48,02-17,93.4,93.4,94.4,97,110.2,118.0,118.0
Fichte,120,49,02-18,93.5,93.5,94.4,97.1,110.2,117.5,117.5
Fichte,120,50,02-19,93.7,93.7,94.5,97.1,109.9,117.2,117.2
Fichte,120,51,02-20,93.8,93.8,94.6,97.1,109.8,116.9,116.9
Fichte,120,52,02-21,94.0,94.0,94.6,97.1,109.8,116.6,116.6
Fichte,120,53,02-22,94.1,94.1,94.6,97.1,109.7,116.4,116.4
Fichte,120,54,02-23,94.0,94.0,94.5,97,109.6,116.1,116.1
Fichte,120,55,02-24,93.9,93.9,94.4,96.8,109.3,115.9,115.9
Fichte,120,56,02-25,93.8,93.8,94.4,96.6,109.1,115.7,115.7
Fichte,120,57,02-26,93.7,93.7,94.3,96.4,108.2,115.5,115.5
Fichte,120,58,02-27,93.6,93.6,94.2,96.3,107.3,115.3,115.3
Fichte,120,59,02-28,93.5,93.5,94.1,96.2,106.5,115.1,115.1
Fichte,120,60,03-01,93.3,93.3,94.0,96.2,105.6,115.0,115.0
Fichte,120,61,03-02,93.1,93.1,94.0,96,104.8,114.8,114.8
Fichte,120,62,03-03,92.9,92.9,93.9,95.9,104.5,114.7,114.7
Fichte,120,63,03-04,92.8,92.8,94.3,96.4,104.2,114.5,114.5
Fichte,120,64,03-05,92.7,92.7,94.6,96.7,103.8,114.3,114.3
Fichte,120,65,03-06,92.6,92.6,94.9,97,103.3,114.1,114.1
Fichte,120,66,03-07,92.5,92.5,95.1,97.3,102.9,113.8,113.8
Fichte,120,67,03-08,92.5,92.5,95.3,97.6,102.4,113.5,113.5
Fichte,120,68,03-09,92.5,92.5,95.3,97.7,102.6,113.2,113.2
Fichte,120,69,03-10,92.4,92.4,95.4,97.8,102.6,112.8,112.8
Fichte,120,70,03-11,92.3,92.3,95.4,98,102.8,112.5,112.5
Fichte,120,71,03-12,92.1,92.1,95.3,98,102.7,112.1,112.1
Fichte,120,72,03-13,91.9,91.9,95.3,98.1,102.7,111.6,111.6
Fichte,120,73,03-14,91.8,91.8,95.3,98.1,102.7,111.1,111.1
Fichte,120,74,03-15,91.5,91.5,95.2,98.2,102.6,110.6,110.6
Fichte,120,75,03-16,91.3,91.3,95.2,98.2,102.5,110.1,110.1
Fichte,120,76,03-17,91.0,91.0,95.1,98.2,102.4,109.5,109.5
Fichte,120,77,03-18,90.7,90.7,95.0,98.2,102.3,108.8,108.8
Fichte,120,78,03-19,90.4,90.4,94.9,98.2,102.0,108.2,108.2
Fichte,120,79,03-20,90.1,90.1,94.7,98.1,101.8,107.4,107.4
Fichte,120,80,03-21,89.8,89.8,94.6,98,101.5,106.7,106.7
Fichte,120,81,03-22,89.4,89.4,94.4,97.8,101.2,106.0,106.0
Fichte,120,82,03-23,89.0,89.0,94.2,97.3,100.4,105.3,105.3
Fichte,120,83,03-24,88.4,88.4,93.4,96.5,99.6,104.7,104.7
Fichte,120,84,03-25,87.8,87.8,92.7,95.9,99.1,104.0,104.0
Fichte,120,85,03-26,87.1,87.1,92.0,95.3,98.6,103.4,103.4
Fichte,120,86,03-27,86.3,86.3,91.4,94.7,98.0,103.0,103.0
Fichte,120,87,03-28,85.5,85.5,90.8,94.2,97.6,102.8,102.8
Fichte,120,88,03-29,84.7,84.7,90.1,93.7,97.2,102.8,102.8
Fichte,120,89,03-30,83.8,83.8,89.5,93.2,97.0,103.2,103.2
Fichte,120,90,03-31,82.9,82.9,88.8,92.7,97.0,104.0,104.0
Fichte,120,91,04-01,82.0,82.0,88.2,92.3,96.9,104.7,104.7
Fichte,120,92,04-02,81.0,81.0,87.5,91.8,96.8,105.3,105.3
Fichte,120,93,04-03,80.0,80.0,86.8,91.4,96.8,105.8,105.8
Fichte,120,94,04-04,79.0,79.0,86.0,90.9,96.7,106.3,106.3
Fichte,120,95,04-05,78.0,78.0,85.3,90.5,96.7,106.8,106.8
Fichte,120,96,04-06,77.0,77.0,84.5,90,96.6,107.3,107.3
Fichte,120,97,04-07,76.0,76.0,83.7,89.6,96.6,107.7,107.7
Fichte,120,98,04-08,75.0,75.0,83.1,89.4,96.8,108.2,108.2
Fichte,120,99,04-09,74.1,74.1,82.8,89.4,97.0,108.7,108.7
Fichte,120,100,04-10,73.2,73.2,82.7,89.8,97.5,109.1,109.1
Fichte,120,101,04-11,72.3,72.3,82.6,90.2,98.1,109.6,109.6
Fichte,120,102,04-12,71.4,71.4,82.5,90.6,98.8,110.1,110.1
Fichte,120,103,04-13,70.7,70.7,82.4,91,99.3,110.4,110.4
Fichte,120,104,04-14,70.0,70.0,82.4,91.2,99.7,110.7,110.7
Fichte,120,105,04-15,70.6,70.6,82.6,91.7,100.0,110.9,110.9
Fichte,120,106,04-16,71.3,71.3,82.9,92.3,100.4,111.0,111.0
Fichte,120,107,04-17,72.1,72.1,83.3,93,100.9,111.1,111.1
Fichte,120,108,04-18,73.1,73.1,83.9,93.6,101.5,111.1,111.1
Fichte,120,109,04-19,74.4,74.4,84.8,94.2,101.9,110.6,110.6
Fichte,120,110,04-20,75.7,75.7,85.6,94.8,102.3,109.9,109.9
Fichte,120,111,04-21,77.0,77.0,86.4,95.3,102.7,109.3,109.3
Fichte,120,112,04-22,78.3,78.3,87.2,95.8,103.2,108.7,108.7
Fichte,120,113,04-23,79.6,79.6,88.1,96.3,103.6,108.2,108.2
Fichte,120,114,04-24,81.0,81.0,89.0,96.8,104.0,107.8,107.8
Fichte,120,115,04-25,81.1,81.1,89.6,97.3,104.0,107.4,107.4
Fichte,120,116,04-26,81.3,81.3,90.3,97.8,104.1,107.0,107.0
Fichte,120,117,04-27,81.4,81.4,90.9,98.3,104.2,106.6,106.6
Fichte,120,118,04-28,81.5,81.5,91.4,98.7,104.1,106.3,106.3
Fichte,120,119,04-29,81.6,81.6,91.6,98.8,104.1,106.0,106.0
Fichte,120,120,04-30,81.7,81.7,91.6,98.8,104.0,105.8,105.8
Fichte,120,121,05-01,81.7,81.7,91.6,98.7,103.8,105.7,105.7
Fichte,120,122,05-02,81.7,81.7,91.6,98.5,103.6,105.4,105.4
Fichte,120,123,05-03,81.7,81.7,91.5,98.4,103.4,105.1,105.1
Fichte,120,124,05-04,81.5,81.5,91.4,98.2,103.2,105.0,105.0
Fichte,120,125,05-05,80.1,80.1,90.9,97.8,103.0,104.8,104.8
Fichte,120,126,05-06,78.6,78.6,90.4,97.4,102.7,104.6,104.6
Fichte,120,127,05-07,77.0,77.0,90.3,97.1,102.4,104.6,104.6
Fichte,120,128,05-08,75.1,75.1,89.8,96.9,102.1,104.5,104.5
Fichte,120,129,05-09,73.0,73.0,89.1,96.6,101.7,104.4,104.4
Fichte,120,130,05-10,70.9,70.9,88.3,96.4,101.2,104.0,104.0
Fichte,120,131,05-11,68.8,68.8,87.6,96.2,100.7,103.7,103.7
Fichte,120,132,05-12,66.7,66.7,86.9,95.9,100.2,103.5,103.5
Fichte,120,133,05-13,64.6,64.6,86.2,95.7,99.7,103.2,103.2
Fichte,120,134,05-14,62.5,62.5,85.5,95.5,99.2,103.0,103.0
Fichte,120,135,05-15,61.6,61.6,85.0,95.3,99.1,102.7,102.7
Fichte,120,136,05-16,60.7,60.7,84.5,95.1,98.9,102.4,102.4
Fichte,120,137,05-17,59.7,59.7,83.9,94.8,98.7,102.0,102.0
Fichte,120,138,05-18,58.8,58.8,83.4,94.4,98.4,101.7,101.7
Fichte,120,139,05-19,57.9,57.9,82.7,94,98.0,101.3,101.3
Fichte,120,140,05-20,57.0,57.0,82.0,93.3,97.4,100.8,100.8
Fichte,120,141,05-21,56.1,56.1,81.3,92.6,96.7,100.3,100.3
Fichte,120,142,05-22,55.1,55.1,80.6,92,96.3,100.6,100.6
Fichte,120,143,05-23,55.6,55.6,80.2,91.3,95.9,101.4,101.4
Fichte,120,144,05-24,56.3,56.3,80.1,91,96.6,104.6,104.6
Fichte,120,145,05-25,56.9,56.9,80.0,90.8,97.3,107.7,107.7
Fichte,120,146,05-26,57.6,57.6,79.8,90.5,97.7,109.4,109.4
Fichte,120,147,05-27,58.2,58.2,79.3,89.9,97.5,109.5,109.5
Fichte,120,148,05-28,58.9,58.9,78.8,89.3,97.1,109.2,109.2
Fichte,120,149,05-29,59.6,59.6,78.3,88.6,96.8,108.9,108.9
Fichte,120,150,05-30,60.2,60.2,77.7,88,96.5,108.7,108.7
Fichte,120,151,05-31,61.0,61.0,77.2,87.4,96.2,108.6,108.6
Fichte,120,152,06-01,61.6,61.6,76.6,86.7,95.9,108.2,108.2
Fichte,120,153,06-02,62.3,62.3,75.9,86,95.6,107.8,107.8
Fichte,120,154,06-03,63.0,63.0,75.2,85.2,95.3,107.5,107.5
Fichte,120,155,06-04,63.6,63.6,74.5,84.4,94.9,107.1,107.1
Fichte,120,156,06-05,64.1,64.1,73.8,83.6,94.4,106.8,106.8
Fichte,120,157,06-06,64.6,64.6,73.0,83,94.3,106.5,106.5
Fichte,120,158,06-07,65.0,65.0,72.2,82.4,94.2,106.3,106.3
Fichte,120,159,06-08,65.2,65.2,71.3,81.7,94.1,106.0,106.0
Fichte,120,160,06-09,65.4,65.4,70.4,81.1,94.0,105.8,105.8
Fichte,120,161,06-10,65.6,65.6,69.5,80.4,93.9,105.5,105.5
Fichte,120,162,06-11,65.9,65.9,68.6,80.5,93.8,104.6,104.6
Fichte,120,163,06-12,64.7,64.7,67.3,80.5,93.6,103.2,103.2
Fichte,120,164,06-13,63.4,63.4,65.8,80.1,92.3,99.3,99.3
Fichte,120,165,06-14,61.8,61.8,64.1,78.8,90.7,95.6,95.6
Fichte,120,166,06-15,60.2,60.2,62.5,77.4,89.3,93.1,93.1
Fichte,120,167,06-16,58.6,58.6,60.9,76.1,88.2,92.0,92.0
Fichte,120,168,06-17,57.0,57.0,59.3,74.8,87.2,91.0,91.0
Fichte,120,169,06-18,55.4,55.4,57.8,73.5,86.1,90.2,90.2
Fichte,120,170,06-19,53.7,53.7,56.2,72.1,84.9,89.3,89.3
Fichte,120,171,06-20,52.1,52.1,54.8,70.6,83.6,88.4,88.4
Fichte,120,172,06-21,50.5,50.5,53.3,69.2,82.2,87.6,87.6
Fichte,120,173,06-22,48.9,48.9,52.0,67.7,80.7,86.8,86.8
Fichte,120,174,06-23,47.3,47.3,50.7,66.2,79.3,86.1,86.1
Fichte,120,175,06-24,45.8,45.8,49.5,64.8,77.9,86.0,86.0
Fichte,120,176,06-25,44.4,44.4,48.3,63.3,76.5,86.2,86.2
Fichte,120,177,06-26,43.0,43.0,47.2,61.6,74.9,86.4,86.4
Fichte,120,178,06-27,41.7,41.7,46.1,59.9,73.1,86.6,86.6
Fichte,120,179,06-28,40.5,40.5,45.1,58.2,71.4,86.8,86.8
Fichte,120,180,06-29,39.3,39.3,44.1,56.6,69.7,87.0,87.0
Fichte,120,181,06-30,38.2,38.2,43.1,55,68.0,87.2,87.2
Fichte,120,182,07-01,36.8,36.8,42.1,52.7,66.3,87.4,87.4
Fichte,120,183,07-02,35.5,35.5,41.2,50.5,64.5,87.5,87.5
Fichte,120,184,07-03,34.2,34.2,40.2,48.3,62.6,87.6,87.6
Fichte,120,185,07-04,33.2,33.2,39.4,46.8,61.1,87.8,87.8
Fichte,120,186,07-05,32.2,32.2,38.5,45.5,59.7,88.0,88.0
Fichte,120,187,07-06,31.3,31.3,37.7,44.2,58.4,88.2,88.2
Fichte,120,188,07-07,30.4,30.4,36.8,42.9,57.2,88.5,88.5
Fichte,120,189,07-08,29.6,29.6,36.0,41.6,56.1,88.8,88.8
Fichte,120,190,07-09,28.8,28.8,35.2,40.5,55.0,89.1,89.1
Fichte,120,191,07-10,28.3,28.3,34.4,39.6,55.9,89.3,89.3
Fichte,120,192,07-11,27.8,27.8,33.6,38.7,56.8,89.5,89.5
Fichte,120,193,07-12,27.3,27.3,32.8,38,57.9,89.6,89.6
Fichte,120,194,07-13,26.8,26.8,32.0,37.4,59.0,89.7,89.7
Fichte,120,195,07-14,26.3,26.3,31.2,36.8,60.0,89.2,89.2
Fichte,120,196,07-15,25.7,25.7,30.4,36.3,61.0,88.3,88.3
Fichte,120,197,07-16,25.0,25.0,29.5,35.6,60.4,87.3,87.3
Fichte,120,198,07-17,24.4,24.4,28.6,34.9,59.8,86.3,86.3
Fichte,120,199,07-18,23.8,23.8,27.7,34.7,60.0,85.2,85.2
Fichte,120,200,07-19,23.3,23.3,26.9,35,60.9,84.1,84.1
Fichte,120,201,07-20,22.8,22.8,26.1,35.2,61.7,83.4,83.4
Fichte,120,202,07-21,22.4,22.4,25.4,35.4,62.5,82.7,82.7
Fichte,120,203,07-22,22.1,22.1,24.6,35.6,63.3,82.1,82.1
Fichte,120,204,07-23,21.8,21.8,24.0,35.9,64.2,81.9,81.9
Fichte,120,205,07-24,21.5,21.5,23.4,36.2,65.2,82.0,82.0
Fichte,120,206,07-25,21.2,21.2,22.8,36.5,66.2,82.0,82.0
Fichte,120,207,07-26,20.9,20.9,22.4,36.8,67.1,82.0,82.0
Fichte,120,208,07-27,20.6,20.6,21.9,37.2,67.9,81.9,81.9
Fichte,120,209,07-28,20.3,20.3,21.7,37.6,68.7,81.7,81.7
Fichte,120,210,07-29,20.1,20.1,21.7,38.3,69.5,81.5,81.5
Fichte,120,211,07-30,19.5,19.5,21.8,38.7,68.3,81.3,81.3
Fichte,120,212,07-31,19.0,19.0,22.0,39.2,67.2,81.0,81.0
Fichte,120,213,08-01,18.4,18.4,22.2,39.6,66.0,80.7,80.7
Fichte,120,214,08-02,17.9,17.9,22.4,40,64.7,80.2,80.2
Fichte,120,215,08-03,17.4,17.4,22.6,40.3,63.4,79.6,79.6
Fichte,120,216,08-04,17.0,17.0,22.9,40.6,62.0,78.9,78.9
Fichte,120,217,08-05,16.7,16.7,23.1,41.1,62.2,78.2,78.2
Fichte,120,218,08-06,16.4,16.4,23.4,41.5,62.3,77.4,77.4
Fichte,120,219,08-07,16.1,16.1,23.7,41.3,61.5,76.5,76.5
Fichte,120,220,08-08,15.9,15.9,24.0,40.8,60.0,75.3,75.3
Fichte,120,221,08-09,16.3,16.3,24.6,40.4,58.5,73.8,73.8
Fichte,120,222,08-10,16.7,16.7,25.4,40.1,56.9,72.1,72.1
Fichte,120,223,08-11,17.1,17.1,26.1,39.8,56.1,72.9,72.9
Fichte,120,224,08-12,17.4,17.4,26.8,39.5,55.1,73.4,73.4
Fichte,120,225,08-13,17.7,17.7,27.4,39.1,54.0,73.3,73.3
Fichte,120,226,08-14,18.4,18.4,28.1,38.7,52.9,73.2,73.2
Fichte,120,227,08-15,19.0,19.0,28.7,39.1,53.0,73.0,73.0
Fichte,120,228,08-16,19.7,19.7,29.4,39.5,53.0,72.8,72.8
Fichte,120,229,08-17,20.3,20.3,30.3,40.1,53.0,72.5,72.5
Fichte,120,230,08-18,21.0,21.0,31.0,40.5,53.3,73.3,73.3
Fichte,120,231,08-19,21.6,21.6,31.6,41.1,54.0,74.4,74.4
Fichte,120,232,08-20,22.1,22.1,32.5,42,54.8,75.3,75.3
Fichte,120,233,08-21,22.7,22.7,34.0,43.9,56.6,76.4,76.4
Fichte,120,234,08-22,23.2,23.2,35.4,45.7,58.3,77.3,77.3
Fichte,120,235,08-23,24.4,24.4,37.0,47.4,59.8,78.3,78.3
Fichte,120,236,08-24,25.8,25.8,38.5,49.1,61.4,79.4,79.4
Fichte,120,237,08-25,27.2,27.2,40.0,50.7,62.9,80.6,80.6
Fichte,120,238,08-26,28.6,28.6,41.5,52.3,64.6,82.0,82.0
Fichte,120,239,08-27,30.1,30.1,42.9,53.9,66.3,83.5,83.5
Fichte,120,240,08-28,31.5,31.5,44.2,55.3,68.0,85.1,85.1
Fichte,120,241,08-29,32.3,32.3,45.1,56.6,69.6,87.0,87.0
Fichte,120,242,08-30,33.1,33.1,45.7,57.7,71.4,89.4,89.4
Fichte,120,243,08-31,34.0,34.0,46.3,58.7,72.6,89.6,89.6
Fichte,120,244,09-01,34.8,34.8,47.0,59.8,73.8,89.5,89.5
Fichte,120,245,09-02,35.6,35.6,48.0,61.1,74.9,89.5,89.5
Fichte,120,246,09-03,35.9,35.9,49.2,62.5,76.0,89.7,89.7
Fichte,120,247,09-04,36.3,36.3,50.3,63.2,76.1,90.1,90.1
Fichte,120,248,09-05,36.5,36.5,51.3,64.1,76.6,91.0,91.0
Fichte,120,249,09-06,36.6,36.6,51.9,64.7,77.3,92.0,92.0
Fichte,120,250,09-07,36.7,36.7,52.7,65.4,77.6,91.9,91.9
Fichte,120,251,09-08,36.7,36.7,53.6,66.1,77.6,91.6,91.6
Fichte,120,252,09-09,36.8,36.8,54.1,66.4,77.5,91.4,91.4
Fichte,120,253,09-10,36.8,36.8,54.1,65.8,76.6,91.0,91.0
Fichte,120,254,09-11,36.8,36.8,54.0,65.3,75.8,90.9,90.9
Fichte,120,255,09-12,36.1,36.1,53.8,64.9,75.4,91.5,91.5
Fichte,120,256,09-13,35.2,35.2,53.6,64.5,75.1,92.3,92.3
Fichte,120,257,09-14,34.3,34.3,53.5,64.3,74.8,93.0,93.0
Fichte,120,258,09-15,33.4,33.4,53.4,64.1,74.6,93.7,93.7
Fichte,120,259,09-16,32.3,32.3,53.3,64.1,74.5,94.5,94.5
Fichte,120,260,09-17,31.2,31.2,53.3,64.2,74.7,95.5,95.5
Fichte,120,261,09-18,30.0,30.0,53.6,64.7,75.1,96.5,96.5
Fichte,120,262,09-19,28.8,28.8,54.4,65.7,75.6,96.8,96.8
Fichte,120,263,09-20,27.5,27.5,55.3,66.9,76.1,96.8,96.8
Fichte,120,264,09-21,26.2,26.2,56.1,68,76.7,96.8,96.8
Fichte,120,265,09-22,25.0,25.0,56.8,69.4,77.8,97.2,97.2
Fichte,120,266,09-23,23.9,23.9,57.6,70.8,79.0,97.4,97.4
Fichte,120,267,09-24,22.8,22.8,58.3,72.1,79.9,97.3,97.3
Fichte,120,268,09-25,21.9,21.9,59.1,73.3,80.6,97.0,97.0
Fichte,120,269,09-26,21.0,21.0,59.7,74.4,81.3,96.6,96.6
Fichte,120,270,09-27,20.1,20.1,60.1,75.2,81.9,96.4,96.4
Fichte,120,271,09-28,19.4,19.4,60.3,75.9,82.5,96.3,96.3
Fichte,120,272,09-29,18.6,18.6,60.5,76.7,83.2,96.3,96.3
Fichte,120,273,09-30,17.9,17.9,60.7,77.4,84.0,96.3,96.3
Fichte,120,274,10-01,17.1,17.1,60.8,78.2,84.8,96.4,96.4
Fichte,120,275,10-02,16.4,16.4,61.0,78.9,85.5,95.8,95.8
Fichte,120,276,10-03,15.7,15.7,61.1,79.7,86.1,95.1,95.1
Fichte,120,277,10-04,15.0,15.0,61.2,80.4,86.7,94.5,94.5
Fichte,120,278,10-05,14.4,14.4,61.8,81.4,87.3,93.9,93.9
Fichte,120,279,10-06,13.8,13.8,62.4,82.4,87.9,93.4,93.4
Fichte,120,280,10-07,13.3,13.3,63.0,83.2,88.2,92.6,92.6
Fichte,120,281,10-08,12.9,12.9,63.5,83.8,88.4,91.7,91.7
Fichte,120,282,10-09,12.4,12.4,63.5,84,88.3,90.9,90.9
Fichte,120,283,10-10,12.1,12.1,63.4,84,88.2,90.2,90.2
Fichte,120,284,10-11,11.7,11.7,63.2,83.9,88.0,89.5,89.5
Fichte,120,285,10-12,11.5,11.5,63.1,83.6,87.4,88.9,88.9
Fichte,120,286,10-13,11.2,11.2,62.6,83.1,86.9,88.7,88.7
Fichte,120,287,10-14,10.9,10.9,62.3,82.8,86.9,88.9,88.9
Fichte,120,288,10-15,10.7,10.7,62.0,82.5,86.7,89.1,89.1
Fichte,120,289,10-16,10.9,10.9,61.9,82.3,86.6,89.2,89.2
Fichte,120,290,10-17,11.4,11.4,61.8,82.1,86.5,89.4,89.4
Fichte,120,291,10-18,11.8,11.8,61.8,81.9,86.5,90.0,90.0
Fichte,120,292,10-19,12.2,12.2,61.8,81.6,86.2,90.5,90.5
Fichte,120,293,10-20,12.6,12.6,61.8,81.2,85.9,91.0,91.0
Fichte,120,294,10-21,13.2,13.2,61.9,80.9,85.5,91.3,91.3
Fichte,120,295,10-22,13.7,13.7,62.0,80.5,85.1,91.6,91.6
Fichte,120,296,10-23,14.3,14.3,62.1,80.2,84.8,92.1,92.1
Fichte,120,297,10-24,14.8,14.8,62.3,79.9,84.5,92.8,92.8
Fichte,120,298,10-25,15.2,15.2,61.9,79.3,84.2,93.4,93.4
Fichte,120,299,10-26,15.6,15.6,61.5,78.7,83.8,93.7,93.7
Fichte,120,300,10-27,16.0,16.0,61.1,78,83.5,94.1,94.1
Fichte,120,301,10-28,16.4,16.4,60.7,77.4,83.1,94.5,94.5
Fichte,120,302,10-29,16.7,16.7,60.4,76.8,82.8,94.9,94.9
Fichte,120,303,10-30,17.0,17.0,60.1,76.3,82.5,95.4,95.4
Fichte,120,304,10-31,17.3,17.3,59.7,75.8,82.2,95.8,95.8
Fichte,120,305,11-01,17.6,17.6,59.4,75.2,81.8,96.0,96.0
Fichte,120,306,11-02,17.8,17.8,58.9,74.5,81.4,96.0,96.0
Fichte,120,307,11-03,18.4,18.4,58.5,73.7,80.6,95.6,95.6
Fichte,120,308,11-04,21.2,21.2,58.8,73.5,80.7,96.0,96.0
Fichte,120,309,11-05,23.6,23.6,59.0,73.2,80.8,96.0,96.0
Fichte,120,310,11-06,25.8,25.8,59.1,73,80.9,95.8,95.8
Fichte,120,311,11-07,27.9,27.9,59.3,72.9,81.3,96.9,96.9
Fichte,120,312,11-08,30.2,30.2,59.5,72.8,81.7,97.7,97.7
Fichte,120,313,11-09,32.4,32.4,59.8,73.5,82.0,98.7,98.7
Fichte,120,314,11-10,34.6,34.6,60.1,73.8,82.5,99.6,99.6
Fichte,120,315,11-11,36.8,36.8,60.5,73.9,83.0,99.9,99.9
Fichte,120,316,11-12,39.2,39.2,61.0,73.8,83.5,100.0,100.0
Fichte,120,317,11-13,41.7,41.7,61.5,73.7,84.1,99.9,99.9
Fichte,120,318,11-14,44.1,44.1,62.1,73.8,84.9,100.2,100.2
Fichte,120,319,11-15,46.5,46.5,62.8,73.9,85.7,100.7,100.7
Fichte,120,320,11-16,48.8,48.8,63.6,74.2,86.5,101.3,101.3
Fichte,120,321,11-17,51.2,51.2,64.5,74.5,87.3,101.8,101.8
Fichte,120,322,11-18,53.4,53.4,65.6,74.9,88.5,102.2,102.2
Fichte,120,323,11-19,55.7,55.7,66.7,75.8,89.7,102.7,102.7
Fichte,120,324,11-20,58.0,58.0,67.9,76.8,90.9,103.2,103.2
Fichte,120,325,11-21,60.2,60.2,69.1,77.8,92.1,103.7,103.7
Fichte,120,326,11-22,62.4,62.4,70.3,78.8,93.4,104.3,104.3
Fichte,120,327,11-23,64.3,64.3,71.4,79.8,94.6,104.8,104.8
Fichte,120,328,11-24,64.5,64.5,72.0,80.4,94.9,104.5,104.5
Fichte,120,329,11-25,65.1,65.1,72.8,81,95.3,104.6,104.6
Fichte,120,330,11-26,65.8,65.8,73.9,82,95.9,105.2,105.2
Fichte,120,331,11-27,66.4,66.4,75.2,82.9,96.0,104.0,104.0
Fichte,120,332,11-28,67.1,67.1,76.5,83.9,96.2,103.2,103.2
Fichte,120,333,11-29,67.7,67.7,77.7,84.4,96.7,102.4,102.4
Fichte,120,334,11-30,68.4,68.4,78.9,85.2,97.2,101.8,101.8
Fichte,120,335,12-01,68.9,68.9,80.0,86.3,97.7,101.7,101.7
Fichte,120,336,12-02,69.4,69.4,81.0,87.5,98.1,101.9,101.9
Fichte,120,337,12-03,69.8,69.8,82.1,88.7,98.6,103.9,103.9
Fichte,120,338,12-04,70.3,70.3,83.0,89.9,99.0,106.3,106.3
Fichte,120,339,12-05,70.9,70.9,83.9,90.9,99.6,108.5,108.5
Fichte,120,340,12-06,71.5,71.5,84.7,91.8,100.2,108.8,108.8
Fichte,120,341,12-07,72.3,72.3,85.4,92.6,100.6,109.0,109.0
Fichte,120,342,12-08,73.2,73.2,86.0,93.4,100.6,109.2,109.2
Fichte,120,343,12-09,74.2,74.2,86.5,93.6,100.5,109.4,109.4
Fichte,120,344,12-10,75.2,75.2,87.0,93.8,100.4,109.5,109.5
Fichte,120,345,12-11,76.3,76.3,87.4,93.9,100.3,109.7,109.7
Fichte,120,346,12-12,77.4,77.4,88.1,94.2,100.2,109.9,109.9
Fichte,120,347,12-13,78.6,78.6,88.7,94.7,100.5,110.3,110.3
Fichte,120,348,12-14,79.6,79.6,89.4,95,100.8,110.6,110.6
Fichte,120,349,12-15,80.2,80.2,89.9,95.3,101.0,110.9,110.9
Fichte,120,350,12-16,80.8,80.8,90.0,95.1,101.0,110.9,110.9
Fichte,120,351,12-17,81.4,81.4,90.0,95.1,101.0,111.0,111.0
Fichte,120,352,12-18,82.0,82.0,90.1,95,100.9,111.3,111.3
Fichte,120,353,12-19,82.5,82.5,90.2,94.8,100.7,111.6,111.6
Fichte,120,354,12-20,83.1,83.1,90.2,94.6,100.5,112.1,112.1
Fichte,120,355,12-21,83.7,83.7,90.3,94.4,100.1,112.7,112.7
Fichte,120,356,12-22,84.0,84.0,90.3,94.3,100.1,113.2,113.2
Fichte,120,357,12-23,84.4,84.4,90.3,94.2,100.0,111.8,111.8
Fichte,120,358,12-24,84.8,84.8,90.4,94.1,99.8,109.5,109.5
Fichte,120,359,12-25,85.2,85.2,90.5,94,99.3,106.9,106.9
Fichte,120,360,12-26,85.7,85.7,90.6,94,98.9,106.4,106.4
Fichte,120,361,12-27,86.2,86.2,90.8,94,98.6,106.4,106.4
Fichte,120,362,12-28,86.6,86.6,91.0,94.1,98.5,106.5,106.5
Fichte,120,363,12-29,87.0,87.0,91.3,94.3,98.5,106.6,106.6
Fichte,120,364,12-30,87.6,87.6,91.7,94.5,98.6,106.7,106.7
Fichte,120,365,12-31,88.2,88.2,92.1,94.8,98.8,107.0,
