Baumart,Tiefe_cm,Tag_des_Jahres,Datum_MM_DD,Min,Q10,Q25,Median,Q75,Q90,Max
Buche,15,1,01-01,88.1,88.1,97.9,103.8,108.3,114.0,114.0
Buche,15,2,01-02,87.8,87.8,98.0,104.1,108.5,113.8,113.8
Buche,15,3,01-03,87.5,87.5,98.0,104.2,108.7,114.2,114.2
Buche,15,4,01-04,87.2,87.2,98.0,104.3,108.8,114.3,114.3
Buche,15,5,01-05,86.9,86.9,98.2,104.6,109.1,114.4,114.4
Buche,15,6,01-06,86.7,86.7,98.2,104.8,109.2,114.4,114.4
Buche,15,7,01-07,86.5,86.5,98.3,104.9,109.2,114.1,114.1
Buche,15,8,01-08,87.2,87.2,98.6,105,109.1,113.8,113.8
Buche,15,9,01-09,87.9,87.9,98.8,105,109.1,113.6,113.6
Buche,15,10,01-10,88.4,88.4,99.0,105,109.0,113.7,113.7
Buche,15,11,01-11,88.9,88.9,99.1,105,109.1,113.8,113.8
Buche,15,12,01-12,89.3,89.3,99.2,105,109.1,114.0,114.0
Buche,15,13,01-13,90.0,90.0,99.4,105.1,109.4,114.6,114.6
Buche,15,14,01-14,90.5,90.5,99.7,105.3,109.6,114.9,114.9
Buche,15,15,01-15,90.9,90.9,100.0,105.5,109.5,114.5,114.5
Buche,15,16,01-16,91.4,91.4,100.3,105.6,109.5,114.4,114.4
Buche,15,17,01-17,91.8,91.8,100.5,105.6,109.5,114.4,114.4
Buche,15,18,01-18,92.2,92.2,100.7,105.8,109.7,114.9,114.9
Buche,15,19,01-19,92.6,92.6,100.7,105.7,109.8,115.2,115.2
Buche,15,20,01-20,93.0,93.0,100.5,105.5,109.9,115.5,115.5
Buche,15,21,01-21,93.3,93.3,100.4,105.4,110.0,115.9,115.9
Buche,15,22,01-22,93.8,93.8,100.3,105.3,110.2,116.6,116.6
Buche,15,23,01-23,94.5,94.5,100.3,105.3,110.4,117.0,117.0
Buche,15,24,01-24,95.1,95.1,100.4,105.3,110.8,117.5,117.5
Buche,15,25,01-25,95.7,95.7,100.3,105.2,110.9,117.9,117.9
Buche,15,26,01-26,96.2,96.2,100.5,105.3,111.0,118.2,118.2
Buche,15,27,01-27,96.5,96.5,100.9,105.7,111.5,118.8,118.8
Buche,15,28,01-28,96.2,96.2,101.0,106.2,112.2,119.7,119.7
Buche,15,29,01-29,95.8,95.8,101.0,106.5,112.8,120.5,120.5
Buche,15,30,01-30,95.8,95.8,100.9,106.6,113.2,120.8,120.8
Buche,15,31,01-31,96.0,96.0,100.8,106.7,113.4,121.0,121.0
Buche,15,32,02-01,96.1,96.1,101.2,107.1,113.7,121.1,121.1
Buche,15,33,02-02,96.0,96.0,101.4,107.3,113.7,120.8,120.8
Buche,15,34,02-03,95.8,95.8,101.4,107.3,113.6,120.5,120.5
Buche,15,35,02-04,95.7,95.7,101.1,107.2,113.6,120.3,120.3
Buche,15,36,02-05,95.5,95.5,100.9,107,113.5,120.0,120.0
Buche,15,37,02-06,95.3,95.3,100.7,106.9,113.6,120.1,120.1
Buche,15,38,02-07,95.2,95.2,100.6,106.7,113.3,119.9,119.9
Buche,15,39,02-08,95.1,95.1,100.5,106.6,113.1,119.7,119.7
Buche,15,40,02-09,95.1,95.1,100.7,106.6,112.9,119.5,119.5
Buche,15,41,02-10,95.0,95.0,100.8,106.6,112.6,119.1,119.1
Buche,15,42,02-11,94.8,94.8,100.8,106.5,112.3,118.4,118.4
Buche,15,43,02-12,94.5,94.5,100.8,106.4,111.8,117.6,117.6
Buche,15,44,02-13,94.2,94.2,100.9,106.3,111.3,116.7,116.7
Buche,15,45,02-14,93.9,93.9,100.9,106.2,110.9,116.0,116.0
Buche,15,46,02-15,93.7,93.7,100.5,105.9,110.6,115.4,115.4
Buche,15,47,02-16,93.6,93.6,99.9,105.2,110.0,114.6,114.6
Buche,15,48,02-17,93.5,93.5,99.3,104.4,109.1,113.5,113.5
Buche,15,49,02-18,93.2,93.2,98.8,103.8,108.3,112.5,112.5
Buche,15,50,02-19,92.7,92.7,98.3,103,107.6,111.6,111.6
Buche,15,51,02-20,92.1,92.1,97.8,102.5,107.1,110.9,110.9
Buche,15,52,02-21,91.5,91.5,96.9,101.7,106.4,110.2,110.2
Buche,15,53,02-22,90.9,90.9,96.0,101,105.9,109.6,109.6
Buche,15,54,02-23,90.3,90.3,95.3,100.4,105.5,109.0,109.0
Buche,15,55,02-24,89.8,89.8,94.7,99.9,105.1,108.5,108.5
Buche,15,56,02-25,89.2,89.2,94.5,99.7,104.7,108.0,108.0
Buche,15,57,02-26,88.7,88.7,94.4,99.5,104.2,107.1,107.1
Buche,15,58,02-27,88.7,88.7,94.4,99.3,103.7,106.0,106.0
Buche,15,59,02-28,88.7,88.7,94.3,99.1,103.2,105.0,105.0
Buche,15,60,03-01,88.7,88.7,94.1,98.8,102.7,104.2,104.2
Buche,15,61,03-02,88.7,88.7,93.8,98.5,102.2,103.3,103.3
Buche,15,62,03-03,88.9,88.9,93.7,98.3,102.2,103.2,103.2
Buche,15,63,03-04,89.2,89.2,93.8,98.4,102.4,103.8,103.8
Buche,15,64,03-05,89.5,89.5,93.8,98.4,102.6,104.1,104.1
Buche,15,65,03-06,90.0,90.0,94.2,98.6,102.8,104.5,104.5
Buche,15,66,03-07,90.4,90.4,94.4,98.8,102.9,105.0,105.0
Buche,15,67,03-08,90.7,90.7,94.7,98.8,103.0,105.7,105.7
Buche,15,68,03-09,91.1,91.1,94.9,98.8,103.1,106.2,106.2
Buche,15,69,03-10,91.5,91.5,95.1,98.8,103.1,106.7,106.7
Buche,15,70,03-11,91.8,91.8,95.2,99,103.0,107.2,107.2
Buche,15,71,03-12,92.1,92.1,95.4,98.9,102.9,107.6,107.6
Buche,15,72,03-13,92.4,92.4,95.6,98.8,102.7,108.0,108.0
Buche,15,73,03-14,92.6,92.6,95.7,98.8,102.7,108.4,108.4
Buche,15,74,03-15,92.8,92.8,96.0,99,102.8,108.7,108.7
Buche,15,75,03-16,93.0,93.0,96.3,99.1,102.9,109.0,109.0
Buche,15,76,03-17,93.2,93.2,96.4,99.3,103.2,109.4,109.4
Buche,15,77,03-18,93.3,93.3,96.6,99.5,103.4,109.7,109.7
Buche,15,78,03-19,93.0,93.0,96.5,99.6,103.6,109.9,109.9
Buche,15,79,03-20,92.6,92.6,96.5,99.7,103.8,110.0,110.0
Buche,15,80,03-21,92.5,92.5,96.4,99.8,104.0,110.6,110.6
Buche,15,81,03-22,92.8,92.8,96.7,100.2,104.8,111.8,111.8
Buche,15,82,03-23,92.9,92.9,96.9,100.4,105.0,112.1,112.1
Buche,15,83,03-24,92.9,92.9,96.9,100.3,104.7,111.8,111.8
Buche,15,84,03-25,92.9,92.9,96.7,99.8,104.2,111.8,111.8
Buche,15,85,03-26,92.7,92.7,96.2,99.3,103.8,111.9,111.9
Buche,15,86,03-27,92.6,92.6,95.9,98.8,103.4,111.8,111.8
Buche,15,87,03-28,92.3,92.3,95.6,98.6,103.2,111.4,111.4
Buche,15,88,03-29,92.0,92.0,95.3,98.4,103.2,111.7,111.7
Buche,15,89,03-30,91.7,91.7,95.0,98.3,103.4,112.4,112.4
Buche,15,90,03-31,91.3,91.3,94.8,98.2,103.5,112.6,112.6
Buche,15,91,04-01,90.9,90.9,94.5,98.2,103.6,112.7,112.7
Buche,15,92,04-02,90.5,90.5,94.5,98.6,104.2,112.8,112.8
Buche,15,93,04-03,90.1,90.1,94.8,99.1,104.6,113.0,113.0
Buche,15,94,04-04,89.6,89.6,95.0,99.4,104.8,113.2,113.2
Buche,15,95,04-05,89.1,89.1,95.1,99.7,105.0,113.3,113.3
Buche,15,96,04-06,88.6,88.6,95.1,99.9,105.4,114.3,114.3
Buche,15,97,04-07,89.0,89.0,95.2,99.9,105.7,115.2,115.2
Buche,15,98,04-08,89.6,89.6,95.5,100.2,106.1,115.8,115.8
Buche,15,99,04-09,90.1,90.1,95.9,100.5,106.4,116.2,116.2
Buche,15,100,04-10,90.4,90.4,96.3,100.8,106.6,116.1,116.1
Buche,15,101,04-11,90.2,90.2,96.3,100.7,106.2,115.8,115.8
Buche,15,102,04-12,90.0,90.0,96.3,100.6,105.9,115.3,115.3
Buche,15,103,04-13,89.8,89.8,96.2,100.6,105.7,114.6,114.6
Buche,15,104,04-14,90.0,90.0,96.3,100.7,105.9,115.0,115.0
Buche,15,105,04-15,90.1,90.1,96.4,101,106.4,115.2,115.2
Buche,15,106,04-16,90.2,90.2,96.5,101.4,107.1,115.7,115.7
Buche,15,107,04-17,90.3,90.3,96.5,101.5,107.3,116.0,116.0
Buche,15,108,04-18,90.4,90.4,96.6,101.8,107.7,115.7,115.7
Buche,15,109,04-19,90.5,90.5,96.6,102.1,107.8,115.1,115.1
Buche,15,110,04-20,90.6,90.6,97.1,102.5,108.0,114.6,114.6
Buche,15,111,04-21,90.6,90.6,97.6,103,108.2,114.8,114.8
Buche,15,112,04-22,90.7,90.7,97.8,102.9,108.2,115.7,115.7
Buche,15,113,04-23,91.3,91.3,97.8,102.7,108.1,116.1,116.1
Buche,15,114,04-24,91.8,91.8,97.6,102.6,108.4,116.3,116.3
Buche,15,115,04-25,92.2,92.2,97.3,102.6,109.0,117.3,117.3
Buche,15,116,04-26,92.7,92.7,97.0,102.4,109.0,117.3,117.3
Buche,15,117,04-27,92.3,92.3,96.7,102.2,109.0,117.6,117.6
Buche,15,118,04-28,91.8,91.8,96.1,101.7,109.0,118.0,118.0
Buche,15,119,04-29,91.4,91.4,95.4,101.1,108.7,118.4,118.4
Buche,15,120,04-30,90.9,90.9,94.9,101,109.0,118.6,118.6
Buche,15,121,05-01,90.3,90.3,94.3,100.8,109.2,118.9,118.9
Buche,15,122,05-02,89.6,89.6,93.6,100.5,109.6,120.2,120.2
Buche,15,123,05-03,88.8,88.8,93.3,100.5,109.9,121.1,121.1
Buche,15,124,05-04,87.4,87.4,92.9,100.4,109.7,120.7,120.7
Buche,15,125,05-05,86.1,86.1,92.3,99.8,109.0,120.2,120.2
Buche,15,126,05-06,84.7,84.7,91.8,99.2,108.0,119.5,119.5
Buche,15,127,05-07,84.4,84.4,91.4,99,108.0,119.5,119.5
Buche,15,128,05-08,83.8,83.8,91.0,98.8,108.1,120.0,120.0
Buche,15,129,05-09,83.2,83.2,90.5,98.6,108.2,119.9,119.9
Buche,15,130,05-10,82.5,82.5,89.5,98,108.1,119.9,119.9
Buche,15,131,05-11,81.7,81.7,88.3,97.4,108.1,119.6,119.6
Buche,15,132,05-12,80.7,80.7,87.1,96.7,107.8,118.7,118.7
Buche,15,133,05-13,79.3,79.3,85.7,96,107.6,118.2,118.2
Buche,15,134,05-14,78.2,78.2,84.6,95.2,107.3,118.1,118.1
Buche,15,135,05-15,77.0,77.0,83.4,94.2,106.4,117.1,117.1
Buche,15,136,05-16,75.7,75.7,82.0,93.2,105.6,115.8,115.8
Buche,15,137,05-17,74.1,74.1,80.4,92.1,104.9,114.3,114.3
Buche,15,138,05-18,72.4,72.4,78.7,91.1,104.5,113.5,113.5
Buche,15,139,05-19,70.5,70.5,77.4,90.4,104.0,112.7,112.7
Buche,15,140,05-20,68.5,68.5,76.1,89.3,103.1,112.5,112.5
Buche,15,141,05-21,66.6,66.6,74.7,88.2,102.4,112.7,112.7
Buche,15,142,05-22,64.6,64.6,73.3,87.1,101.8,112.8,112.8
Buche,15,143,05-23,62.7,62.7,71.2,85.5,101.1,113.2,113.2
Buche,15,144,05-24,60.8,60.8,69.2,84,100.4,113.5,113.5
Buche,15,145,05-25,58.8,58.8,67.2,82.8,100.0,113.4,113.4
Buche,15,146,05-26,56.8,56.8,66.2,82.5,100.0,113.0,113.0
Buche,15,147,05-27,53.8,53.8,65.2,82.1,99.8,113.6,113.6
Buche,15,148,05-28,51.0,51.0,64.3,81.5,99.1,113.5,113.5
Buche,15,149,05-29,48.3,48.3,63.7,81.2,98.6,113.8,113.8
Buche,15,150,05-30,45.7,45.7,63.1,81.2,99.0,115.0,115.0
Buche,15,151,05-31,43.3,43.3,62.3,81,98.9,115.7,115.7
Buche,15,152,06-01,40.9,40.9,61.6,80.7,98.6,115.9,115.9
Buche,15,153,06-02,38.4,38.4,60.7,80.2,98.1,115.8,115.8
Buche,15,154,06-03,35.8,35.8,60.3,80,97.4,115.2,115.2
Buche,15,155,06-04,33.3,33.3,59.8,79.8,96.8,114.7,114.7
Buche,15,156,06-05,31.0,31.0,59.3,79.7,96.6,114.6,114.6
Buche,15,157,06-06,28.9,28.9,58.6,79.3,96.2,114.4,114.4
Buche,15,158,06-07,26.8,26.8,57.9,78.9,95.5,113.6,113.6
Buche,15,159,06-08,25.0,25.0,56.7,77.9,94.7,112.8,112.8
Buche,15,160,06-09,23.2,23.2,55.2,76.8,93.9,112.4,112.4
Buche,15,161,06-10,21.6,21.6,53.8,75.9,93.3,111.3,111.3
Buche,15,162,06-11,20.2,20.2,52.6,75.6,93.3,109.7,109.7
Buche,15,163,06-12,18.9,18.9,51.6,75.4,93.4,108.3,108.3
Buche,15,164,06-13,17.7,17.7,50.6,75.4,94.0,107.8,107.8
Buche,15,165,06-14,16.5,16.5,50.3,76.2,94.0,109.2,109.2
Buche,15,166,06-15,15.5,15.5,49.6,76.1,93.5,110.8,110.8
Buche,15,167,06-16,14.6,14.6,48.5,76.2,93.3,110.3,110.3
Buche,15,168,06-17,13.7,13.7,47.9,77.5,93.9,111.2,111.2
Buche,15,169,06-18,12.9,12.9,46.9,78.2,94.6,112.2,112.2
Buche,15,170,06-19,12.1,12.1,45.9,78.4,95.7,112.8,112.8
Buche,15,171,06-20,12.6,12.6,45.2,78.8,97.0,113.5,113.5
Buche,15,172,06-21,12.8,12.8,46.9,79.6,98.3,114.5,114.5
Buche,15,173,06-22,12.8,12.8,48.1,80.5,99.8,115.8,115.8
Buche,15,174,06-23,12.6,12.6,48.3,81.6,101.0,117.7,117.7
Buche,15,175,06-24,12.4,12.4,48.5,83.2,102.1,119.4,119.4
Buche,15,176,06-25,12.2,12.2,48.7,84.4,102.7,120.8,120.8
Buche,15,177,06-26,12.0,12.0,48.9,85.6,103.4,122.1,122.1
Buche,15,178,06-27,11.7,11.7,49.2,87.4,105.2,124.0,124.0
Buche,15,179,06-28,11.5,11.5,49.5,89,107.0,125.9,125.9
Buche,15,180,06-29,11.2,11.2,49.8,90.5,108.5,127.1,127.1
Buche,15,181,06-30,11.0,11.0,50.0,91.9,109.7,128.2,128.2
Buche,15,182,07-01,11.2,11.2,50.2,93.6,110.0,128.9,128.9
Buche,15,183,07-02,12.3,12.3,50.3,95.1,110.1,129.3,129.3
Buche,15,184,07-03,12.6,12.6,50.3,96.5,110.1,129.9,129.9
Buche,15,185,07-04,12.7,12.7,49.5,96.9,110.2,129.3,129.3
Buche,15,186,07-05,12.7,12.7,48.1,97.1,110.6,128.7,128.7
Buche,15,187,07-06,13.4,13.4,47.2,96.7,110.6,128.8,128.8
Buche,15,188,07-07,13.8,13.8,45.5,95.1,111.0,127.9,127.9
Buche,15,189,07-08,14.1,14.1,43.8,93.6,110.9,126.8,126.8
Buche,15,190,07-09,14.3,14.3,42.3,92.2,109.3,125.2,125.2
Buche,15,191,07-10,13.2,13.2,41.3,90.7,107.7,123.5,123.5
Buche,15,192,07-11,12.5,12.5,39.2,88.8,106.1,121.8,121.8
Buche,15,193,07-12,11.9,11.9,37.1,87.2,104.2,119.8,119.8
Buche,15,194,07-13,11.5,11.5,35.1,84.8,102.5,117.5,117.5
Buche,15,195,07-14,11.6,11.6,33.1,82.2,101.0,115.4,115.4
Buche,15,196,07-15,11.7,11.7,31.2,79.8,100.1,113.5,113.5
Buche,15,197,07-16,12.0,12.0,29.4,77.3,99.5,112.2,112.2
Buche,15,198,07-17,12.2,12.2,27.6,74.6,98.8,111.2,111.2
Buche,15,199,07-18,12.6,12.6,26.2,72.1,97.9,110.0,110.0
Buche,15,200,07-19,13.9,13.9,26.1,69.9,97.0,108.3,108.3
Buche,15,201,07-20,14.8,14.8,26.1,68.4,96.1,106.7,106.7
Buche,15,202,07-21,14.9,14.9,25.7,65.2,95.0,105.1,105.1
Buche,15,203,07-22,14.2,14.2,25.8,62.2,94.0,105.3,105.3
Buche,15,204,07-23,14.7,14.7,25.8,59.1,92.8,104.6,104.6
Buche,15,205,07-24,15.0,15.0,25.8,56.1,92.0,103.6,103.6
Buche,15,206,07-25,15.1,15.1,25.7,53.4,91.9,102.5,102.5
Buche,15,207,07-26,14.5,14.5,25.3,50.7,91.3,101.0,101.0
Buche,15,208,07-27,14.1,14.1,25.6,48.1,89.6,99.4,99.4
Buche,15,209,07-28,13.9,13.9,25.8,45.7,88.0,98.0,98.0
Buche,15,210,07-29,13.7,13.7,26.0,43.4,86.7,97.1,97.1
Buche,15,211,07-30,13.5,13.5,25.5,41.3,85.5,96.1,96.1
Buche,15,212,07-31,13.4,13.4,24.1,39.3,84.4,95.2,95.2
Buche,15,213,08-01,13.3,13.3,23.2,37.2,83.5,94.2,94.2
Buche,15,214,08-02,13.2,13.2,22.7,35.9,82.7,93.2,93.2
Buche,15,215,08-03,12.7,12.7,22.4,35.5,81.8,92.2,92.2
Buche,15,216,08-04,12.2,12.2,22.3,34.7,80.7,91.0,91.0
Buche,15,217,08-05,12.1,12.1,22.5,33.6,79.2,89.5,89.5
Buche,15,218,08-06,12.2,12.2,22.9,32.5,77.1,87.2,87.2
Buche,15,219,08-07,12.1,12.1,23.1,31.3,75.4,85.5,85.5
Buche,15,220,08-08,11.3,11.3,23.1,31.6,74.0,84.3,84.3
Buche,15,221,08-09,10.9,10.9,22.9,30.7,72.8,83.3,83.3
Buche,15,222,08-10,10.7,10.7,23.1,31.6,71.7,82.5,82.5
Buche,15,223,08-11,10.3,10.3,22.8,31.5,70.6,80.0,80.0
Buche,15,224,08-12,9.5,9.5,22.4,31,70.6,78.6,78.6
Buche,15,225,08-13,9.0,9.0,21.8,30.4,70.7,77.5,77.5
Buche,15,226,08-14,8.9,8.9,21.2,29.7,69.8,76.4,76.4
Buche,15,227,08-15,8.8,8.8,21.2,30,68.8,75.4,75.4
Buche,15,228,08-16,9.4,9.4,21.1,30,67.9,74.4,74.4
Buche,15,229,08-17,10.0,10.0,20.9,31.1,67.1,73.2,73.2
Buche,15,230,08-18,10.5,10.5,20.9,31.6,66.5,72.0,72.0
Buche,15,231,08-19,10.9,10.9,21.0,31.6,66.5,71.4,71.4
Buche,15,232,08-20,11.3,11.3,20.7,31.6,67.2,71.9,71.9
Buche,15,233,08-21,11.7,11.7,20.5,31.7,68.5,72.8,72.8
Buche,15,234,08-22,12.0,12.0,20.3,31.1,69.8,74.0,74.0
Buche,15,235,08-23,12.2,12.2,20.0,29.9,70.9,75.4,75.4
Buche,15,236,08-24,12.6,12.6,20.2,29.2,71.7,76.7,76.7
Buche,15,237,08-25,12.9,12.9,20.6,29.6,72.4,77.7,77.7
Buche,15,238,08-26,12.8,12.8,20.4,29.7,73.0,78.5,78.5
Buche,15,239,08-27,12.6,12.6,20.1,29.8,73.1,79.1,79.1
Buche,15,240,08-28,12.1,12.1,18.9,28.2,73.1,79.3,79.3
Buche,15,241,08-29,12.0,12.0,18.1,27.5,72.9,79.3,79.3
Buche,15,242,08-30,11.9,11.9,17.1,26.1,72.7,79.3,79.3
Buche,15,243,08-31,11.8,11.8,16.9,26.6,72.4,79.3,79.3
Buche,15,244,09-01,11.8,11.8,16.7,26.6,71.2,78.2,78.2
Buche,15,245,09-02,11.8,11.8,16.5,26.9,69.9,77.1,77.1
Buche,15,246,09-03,11.6,11.6,16.8,27.3,68.7,76.1,76.1
Buche,15,247,09-04,11.7,11.7,17.1,27.8,67.6,75.2,75.2
Buche,15,248,09-05,11.0,11.0,17.2,28.7,66.7,74.5,74.5
Buche,15,249,09-06,10.4,10.4,17.5,28.6,66.0,74.5,74.5
Buche,15,250,09-07,9.9,9.9,17.9,28.6,65.3,74.4,74.4
Buche,15,251,09-08,9.4,9.4,18.3,30,64.3,73.6,73.6
Buche,15,252,09-09,9.4,9.4,18.7,31.2,62.5,71.9,71.9
Buche,15,253,09-10,9.2,9.2,19.3,32.4,60.0,69.9,69.9
Buche,15,254,09-11,8.9,8.9,19.8,32.8,57.6,67.7,67.7
Buche,15,255,09-12,8.9,8.9,20.2,32.7,55.4,65.4,65.4
Buche,15,256,09-13,9.1,9.1,20.2,32.8,53.3,63.3,63.3
Buche,15,257,09-14,8.6,8.6,19.8,32.1,51.7,61.4,61.4
Buche,15,258,09-15,8.4,8.4,19.9,31.9,50.4,60.3,60.3
Buche,15,259,09-16,8.2,8.2,20.1,32.1,49.3,59.3,59.3
Buche,15,260,09-17,8.1,8.1,21.0,33.3,49.0,58.9,58.9
Buche,15,261,09-18,7.7,7.7,21.3,34.2,49.1,59.6,59.6
Buche,15,262,09-19,7.3,7.3,22.2,35,48.6,59.2,59.2
Buche,15,263,09-20,7.0,7.0,22.4,34.6,47.9,58.9,58.9
Buche,15,264,09-21,6.7,6.7,23.2,35.2,48.1,58.7,58.7
Buche,15,265,09-22,6.5,6.5,24.5,36.5,48.9,60.3,60.3
Buche,15,266,09-23,6.3,6.3,25.5,37.9,49.0,61.6,61.6
Buche,15,267,09-24,5.9,5.9,26.3,38,49.4,61.8,61.8
Buche,15,268,09-25,5.7,5.7,27.3,38.2,49.7,61.8,61.8
Buche,15,269,09-26,5.4,5.4,28.2,38.2,49.3,61.1,61.1
Buche,15,270,09-27,5.2,5.2,29.0,38.7,49.6,60.7,60.7
Buche,15,271,09-28,5.0,5.0,29.6,38.5,49.6,61.3,61.3
Buche,15,272,09-29,4.4,4.4,30.3,38.3,49.9,62.0,62.0
Buche,15,273,09-30,4.1,4.1,31.1,38.2,50.4,62.4,62.4
Buche,15,274,10-01,3.9,3.9,32.1,39.1,51.0,62.9,62.9
Buche,15,275,10-02,3.6,3.6,33.2,40.7,51.7,63.3,63.3
Buche,15,276,10-03,2.8,2.8,34.4,42.3,52.7,64.0,64.0
Buche,15,277,10-04,3.7,3.7,35.7,44,53.4,64.5,64.5
Buche,15,278,10-05,4.1,4.1,37.4,45.7,54.4,66.4,66.4
Buche,15,279,10-06,4.2,4.2,39.1,47,55.5,67.5,67.5
Buche,15,280,10-07,4.1,4.1,40.0,47.7,55.9,67.5,67.5
Buche,15,281,10-08,4.1,4.1,41.0,48.5,55.8,66.6,66.6
Buche,15,282,10-09,5.3,5.3,42.1,49.2,56.4,66.9,66.9
Buche,15,283,10-10,5.7,5.7,43.0,50.1,57.1,67.2,67.2
Buche,15,284,10-11,6.1,6.1,44.0,51.1,57.5,67.7,67.7
Buche,15,285,10-12,6.3,6.3,44.8,51.3,57.1,67.6,67.6
Buche,15,286,10-13,6.5,6.5,45.7,51.4,57.5,67.1,67.1
Buche,15,287,10-14,7.2,7.2,46.2,52,57.7,67.6,67.6
Buche,15,288,10-15,8.5,8.5,46.5,52.4,58.0,69.2,69.2
Buche,15,289,10-16,10.1,10.1,46.8,53,58.8,70.4,70.4
Buche,15,290,10-17,12.1,12.1,47.2,53.6,59.4,71.1,71.1
Buche,15,291,10-18,13.5,13.5,47.7,54.2,59.9,70.8,70.8
Buche,15,292,10-19,14.5,14.5,48.4,54.8,60.4,70.7,70.7
Buche,15,293,10-20,15.7,15.7,48.8,55.5,60.7,71.3,71.3
Buche,15,294,10-21,18.1,18.1,49.5,55.9,60.9,71.9,71.9
Buche,15,295,10-22,20.2,20.2,50.0,56.2,62.1,72.9,72.9
Buche,15,296,10-23,22.1,22.1,50.5,56.2,62.9,74.1,74.1
Buche,15,297,10-24,22.6,22.6,50.8,56.3,63.6,75.4,75.4
Buche,15,298,10-25,23.4,23.4,50.7,56.7,64.1,74.8,74.8
Buche,15,299,10-26,24.6,24.6,50.6,57.7,64.6,74.9,74.9
Buche,15,300,10-27,26.0,26.0,50.5,58.6,65.1,75.7,75.7
Buche,15,301,10-28,27.3,27.3,50.5,59.2,66.0,76.5,76.5
Buche,15,302,10-29,27.4,27.4,50.5,59.9,66.9,77.1,77.1
Buche,15,303,10-30,28.2,28.2,50.6,60.9,67.9,78.1,78.1
Buche,15,304,10-31,29.2,29.2,50.3,61.7,68.5,79.4,79.4
Buche,15,305,11-01,30.4,30.4,50.2,62.5,69.2,79.2,79.2
Buche,15,306,11-02,31.8,31.8,50.0,63.4,69.9,79.5,79.5
Buche,15,307,11-03,33.6,33.6,50.8,64.1,70.5,79.9,79.9
Buche,15,308,11-04,34.8,34.8,51.0,64.6,71.2,79.6,79.6
Buche,15,309,11-05,35.4,35.4,51.1,65.2,71.7,80.1,80.1
Buche,15,310,11-06,35.9,35.9,51.2,65.8,72.0,80.8,80.8
Buche,15,311,11-07,37.0,37.0,52.1,66.6,72.5,81.8,81.8
Buche,15,312,11-08,38.6,38.6,52.9,67.3,73.0,83.9,83.9
Buche,15,313,11-09,40.6,40.6,53.7,68.3,73.9,85.5,85.5
Buche,15,314,11-10,41.4,41.4,54.7,69,76.0,87.1,87.1
Buche,15,315,11-11,42.5,42.5,55.6,70.1,76.2,88.0,88.0
Buche,15,316,11-12,43.8,43.8,56.6,71.1,76.4,88.7,88.7
Buche,15,317,11-13,45.2,45.2,57.6,72.2,76.7,89.4,89.4
Buche,15,318,11-14,46.9,46.9,58.7,73,77.1,90.8,90.8
Buche,15,319,11-15,48.5,48.5,59.8,73,77.5,91.9,91.9
Buche,15,320,11-16,50.1,50.1,60.9,73.5,78.8,93.2,93.2
Buche,15,321,11-17,51.7,51.7,61.9,74.2,80.0,94.1,94.1
Buche,15,322,11-18,53.4,53.4,63.0,75.5,81.0,95.4,95.4
Buche,15,323,11-19,55.0,55.0,64.2,76.4,82.1,96.3,96.3
Buche,15,324,11-20,56.7,56.7,66.0,77.1,83.3,96.8,96.8
Buche,15,325,11-21,58.4,58.4,67.9,78.3,84.7,97.7,97.7
Buche,15,326,11-22,60.4,60.4,69.7,79.3,86.0,98.7,98.7
Buche,15,327,11-23,61.6,61.6,70.6,80.7,87.5,100.0,100.0
Buche,15,328,11-24,62.8,62.8,72.2,82,89.4,101.6,101.6
Buche,15,329,11-25,64.3,64.3,73.8,83.4,91.2,102.9,102.9
Buche,15,330,11-26,65.7,65.7,75.8,84.8,92.9,104.4,104.4
Buche,15,331,11-27,67.5,67.5,77.1,85.8,94.5,105.7,105.7
Buche,15,332,11-28,69.4,69.4,78.5,87.1,96.3,105.9,105.9
Buche,15,333,11-29,70.6,70.6,79.7,88.5,97.7,106.7,106.7
Buche,15,334,11-30,71.9,71.9,81.1,90,97.8,107.3,107.3
Buche,15,335,12-01,73.1,73.1,82.4,91,98.7,108.0,108.0
Buche,15,336,12-02,74.3,74.3,83.6,92,99.7,108.7,108.7
Buche,15,337,12-03,75.5,75.5,84.8,93,101.4,109.3,109.3
Buche,15,338,12-04,76.6,76.6,86.0,94,102.7,109.4,109.4
Buche,15,339,12-05,77.7,77.7,87.1,95,103.8,109.6,109.6
Buche,15,340,12-06,78.9,78.9,88.1,95.6,104.0,109.7,109.7
Buche,15,341,12-07,80.0,80.0,89.1,96,104.2,110.0,110.0
Buche,15,342,12-08,81.2,81.2,90.1,95.9,104.4,110.0,110.0
Buche,15,343,12-09,82.4,82.4,91.0,95.9,104.3,110.0,110.0
Buche,15,344,12-10,83.8,83.8,91.4,96.3,104.3,109.8,109.8
Buche,15,345,12-11,85.2,85.2,91.9,96.5,104.3,110.4,110.4
Buche,15,346,12-12,86.1,86.1,92.5,96.8,104.4,111.0,111.0
Buche,15,347,12-13,87.1,87.1,93.1,96.8,104.3,111.4,111.4
Buche,15,348,12-14,88.2,88.2,93.8,97,103.9,111.7,111.7
Buche,15,349,12-15,89.2,89.2,94.6,97.7,104.0,111.8,111.8
Buche,15,350,12-16,90.0,90.0,94.9,98.5,104.3,111.7,111.7
Buche,15,351,12-17,90.1,90.1,95.2,99.3,104.7,112.1,112.1
Buche,15,352,12-18,90.3,90.3,95.4,100,104.8,112.2,112.2
Buche,15,353,12-19,90.3,90.3,95.6,100.4,105.0,112.2,112.2
Buche,15,354,12-20,90.2,90.2,95.4,100.7,105.6,112.4,112.4
Buche,15,355,12-21,90.2,90.2,95.1,101.1,106.1,112.4,112.4
Buche,15,356,12-22,90.3,90.3,95.0,101.3,106.4,112.4,112.4
Buche,15,357,12-23,90.5,90.5,95.0,101.4,106.2,112.4,112.4
Buche,15,358,12-24,90.7,90.7,95.0,101.7,106.0,112.4,112.4
Buche,15,359,12-25,91.0,91.0,95.2,102,105.9,112.7,112.7
Buche,15,360,12-26,91.3,91.3,95.4,102.5,105.9,113.1,113.1
Buche,15,361,12-27,91.7,91.7,95.8,103.1,106.2,113.7,113.7
Buche,15,362,12-28,92.1,92.1,96.2,103.9,106.8,114.5,114.5
Buche,15,363,12-29,92.5,92.5,96.8,105,107.6,115.5,115.5
Buche,15,364,12-30,92.8,92.8,97.4,105.8,108.3,116.8,116.8
Buche,15,365,12-31,93.0,93.0,97.4,106.3,109.1,117.0,
Buche,30,1,01-01,76.6,84.7,95.6,99.6,108.2,111.2,117.1
Buche,30,2,01-02,76.7,84.5,95.8,99.7,108.1,111.2,117.2
Buche,30,3,01-03,77.1,84.5,96.0,99.7,108.1,111.1,117.2
Buche,30,4,01-04,77.4,84.7,96.1,99.7,108.0,111.3,117.0
Buche,30,5,01-05,77.7,84.9,96.2,99.7,107.9,111.3,117.0
Buche,30,6,01-06,77.8,85.0,96.2,99.6,107.7,111.3,116.9
Buche,30,7,01-07,78.1,85.1,96.2,99.8,107.5,111.5,117.2
Buche,30,8,01-08,78.5,85.6,96.3,99.9,107.7,111.5,117.3
Buche,30,9,01-09,78.9,86.1,96.2,100,107.7,111.5,117.3
Buche,30,10,01-10,79.2,86.5,96.2,100.1,107.7,111.6,117.2
Buche,30,11,01-11,79.6,86.9,96.5,100.2,107.7,111.9,117.3
Buche,30,12,01-12,79.9,87.2,96.4,100.2,107.8,112.3,117.3
Buche,30,13,01-13,80.2,87.5,96.5,100.2,108.0,112.3,116.9
Buche,30,14,01-14,80.6,87.9,96.6,100.2,108.0,112.2,116.4
Buche,30,15,01-15,80.8,88.3,96.6,100.2,107.8,112.0,116.2
Buche,30,16,01-16,81.1,88.8,96.6,100.2,107.6,111.9,116.1
Buche,30,17,01-17,81.3,89.2,96.5,100.2,107.4,112.1,116.4
Buche,30,18,01-18,81.4,89.6,96.3,100.2,107.3,112.3,116.8
Buche,30,19,01-19,81.6,90.0,96.3,100.4,107.4,112.4,117.0
Buche,30,20,01-20,81.7,90.4,96.3,100.5,107.5,112.4,117.0
Buche,30,21,01-21,82.3,90.7,96.3,100.5,107.3,112.4,116.8
Buche,30,22,01-22,83.0,91.4,96.4,100.7,107.3,112.6,116.8
Buche,30,23,01-23,83.5,91.9,96.3,100.9,107.4,113.0,117.0
Buche,30,24,01-24,84.0,92.1,96.2,101.3,107.6,113.2,117.1
Buche,30,25,01-25,84.4,92.3,96.1,101.6,107.8,113.4,117.1
Buche,30,26,01-26,84.9,92.5,96.2,102,108.0,113.5,117.1
Buche,30,27,01-27,85.3,92.6,96.4,102.1,108.2,113.4,116.8
Buche,30,28,01-28,85.4,92.3,96.5,102.2,108.2,113.7,116.9
Buche,30,29,01-29,85.5,92.0,96.6,102.2,108.3,113.9,117.1
Buche,30,30,01-30,85.6,91.9,96.8,102.1,108.2,113.8,117.0
Buche,30,31,01-31,85.8,92.0,96.9,102.3,108.3,113.7,116.9
Buche,30,32,02-01,85.9,92.2,97.1,102.5,108.2,113.4,116.7
Buche,30,33,02-02,86.0,92.5,97.3,102.7,108.0,113.4,116.6
Buche,30,34,02-03,86.1,92.6,97.3,102.8,107.9,113.3,116.5
Buche,30,35,02-04,86.2,92.6,97.3,102.8,107.9,113.3,116.5
Buche,30,36,02-05,86.3,92.5,97.2,102.7,107.9,113.4,116.5
Buche,30,37,02-06,86.4,92.4,97.2,102.8,108.0,113.2,116.3
Buche,30,38,02-07,86.6,92.4,97.2,102.9,108.2,113.1,116.0
Buche,30,39,02-08,87.0,92.3,97.0,103,108.3,113.0,115.8
Buche,30,40,02-09,87.4,92.2,96.8,103.1,108.3,112.9,115.4
Buche,30,41,02-10,87.3,92.2,96.5,103.2,108.3,112.7,115.0
Buche,30,42,02-11,87.1,91.9,96.3,103.2,108.3,112.4,114.5
Buche,30,43,02-12,86.8,91.7,96.2,103.1,108.2,111.9,114.1
Buche,30,44,02-13,86.5,91.5,96.2,102.8,108.1,111.5,113.9
Buche,30,45,02-14,86.2,91.4,96.1,102.7,107.9,111.2,113.9
Buche,30,46,02-15,85.9,91.3,95.8,102.4,107.8,110.8,114.0
Buche,30,47,02-16,85.6,91.2,95.4,102.1,107.6,110.5,114.0
Buche,30,48,02-17,85.3,91.2,95.1,101.8,107.4,110.2,113.5
Buche,30,49,02-18,85.0,91.1,94.9,101.6,107.2,110.0,113.5
Buche,30,50,02-19,84.9,90.8,94.6,101.4,107.0,109.9,113.7
Buche,30,51,02-20,84.9,90.6,94.4,101.1,106.8,109.9,113.9
Buche,30,52,02-21,84.9,90.1,94.2,100.9,106.6,109.9,114.2
Buche,30,53,02-22,84.9,89.6,93.9,100.9,106.7,109.8,114.4
Buche,30,54,02-23,85.0,89.1,93.7,100.8,106.7,109.8,114.5
Buche,30,55,02-24,85.0,88.7,93.6,100.9,106.7,109.7,114.5
Buche,30,56,02-25,85.1,88.4,93.6,100.9,106.7,109.6,114.4
Buche,30,57,02-26,85.1,88.3,93.7,100.9,106.4,109.4,114.2
Buche,30,58,02-27,85.4,88.2,93.9,100.7,106.1,109.1,114.0
Buche,30,59,02-28,85.5,88.2,94.0,100.5,105.8,109.1,113.8
Buche,30,60,03-01,85.5,88.4,94.1,100.2,105.5,109.0,113.7
Buche,30,61,03-02,85.5,88.5,94.2,100,105.2,108.9,113.6
Buche,30,62,03-03,85.7,88.6,94.2,99.7,104.9,108.8,113.5
Buche,30,63,03-04,85.9,88.8,94.2,99.4,104.6,108.8,113.5
Buche,30,64,03-05,86.2,88.8,94.1,99.4,104.5,108.6,113.2
Buche,30,65,03-06,86.4,89.0,94.3,99.3,104.5,108.5,113.1
Buche,30,66,03-07,86.7,89.1,94.6,99.3,104.3,108.6,112.8
Buche,30,67,03-08,87.0,89.1,94.8,99.3,104.1,108.6,112.6
Buche,30,68,03-09,87.3,89.6,95.1,99.3,104.1,108.5,112.4
Buche,30,69,03-10,87.6,89.9,95.1,99.3,104.0,108.2,112.0
Buche,30,70,03-11,87.7,90.2,95.1,99.2,103.9,108.1,111.4
Buche,30,71,03-12,87.7,90.4,95.1,99.2,103.8,107.8,110.9
Buche,30,72,03-13,87.7,90.6,95.0,99,103.8,107.6,110.4
Buche,30,73,03-14,87.8,90.8,94.8,98.8,103.5,107.4,110.0
Buche,30,74,03-15,87.9,91.0,94.7,98.5,103.3,107.2,109.6
Buche,30,75,03-16,88.0,91.1,94.7,98.2,103.0,106.8,109.3
Buche,30,76,03-17,88.1,91.0,94.6,98.1,102.7,106.4,109.0
Buche,30,77,03-18,88.1,90.8,94.4,98,102.6,106.3,108.8
Buche,30,78,03-19,87.9,90.5,94.2,97.9,102.6,106.2,108.8
Buche,30,79,03-20,87.6,90.1,94.0,97.8,102.7,106.0,108.6
Buche,30,80,03-21,87.3,89.7,93.8,97.9,102.8,105.9,108.4
Buche,30,81,03-22,87.0,89.3,93.7,98.1,103.0,105.9,108.9
Buche,30,82,03-23,86.6,88.7,93.6,98.1,103.3,106.4,109.4
Buche,30,83,03-24,86.1,88.6,93.6,98.2,103.3,106.8,109.7
Buche,30,84,03-25,85.8,88.6,93.6,98.1,103.2,107.3,110.1
Buche,30,85,03-26,85.8,88.7,93.3,98,102.9,107.8,110.3
Buche,30,86,03-27,85.9,88.7,93.1,97.9,102.9,108.2,110.6
Buche,30,87,03-28,85.8,88.7,92.8,97.7,102.8,108.4,110.8
Buche,30,88,03-29,85.8,88.3,92.4,97.6,102.4,108.5,111.2
Buche,30,89,03-30,85.7,88.0,92.1,97.5,102.1,108.7,111.9
Buche,30,90,03-31,85.6,87.6,91.8,97.4,101.8,108.7,112.3
Buche,30,91,04-01,85.5,87.3,91.5,97.1,101.6,108.7,112.6
Buche,30,92,04-02,85.3,86.9,91.3,96.9,101.6,108.7,112.7
Buche,30,93,04-03,85.1,86.6,91.1,96.9,101.7,108.9,112.8
Buche,30,94,04-04,84.7,86.2,90.8,96.8,101.7,109.1,112.9
Buche,30,95,04-05,84.3,85.9,90.6,96.8,101.7,109.3,113.1
Buche,30,96,04-06,83.9,85.6,90.1,96.5,102.0,109.5,113.4
Buche,30,97,04-07,83.7,85.4,89.7,96.5,102.1,109.9,113.8
Buche,30,98,04-08,83.6,85.4,89.5,96.3,102.1,110.0,113.8
Buche,30,99,04-09,83.5,85.5,89.4,96.3,102.0,110.0,113.7
Buche,30,100,04-10,83.4,85.6,89.3,96.1,101.9,109.9,113.6
Buche,30,101,04-11,83.3,85.7,89.2,95.9,101.6,109.5,112.9
Buche,30,102,04-12,83.2,85.7,89.1,95.7,101.3,109.0,112.2
Buche,30,103,04-13,83.0,85.2,88.8,95.5,101.0,108.3,111.6
Buche,30,104,04-14,82.6,84.7,88.5,95.3,100.9,107.6,111.7
Buche,30,105,04-15,81.9,84.0,88.3,95.1,100.9,106.8,111.8
Buche,30,106,04-16,81.2,83.2,88.0,94.8,100.6,106.4,112.1
Buche,30,107,04-17,80.6,82.7,87.9,94.8,100.7,106.1,112.3
Buche,30,108,04-18,80.1,82.5,87.8,94.7,101.1,106.0,112.0
Buche,30,109,04-19,79.6,82.3,87.8,94.7,101.5,106.0,111.3
Buche,30,110,04-20,79.3,82.1,87.8,94.7,101.9,105.9,110.9
Buche,30,111,04-21,79.0,81.9,87.8,95,102.2,105.9,110.6
Buche,30,112,04-22,78.9,81.7,87.6,95.3,102.4,106.5,111.1
Buche,30,113,04-23,78.7,81.5,87.4,95.4,102.6,106.9,111.7
Buche,30,114,04-24,78.5,81.4,87.3,95.5,102.9,107.1,112.2
Buche,30,115,04-25,78.3,81.5,87.1,95.5,103.3,107.6,112.7
Buche,30,116,04-26,78.0,81.6,87.4,95.6,103.4,108.0,112.9
Buche,30,117,04-27,77.5,81.6,87.5,95.5,103.6,108.1,113.2
Buche,30,118,04-28,76.8,81.6,87.6,95.3,103.7,108.3,113.7
Buche,30,119,04-29,76.0,81.4,87.3,95.3,104.0,108.6,114.1
Buche,30,120,04-30,75.1,81.2,87.1,95.6,104.3,109.0,114.5
Buche,30,121,05-01,74.4,80.9,86.8,95.7,104.6,109.5,114.9
Buche,30,122,05-02,73.6,80.6,86.5,95.7,105.1,109.8,115.7
Buche,30,123,05-03,72.8,80.2,86.2,95.9,105.5,110.3,116.4
Buche,30,124,05-04,72.1,79.8,85.8,96,105.6,110.6,116.0
Buche,30,125,05-05,71.6,79.3,85.4,96,105.8,111.1,115.8
Buche,30,126,05-06,71.1,78.9,85.2,96.2,106.3,111.4,115.5
Buche,30,127,05-07,70.7,79.2,85.3,96.4,106.6,111.5,115.2
Buche,30,128,05-08,70.1,79.2,85.3,96.5,106.7,111.6,115.2
Buche,30,129,05-09,69.4,79.2,85.1,96.6,106.8,111.5,115.1
Buche,30,130,05-10,68.6,79.2,84.9,96.7,106.7,111.6,115.1
Buche,30,131,05-11,67.7,79.1,84.6,96.5,106.6,111.5,115.0
Buche,30,132,05-12,66.6,78.8,84.1,96.2,106.4,110.9,114.3
Buche,30,133,05-13,65.6,78.4,83.6,96,106.1,110.2,113.5
Buche,30,134,05-14,64.4,77.9,83.0,95.8,105.7,109.8,112.7
Buche,30,135,05-15,63.3,77.1,82.2,95.8,105.3,109.1,112.1
Buche,30,136,05-16,62.1,76.1,81.0,95.9,105.0,108.4,112.3
Buche,30,137,05-17,61.0,74.8,79.8,95.9,104.7,108.1,112.1
Buche,30,138,05-18,59.9,73.2,78.5,96.2,104.5,107.6,111.9
Buche,30,139,05-19,58.9,71.5,77.3,96.1,104.4,107.5,111.7
Buche,30,140,05-20,57.8,69.8,76.2,96,104.4,107.3,111.9
Buche,30,141,05-21,56.7,68.0,75.1,96.1,104.4,107.2,112.3
Buche,30,142,05-22,55.5,66.7,73.9,96.2,104.3,107.5,112.1
Buche,30,143,05-23,54.2,65.3,72.6,96.2,104.5,107.4,112.0
Buche,30,144,05-24,52.7,63.9,71.3,96.3,104.7,107.3,111.8
Buche,30,145,05-25,51.1,62.5,69.9,96.3,104.7,107.0,111.6
Buche,30,146,05-26,49.2,61.0,68.6,96.2,104.2,106.5,111.4
Buche,30,147,05-27,47.2,59.0,67.4,96,103.6,106.2,111.2
Buche,30,148,05-28,45.2,57.0,66.4,95.7,103.3,106.2,111.6
Buche,30,149,05-29,43.3,54.8,65.9,95.3,103.4,106.2,112.5
Buche,30,150,05-30,41.3,52.8,65.6,95,104.0,106.6,113.1
Buche,30,151,05-31,39.3,50.9,65.4,94.7,104.3,107.1,113.5
Buche,30,152,06-01,37.3,49.2,65.2,94.4,104.3,107.5,113.9
Buche,30,153,06-02,35.4,47.6,65.3,94.1,104.6,107.9,114.3
Buche,30,154,06-03,33.5,46.1,65.5,93.6,104.8,108.0,114.8
Buche,30,155,06-04,31.7,45.2,65.6,93.1,104.9,108.1,115.4
Buche,30,156,06-05,30.0,44.3,65.8,92.5,104.8,108.1,114.9
Buche,30,157,06-06,28.3,43.5,66.0,92,104.5,108.0,114.7
Buche,30,158,06-07,26.6,43.6,66.2,91.2,104.1,108.2,114.8
Buche,30,159,06-08,25.0,43.6,66.8,90.5,103.6,107.8,114.9
Buche,30,160,06-09,23.4,43.6,67.3,89.6,103.2,107.5,114.7
Buche,30,161,06-10,21.9,43.5,67.7,88.5,102.7,107.4,114.0
Buche,30,162,06-11,20.9,43.0,68.2,87.6,102.2,106.8,113.4
Buche,30,163,06-12,19.7,42.6,68.9,86.9,101.6,106.9,113.6
Buche,30,164,06-13,18.5,42.3,69.5,86.3,101.1,107.3,114.1
Buche,30,165,06-14,17.4,42.3,70.1,85.4,100.8,107.9,114.6
Buche,30,166,06-15,16.4,42.4,70.4,84.6,100.9,108.6,115.1
Buche,30,167,06-16,15.4,42.1,70.4,83.9,100.8,108.8,115.4
Buche,30,168,06-17,14.5,42.3,70.1,83.3,100.8,108.9,115.3
Buche,30,169,06-18,13.6,42.4,69.1,82.8,100.4,109.0,115.1
Buche,30,170,06-19,12.8,42.3,67.8,81.9,99.4,109.2,115.4
Buche,30,171,06-20,12.9,42.3,67.0,81.3,98.7,109.4,115.9
Buche,30,172,06-21,13.2,43.1,66.6,81.4,98.2,109.7,116.4
Buche,30,173,06-22,13.3,43.6,65.8,81.3,97.5,110.1,116.6
Buche,30,174,06-23,13.3,44.1,65.1,80.7,96.9,110.4,117.1
Buche,30,175,06-24,13.1,44.1,64.6,80.3,96.5,110.7,117.5
Buche,30,176,06-25,13.0,44.4,64.1,79.9,96.1,111.0,117.8
Buche,30,177,06-26,12.7,44.5,63.4,79.1,95.6,110.9,118.1
Buche,30,178,06-27,12.5,44.0,62.8,78.6,95.6,111.1,118.2
Buche,30,179,06-28,12.3,43.6,61.5,78.3,95.3,111.8,118.5
Buche,30,180,06-29,12.0,43.2,60.1,78,94.8,112.4,119.0
Buche,30,181,06-30,11.7,42.8,58.6,77.5,94.0,112.8,119.6
Buche,30,182,07-01,11.6,42.4,57.1,76.7,93.6,113.1,119.9
Buche,30,183,07-02,12.4,42.3,56.1,75.7,93.1,113.0,120.1
Buche,30,184,07-03,13.1,41.7,55.0,74.7,92.6,112.8,119.8
Buche,30,185,07-04,13.6,41.0,54.0,74,92.1,112.7,119.5
Buche,30,186,07-05,13.9,40.0,52.8,73,91.3,112.7,119.3
Buche,30,187,07-06,14.5,39.3,51.8,71.7,90.6,112.6,119.3
Buche,30,188,07-07,15.2,38.1,50.4,70.4,89.4,112.4,119.0
Buche,30,189,07-08,15.8,37.0,49.2,69.2,88.2,112.4,118.5
Buche,30,190,07-09,16.3,35.9,48.1,67.9,87.1,111.7,117.7
Buche,30,191,07-10,15.7,34.7,46.5,66.3,87.4,110.9,116.8
Buche,30,192,07-11,15.0,32.8,45.1,64.5,87.3,110.4,116.1
Buche,30,193,07-12,14.4,31.1,43.7,63.3,87.4,109.8,116.6
Buche,30,194,07-13,14.0,29.7,42.2,62.3,87.3,109.3,116.3
Buche,30,195,07-14,13.7,28.4,40.7,61.2,87.0,108.8,115.6
Buche,30,196,07-15,13.5,26.9,39.1,60,86.9,108.4,114.9
Buche,30,197,07-16,13.4,25.4,38.1,59,87.1,108.2,114.4
Buche,30,198,07-17,13.3,24.0,37.0,58.6,87.2,108.0,113.9
Buche,30,199,07-18,13.3,22.7,36.3,58,87.5,107.6,113.4
Buche,30,200,07-19,13.4,21.6,35.6,58.5,88.0,107.1,113.4
Buche,30,201,07-20,13.9,21.0,35.1,58.4,88.4,106.4,113.9
Buche,30,202,07-21,13.9,20.4,34.4,58.5,88.4,105.7,114.3
Buche,30,203,07-22,13.3,19.7,33.3,58.6,88.3,105.0,113.7
Buche,30,204,07-23,12.9,19.5,33.3,58.4,88.3,104.3,113.6
Buche,30,205,07-24,12.8,19.3,32.6,58.1,88.5,103.3,113.6
Buche,30,206,07-25,12.7,19.2,31.8,57.8,88.8,102.4,113.5
Buche,30,207,07-26,12.2,18.9,30.7,58,89.1,101.7,113.3
Buche,30,208,07-27,11.6,18.7,30.1,57.9,89.4,101.0,112.9
Buche,30,209,07-28,11.0,18.7,29.5,58.7,90.1,100.1,112.6
Buche,30,210,07-29,10.6,18.5,29.0,59.6,91.0,99.7,112.6
Buche,30,211,07-30,10.3,18.4,28.6,60.6,90.5,99.0,112.5
Buche,30,212,07-31,10.1,18.4,27.8,61.4,90.1,98.5,112.5
Buche,30,213,08-01,9.9,18.1,26.9,61.5,89.4,97.9,111.5
Buche,30,214,08-02,9.7,17.8,26.5,61.8,88.8,98.0,111.1
Buche,30,215,08-03,9.5,17.3,26.3,62,88.2,98.0,111.0
Buche,30,216,08-04,9.3,17.0,26.3,62.1,87.6,98.0,111.2
Buche,30,217,08-05,9.6,16.8,25.9,62.5,86.8,97.5,111.8
Buche,30,218,08-06,9.8,16.6,26.3,62.3,85.7,97.1,112.4
Buche,30,219,08-07,10.0,16.7,25.7,62,84.7,96.6,112.5
Buche,30,220,08-08,10.1,16.6,25.9,61,83.4,96.3,111.8
Buche,30,221,08-09,9.8,16.0,26.5,60.7,82.4,96.6,110.7
Buche,30,222,08-10,9.5,15.7,27.2,60.3,81.5,96.7,109.9
Buche,30,223,08-11,9.2,15.1,27.9,59.8,80.9,96.7,109.4
Buche,30,224,08-12,8.7,14.4,27.0,59.3,80.1,96.5,108.9
Buche,30,225,08-13,8.4,13.8,26.7,58.9,79.1,96.0,107.9
Buche,30,226,08-14,8.1,13.3,26.5,59.2,78.1,95.6,107.1
Buche,30,227,08-15,8.0,13.0,27.1,59.6,77.9,95.4,106.4
Buche,30,228,08-16,7.9,12.4,27.9,59.7,77.6,94.9,107.3
Buche,30,229,08-17,7.8,12.4,28.5,58.7,76.8,94.2,108.3
Buche,30,230,08-18,7.7,12.5,29.2,57.5,75.9,93.2,108.8
Buche,30,231,08-19,7.7,12.4,29.8,56.4,75.0,92.5,109.2
Buche,30,232,08-20,7.6,12.2,30.2,55.6,74.5,91.8,109.4
Buche,30,233,08-21,8.0,12.4,30.6,54.9,74.3,91.8,110.4
Buche,30,234,08-22,8.3,12.3,31.1,54.3,74.2,91.4,111.2
Buche,30,235,08-23,8.6,12.2,31.0,53.7,74.2,91.3,111.7
Buche,30,236,08-24,8.9,12.0,30.6,53.3,74.1,91.3,111.9
Buche,30,237,08-25,8.8,12.3,31.1,52.7,74.0,91.4,111.4
Buche,30,238,08-26,8.6,12.5,30.2,52.4,74.2,91.2,111.0
Buche,30,239,08-27,8.3,12.4,30.1,51.8,73.7,90.9,110.8
Buche,30,240,08-28,8.1,12.4,29.3,50.7,73.6,90.5,110.6
Buche,30,241,08-29,8.0,12.4,28.2,49.7,73.4,89.7,110.5
Buche,30,242,08-30,7.8,12.4,27.0,49.1,73.4,89.2,110.3
Buche,30,243,08-31,7.8,12.4,25.7,48,73.6,88.9,110.2
Buche,30,244,09-01,7.8,12.4,25.0,48.2,73.8,88.9,110.1
Buche,30,245,09-02,7.8,12.3,24.4,48.6,73.9,89.2,110.5
Buche,30,246,09-03,7.7,12.3,24.1,47.7,74.4,89.5,111.7
Buche,30,247,09-04,7.7,12.4,23.8,46.6,73.8,90.1,112.8
Buche,30,248,09-05,7.6,12.6,22.5,46.3,73.4,91.0,112.3
Buche,30,249,09-06,7.6,12.1,21.5,46.7,73.1,92.0,111.5
Buche,30,250,09-07,7.6,11.6,21.4,47,72.9,92.9,111.1
Buche,30,251,09-08,7.6,11.2,21.6,47.8,72.7,94.0,110.7
Buche,30,252,09-09,7.6,10.9,21.6,47.7,72.2,95.1,110.3
Buche,30,253,09-10,7.3,10.4,21.6,47.7,71.5,95.5,109.0
Buche,30,254,09-11,7.0,10.0,21.2,47.4,70.5,95.7,109.1
Buche,30,255,09-12,6.7,9.8,21.4,47.1,69.6,95.6,109.5
Buche,30,256,09-13,6.5,9.9,21.7,46.6,68.8,95.4,109.7
Buche,30,257,09-14,6.4,9.4,21.2,46,68.0,95.3,109.8
Buche,30,258,09-15,6.4,9.2,21.0,45,67.8,95.3,109.9
Buche,30,259,09-16,6.3,9.0,21.1,44.4,68.2,95.4,110.1
Buche,30,260,09-17,6.3,8.8,21.3,44.4,68.2,95.3,110.2
Buche,30,261,09-18,6.0,8.6,21.6,44.5,68.3,95.2,110.4
Buche,30,262,09-19,6.0,8.5,21.8,44.2,68.2,95.0,110.6
Buche,30,263,09-20,5.7,8.3,22.0,44.5,67.7,94.7,110.8
Buche,30,264,09-21,5.5,8.1,22.3,43.7,67.2,94.6,111.1
Buche,30,265,09-22,5.2,8.0,22.5,43.5,66.7,94.4,110.9
Buche,30,266,09-23,5.1,7.9,22.7,43.4,66.5,94.7,110.0
Buche,30,267,09-24,4.8,7.4,23.1,44,66.1,94.6,109.2
Buche,30,268,09-25,4.6,7.0,24.3,43.6,66.7,94.3,108.5
Buche,30,269,09-26,4.4,6.8,25.4,43.4,67.4,94.3,107.9
Buche,30,270,09-27,4.2,6.6,25.7,43.2,68.0,94.2,107.4
Buche,30,271,09-28,3.9,6.5,25.8,43.1,68.7,94.0,107.4
Buche,30,272,09-29,3.7,6.3,26.0,43.4,69.4,93.5,107.5
Buche,30,273,09-30,3.5,6.2,26.3,43.7,70.1,93.2,107.6
Buche,30,274,10-01,3.3,6.0,26.5,44.3,70.8,93.0,106.4
Buche,30,275,10-02,3.1,5.8,26.2,44.8,71.4,92.9,105.2
Buche,30,276,10-03,2.9,5.3,25.8,45.6,72.2,93.0,104.4
Buche,30,277,10-04,2.6,5.0,25.9,46.4,72.9,93.2,103.6
Buche,30,278,10-05,2.4,4.7,26.1,47.4,73.9,93.8,103.3
Buche,30,279,10-06,2.2,4.3,26.1,48.5,74.5,94.9,104.3
Buche,30,280,10-07,2.0,4.0,26.0,49,74.9,95.9,105.5
Buche,30,281,10-08,1.8,3.7,25.9,49.4,75.5,96.9,106.3
Buche,30,282,10-09,1.7,3.5,26.0,50.1,76.3,97.7,107.0
Buche,30,283,10-10,1.5,3.4,26.3,50.8,77.3,98.6,107.5
Buche,30,284,10-11,1.4,3.4,27.8,51.6,78.5,99.4,108.0
Buche,30,285,10-12,1.2,3.3,28.7,51.7,79.8,100.2,108.5
Buche,30,286,10-13,1.1,3.3,29.5,52.3,80.4,100.3,108.7
Buche,30,287,10-14,1.0,4.1,29.6,52.1,81.7,100.5,108.9
Buche,30,288,10-15,0.9,4.9,30.1,52.8,82.1,100.8,109.2
Buche,30,289,10-16,0.8,5.6,30.7,53.2,82.5,101.0,109.5
Buche,30,290,10-17,0.7,6.4,31.1,53.7,83.0,101.2,109.8
Buche,30,291,10-18,1.6,7.4,31.5,54,83.6,101.4,109.7
Buche,30,292,10-19,2.5,8.2,32.2,54.4,84.2,101.8,109.4
Buche,30,293,10-20,3.4,9.1,33.1,55,85.2,102.1,109.3
Buche,30,294,10-21,4.3,10.8,34.0,55.4,86.4,102.4,109.3
Buche,30,295,10-22,5.2,12.1,35.0,56,87.6,102.6,109.3
Buche,30,296,10-23,6.1,13.2,36.1,56.6,88.8,102.8,109.5
Buche,30,297,10-24,7.0,14.1,37.1,57.1,90.1,103.0,109.9
Buche,30,298,10-25,7.8,14.9,38.1,57.5,90.3,103.0,109.9
Buche,30,299,10-26,8.5,15.7,39.0,58.2,91.2,102.4,108.6
Buche,30,300,10-27,9.2,16.3,40.0,59,92.2,102.3,108.1
Buche,30,301,10-28,9.8,16.9,40.9,59.8,93.1,102.5,107.8
Buche,30,302,10-29,10.5,17.5,41.8,60.4,94.1,102.8,107.6
Buche,30,303,10-30,11.1,17.9,42.5,61.2,95.0,103.3,107.6
Buche,30,304,10-31,11.7,18.4,42.1,62,95.7,103.5,108.0
Buche,30,305,11-01,12.3,18.8,42.3,63.1,96.7,103.9,108.4
Buche,30,306,11-02,12.9,19.3,42.8,64.3,97.4,104.4,108.8
Buche,30,307,11-03,13.5,19.4,43.1,65.4,97.9,104.8,109.1
Buche,30,308,11-04,14.0,19.3,42.9,66.4,98.2,105.2,109.5
Buche,30,309,11-05,14.5,19.3,42.6,67.5,98.6,105.7,109.8
Buche,30,310,11-06,15.0,19.1,42.7,68.6,99.2,106.3,110.5
Buche,30,311,11-07,14.5,18.8,42.7,69.5,99.6,106.9,111.2
Buche,30,312,11-08,14.1,18.5,42.8,70.7,100.3,107.3,111.9
Buche,30,313,11-09,13.6,18.1,42.9,71.5,100.3,107.6,112.8
Buche,30,314,11-10,13.2,18.6,44.0,72.5,100.4,108.2,113.5
Buche,30,315,11-11,12.9,19.5,45.2,73.5,100.5,109.0,114.3
Buche,30,316,11-12,12.6,20.6,46.4,74.4,101.0,109.5,114.9
Buche,30,317,11-13,12.3,21.8,47.6,75.3,101.3,110.1,115.3
Buche,30,318,11-14,12.1,23.2,48.8,76.2,101.6,110.4,115.7
Buche,30,319,11-15,11.9,24.5,50.0,77.1,101.6,110.8,116.2
Buche,30,320,11-16,12.5,26.0,51.2,77.9,101.5,110.9,115.7
Buche,30,321,11-17,14.1,28.3,52.4,78.7,101.4,110.8,115.5
Buche,30,322,11-18,15.3,29.9,53.6,79.9,101.2,110.7,115.3
Buche,30,323,11-19,16.3,31.5,54.8,81,101.3,110.5,115.9
Buche,30,324,11-20,17.8,33.1,56.1,81.9,101.3,110.5,115.5
Buche,30,325,11-21,19.4,34.9,57.5,82.7,101.1,110.4,115.2
Buche,30,326,11-22,21.1,37.6,58.9,83.5,101.1,110.1,114.9
Buche,30,327,11-23,22.7,40.1,60.7,84.3,101.1,109.8,114.8
Buche,30,328,11-24,24.5,42.7,62.8,85.2,101.3,109.6,114.6
Buche,30,329,11-25,26.5,45.5,64.7,85.7,101.6,109.4,114.4
Buche,30,330,11-26,28.9,48.4,66.4,86.5,101.6,109.1,114.0
Buche,30,331,11-27,31.6,51.1,68.1,87.2,101.5,108.8,113.6
Buche,30,332,11-28,34.2,54.3,69.8,87.8,101.5,108.6,113.3
Buche,30,333,11-29,37.6,57.6,71.9,88.6,101.7,108.5,112.6
Buche,30,334,11-30,40.6,59.2,73.1,89.1,101.9,108.1,112.2
Buche,30,335,12-01,43.0,60.8,74.2,89.8,102.2,107.7,111.8
Buche,30,336,12-02,45.8,62.4,75.4,90.6,102.2,107.6,111.5
Buche,30,337,12-03,48.3,64.0,76.5,91.4,102.3,107.4,111.2
Buche,30,338,12-04,50.7,65.6,77.6,92.2,102.5,107.2,110.9
Buche,30,339,12-05,52.9,67.2,78.7,93,102.8,107.2,110.7
Buche,30,340,12-06,54.5,68.8,79.8,93.8,103.2,107.2,110.6
Buche,30,341,12-07,55.2,69.6,80.8,94.6,103.5,107.2,110.6
Buche,30,342,12-08,56.2,71.2,81.9,94.8,103.8,107.3,110.9
Buche,30,343,12-09,58.2,72.8,82.9,94.8,103.7,107.3,110.4
Buche,30,344,12-10,60.0,74.6,83.9,95,103.4,107.2,110.8
Buche,30,345,12-11,61.1,75.9,84.8,95.3,103.4,107.3,111.0
Buche,30,346,12-12,62.6,77.0,85.7,95.6,103.7,107.4,111.2
Buche,30,347,12-13,64.2,77.8,86.3,95.9,104.2,107.8,111.3
Buche,30,348,12-14,65.7,78.5,86.9,96.3,104.4,107.9,111.4
Buche,30,349,12-15,66.9,79.2,87.5,96.9,104.6,108.2,111.4
Buche,30,350,12-16,67.9,79.7,88.0,97.3,104.7,108.4,112.1
Buche,30,351,12-17,68.6,80.4,88.6,97.7,105.1,108.8,112.6
Buche,30,352,12-18,69.3,80.6,89.0,98,105.6,109.3,113.2
Buche,30,353,12-19,69.3,80.8,88.9,98.4,105.7,109.8,113.7
Buche,30,354,12-20,69.6,81.0,88.7,98.8,106.0,110.2,114.3
Buche,30,355,12-21,70.3,81.2,88.5,99,106.3,110.5,114.6
Buche,30,356,12-22,70.3,81.4,88.4,99.1,106.3,110.5,114.9
Buche,30,357,12-23,70.8,81.6,88.4,99.2,106.3,110.7,115.3
Buche,30,358,12-24,71.5,81.8,88.4,99.4,106.3,111.0,115.7
Buche,30,359,12-25,72.3,82.1,88.5,99.3,106.2,111.1,116.1
Buche,30,360,12-26,73.3,82.4,88.6,99.3,106.2,111.3,116.6
Buche,30,361,12-27,74.3,82.8,88.8,99.2,106.3,111.5,117.0
Buche,30,362,12-28,75.5,83.2,88.9,99.5,106.4,111.7,117.0
Buche,30,363,12-29,75.8,83.7,89.3,100.1,106.7,112.0,117.0
Buche,30,364,12-30,75.8,84.0,89.7,100.8,107.3,112.2,116.7
Buche,30,365,12-31,76.6,84.7,90.0,101.1,107.6,112.5,
Buche,60,1,01-01,67.0,78.8,89.7,96.3,101.0,104.3,107.3
Buche,60,2,01-02,67.9,79.3,89.7,96.4,100.8,104.5,107.5
Buche,60,3,01-03,68.8,79.9,89.8,96.4,100.8,104.6,107.5
Buche,60,4,01-04,69.6,80.3,89.9,96.4,100.8,104.8,107.5
Buche,60,5,01-05,70.4,80.7,89.9,96.4,100.8,104.9,107.5
Buche,60,6,01-06,71.0,81.0,89.9,96.4,100.8,105.0,107.5
Buche,60,7,01-07,71.6,81.3,90.1,96.4,100.8,105.2,107.7
Buche,60,8,01-08,72.1,81.5,90.3,96.4,100.8,105.3,107.9
Buche,60,9,01-09,72.6,81.7,90.5,96.5,100.8,105.3,107.9
Buche,60,10,01-10,73.0,81.9,90.6,96.5,100.9,105.4,107.9
Buche,60,11,01-11,74.2,82.4,91.0,96.5,100.9,105.5,108.0
Buche,60,12,01-12,75.4,82.9,91.3,96.5,101.1,105.7,108.1
Buche,60,13,01-13,76.6,83.4,91.5,96.4,101.2,105.9,107.9
Buche,60,14,01-14,77.7,83.8,91.7,96.4,101.3,105.9,107.7
Buche,60,15,01-15,78.8,84.3,91.9,96.3,101.2,105.9,107.7
Buche,60,16,01-16,79.3,84.8,92.2,96.4,101.2,106.0,108.0
Buche,60,17,01-17,79.5,85.2,92.5,96.5,101.2,106.3,108.4
Buche,60,18,01-18,79.7,85.5,92.7,96.6,101.5,106.6,108.8
Buche,60,19,01-19,79.9,85.5,92.8,96.7,101.9,106.8,109.1
Buche,60,20,01-20,80.2,85.4,92.9,96.8,102.2,107.1,109.1
Buche,60,21,01-21,80.5,85.4,93.0,96.8,102.4,107.3,109.0
Buche,60,22,01-22,80.8,85.4,93.1,96.9,102.7,107.3,108.9
Buche,60,23,01-23,81.1,85.4,93.2,97.1,103.0,107.4,109.1
Buche,60,24,01-24,81.3,85.8,93.4,97.3,103.2,107.5,109.2
Buche,60,25,01-25,81.5,86.1,93.6,97.5,103.4,107.6,109.3
Buche,60,26,01-26,81.7,86.5,93.9,97.7,103.6,107.6,109.3
Buche,60,27,01-27,81.9,86.8,94.1,98,103.8,107.4,109.1
Buche,60,28,01-28,82.1,87.2,94.2,98.3,104.1,107.5,109.0
Buche,60,29,01-29,82.3,87.5,94.4,98.4,104.2,107.5,109.1
Buche,60,30,01-30,82.5,87.8,94.4,98.5,104.3,107.5,109.1
Buche,60,31,01-31,82.7,88.1,94.5,98.7,104.4,107.5,109.1
Buche,60,32,02-01,82.9,88.4,94.7,98.9,104.4,107.4,109.1
Buche,60,33,02-02,83.1,88.8,94.8,99.1,104.4,107.3,109.0
Buche,60,34,02-03,83.3,89.3,94.9,99.1,104.4,107.3,109.0
Buche,60,35,02-04,83.4,89.7,94.9,99.2,104.6,107.3,108.9
Buche,60,36,02-05,83.6,90.1,94.9,99.3,104.6,107.2,108.6
Buche,60,37,02-06,83.8,90.5,94.8,99.3,104.7,106.9,108.3
Buche,60,38,02-07,84.0,90.9,94.8,99.4,104.6,106.8,108.1
Buche,60,39,02-08,84.2,91.3,94.8,99.5,104.4,106.6,108.0
Buche,60,40,02-09,84.3,91.3,94.8,99.5,104.3,106.3,107.9
Buche,60,41,02-10,84.4,91.3,95.0,99.6,104.2,106.1,107.7
Buche,60,42,02-11,84.3,91.4,95.1,99.6,104.1,105.9,107.6
Buche,60,43,02-12,84.2,91.5,95.3,99.6,103.9,105.6,107.3
Buche,60,44,02-13,84.0,91.3,95.5,99.5,103.7,105.3,107.1
Buche,60,45,02-14,83.9,91.1,95.6,99.6,103.6,105.1,106.9
Buche,60,46,02-15,83.7,90.9,95.6,99.6,103.5,105.0,106.8
Buche,60,47,02-16,83.6,90.7,95.6,99.3,103.4,104.9,106.7
Buche,60,48,02-17,83.4,90.5,95.6,99,103.2,104.7,106.6
Buche,60,49,02-18,83.3,90.4,95.5,98.8,103.1,104.6,106.5
Buche,60,50,02-19,83.2,90.3,95.4,98.8,103.0,104.5,106.5
Buche,60,51,02-20,83.2,90.2,95.3,98.6,103.0,104.4,106.7
Buche,60,52,02-21,83.2,90.1,95.1,98.6,102.9,104.3,106.8
Buche,60,53,02-22,83.2,89.9,95.0,98.7,102.9,104.3,106.9
Buche,60,54,02-23,83.3,89.6,94.8,98.8,102.9,104.3,107.0
Buche,60,55,02-24,83.4,89.4,94.7,98.8,102.7,104.2,107.0
Buche,60,56,02-25,83.6,89.1,94.6,98.9,102.6,104.2,107.0
Buche,60,57,02-26,83.7,88.9,94.5,99,102.5,104.2,106.8
Buche,60,58,02-27,83.8,88.7,94.5,99,102.4,104.0,106.7
Buche,60,59,02-28,83.9,88.5,94.4,98.9,102.3,104.0,106.5
Buche,60,60,03-01,84.1,88.7,94.3,98.9,102.1,103.9,106.4
Buche,60,61,03-02,84.3,89.0,94.1,98.8,102.0,103.9,106.2
Buche,60,62,03-03,84.5,89.2,94.1,98.8,101.8,103.9,106.0
Buche,60,63,03-04,84.7,89.3,94.0,98.7,101.7,103.9,105.9
Buche,60,64,03-05,85.1,89.6,93.9,98.7,101.5,103.8,105.8
Buche,60,65,03-06,85.5,89.8,93.8,98.6,101.4,103.7,105.8
Buche,60,66,03-07,85.9,89.9,93.7,98.5,101.2,103.6,105.6
Buche,60,67,03-08,86.2,90.1,93.6,98.6,101.1,103.5,105.5
Buche,60,68,03-09,86.5,90.3,93.7,98.6,100.9,103.5,105.5
Buche,60,69,03-10,86.8,90.3,93.8,98.6,100.7,103.4,105.3
Buche,60,70,03-11,87.0,90.3,93.8,98.5,100.6,103.3,105.1
Buche,60,71,03-12,87.1,90.5,93.9,98.4,100.4,103.2,104.9
Buche,60,72,03-13,87.2,90.7,94.0,98.2,100.3,103.1,104.7
Buche,60,73,03-14,87.3,90.9,94.1,98.1,100.0,102.9,104.5
Buche,60,74,03-15,87.3,91.1,94.1,97.9,99.8,102.7,104.4
Buche,60,75,03-16,87.3,91.3,94.2,97.7,99.6,102.5,104.3
Buche,60,76,03-17,87.2,91.5,94.3,97.6,99.3,102.2,104.2
Buche,60,77,03-18,87.1,91.7,94.4,97.4,99.2,102.0,104.2
Buche,60,78,03-19,87.0,91.8,94.5,97.3,99.0,102.0,104.1
Buche,60,79,03-20,87.0,91.9,94.6,97.2,98.9,101.9,104.1
Buche,60,80,03-21,86.9,92.0,94.8,97.1,98.9,101.8,104.0
Buche,60,81,03-22,86.7,92.0,94.9,97.1,98.8,101.7,104.0
Buche,60,82,03-23,86.6,92.0,94.9,97.1,98.8,101.6,104.2
Buche,60,83,03-24,86.8,92.1,94.9,97,98.8,101.7,104.3
Buche,60,84,03-25,86.8,92.1,94.8,96.9,98.7,101.9,104.5
Buche,60,85,03-26,86.8,92.1,94.8,96.8,98.6,102.2,104.7
Buche,60,86,03-27,86.7,92.1,94.8,96.8,98.7,102.4,105.0
Buche,60,87,03-28,86.7,92.2,94.8,96.7,98.8,102.7,105.1
Buche,60,88,03-29,86.8,92.3,94.6,96.7,98.9,102.8,105.2
Buche,60,89,03-30,86.8,92.3,94.5,96.6,98.9,103.0,105.5
Buche,60,90,03-31,86.9,92.4,94.3,96.6,99.0,103.1,105.7
Buche,60,91,04-01,86.9,92.3,94.1,96.6,99.1,103.1,105.7
Buche,60,92,04-02,87.0,92.2,94.0,96.6,99.2,103.2,105.8
Buche,60,93,04-03,87.0,92.1,93.8,96.6,99.4,103.4,105.9
Buche,60,94,04-04,87.1,91.9,93.7,96.7,99.7,103.6,105.9
Buche,60,95,04-05,87.1,91.8,93.5,96.8,99.9,103.8,106.0
Buche,60,96,04-06,87.0,91.5,93.3,96.9,100.1,104.1,106.0
Buche,60,97,04-07,86.9,91.4,93.1,97,100.4,104.3,106.2
Buche,60,98,04-08,86.8,91.3,93.1,97.1,100.6,104.4,106.2
Buche,60,99,04-09,86.7,91.2,93.1,97.1,100.7,104.4,106.3
Buche,60,100,04-10,86.6,91.1,93.1,97.3,100.8,104.5,106.3
Buche,60,101,04-11,86.6,91.0,93.2,97.3,100.8,104.6,106.4
Buche,60,102,04-12,86.5,90.9,93.3,97.4,100.9,104.6,106.2
Buche,60,103,04-13,86.1,90.6,93.4,97.4,100.9,104.5,106.1
Buche,60,104,04-14,85.8,90.2,93.5,97.5,101.0,104.4,106.1
Buche,60,105,04-15,85.4,89.9,93.5,97.5,101.0,104.2,106.2
Buche,60,106,04-16,85.0,89.5,93.5,97.5,101.1,104.0,106.4
Buche,60,107,04-17,84.7,89.1,93.5,97.5,101.1,103.8,106.5
Buche,60,108,04-18,84.3,89.0,93.5,97.6,101.2,103.8,106.6
Buche,60,109,04-19,84.0,88.7,93.5,97.7,101.3,103.7,106.4
Buche,60,110,04-20,83.7,88.5,93.6,97.8,101.3,103.6,106.3
Buche,60,111,04-21,83.4,88.2,93.6,97.9,101.3,103.6,106.3
Buche,60,112,04-22,83.0,87.8,93.7,98,101.5,103.7,106.4
Buche,60,113,04-23,82.7,87.5,93.8,98,101.6,104.0,106.6
Buche,60,114,04-24,82.4,87.1,93.8,98,101.8,104.2,106.9
Buche,60,115,04-25,82.1,86.6,93.9,97.9,101.9,104.4,107.1
Buche,60,116,04-26,81.9,86.3,93.9,97.8,102.0,104.5,107.4
Buche,60,117,04-27,81.6,85.8,93.9,97.7,102.1,104.6,107.7
Buche,60,118,04-28,81.3,85.4,93.6,97.6,102.1,104.7,108.0
Buche,60,119,04-29,80.8,85.1,93.4,97.4,102.1,104.8,108.3
Buche,60,120,04-30,80.3,84.9,93.1,97.3,102.1,104.9,108.6
Buche,60,121,05-01,79.7,84.6,92.7,97.2,102.0,104.9,108.9
Buche,60,122,05-02,79.1,84.4,92.2,97,102.0,104.8,109.3
Buche,60,123,05-03,78.4,84.1,91.8,96.9,101.9,104.8,109.7
Buche,60,124,05-04,77.7,83.7,91.4,96.7,101.7,104.7,109.9
Buche,60,125,05-05,77.4,83.3,91.0,96.5,101.6,104.6,109.8
Buche,60,126,05-06,77.2,83.3,90.7,96.5,101.5,104.4,109.7
Buche,60,127,05-07,77.3,83.3,90.3,96.4,101.4,104.3,109.6
Buche,60,128,05-08,77.3,83.1,90.0,96.2,101.3,104.3,109.5
Buche,60,129,05-09,77.3,82.9,89.6,95.9,101.2,104.2,109.5
Buche,60,130,05-10,77.3,82.7,89.2,95.7,101.1,104.0,109.5
Buche,60,131,05-11,77.1,82.4,88.7,95.5,100.9,103.8,109.5
Buche,60,132,05-12,76.8,82.0,88.2,95.2,100.5,103.6,109.3
Buche,60,133,05-13,76.6,81.7,87.5,94.9,100.0,103.2,109.1
Buche,60,134,05-14,76.3,81.4,86.8,94.4,99.4,102.8,108.8
Buche,60,135,05-15,76.0,81.1,86.1,93.7,98.7,102.4,108.5
Buche,60,136,05-16,75.7,80.9,85.4,93.1,98.2,102.0,108.1
Buche,60,137,05-17,75.4,80.5,84.5,92.4,97.8,101.6,107.7
Buche,60,138,05-18,75.1,80.0,83.6,91.7,97.5,101.3,107.2
Buche,60,139,05-19,74.7,79.3,82.6,91,97.3,101.2,106.9
Buche,60,140,05-20,74.2,78.5,81.5,90.5,97.3,101.1,106.6
Buche,60,141,05-21,73.5,77.6,80.4,89.9,97.4,101.0,106.8
Buche,60,142,05-22,72.7,76.5,79.2,89.3,97.4,101.4,106.7
Buche,60,143,05-23,71.8,75.4,78.0,88.7,97.4,101.6,106.6
Buche,60,144,05-24,70.6,74.2,76.8,87.9,97.5,101.7,106.5
Buche,60,145,05-25,69.1,73.0,75.5,87.2,97.7,101.7,106.2
Buche,60,146,05-26,67.2,71.6,74.2,86.6,97.7,101.8,105.9
Buche,60,147,05-27,64.8,70.2,72.8,85.9,97.8,101.8,105.6
Buche,60,148,05-28,62.3,68.9,71.4,85.3,97.6,101.4,105.6
Buche,60,149,05-29,59.8,67.7,70.2,84.7,97.3,101.3,105.6
Buche,60,150,05-30,57.3,66.7,69.2,84.1,97.0,101.7,105.9
Buche,60,151,05-31,54.7,65.6,68.1,83.4,96.8,101.8,106.2
Buche,60,152,06-01,52.2,64.7,67.0,82.7,96.6,101.7,106.5
Buche,60,153,06-02,49.5,63.8,66.0,82.1,96.3,101.8,106.8
Buche,60,154,06-03,46.8,62.7,65.0,81.7,96.1,102.0,107.0
Buche,60,155,06-04,44.1,61.7,64.0,81.4,95.8,102.2,107.2
Buche,60,156,06-05,41.4,60.5,63.0,80.9,95.4,102.6,107.3
Buche,60,157,06-06,38.6,59.3,62.1,80.7,94.8,102.8,107.4
Buche,60,158,06-07,36.0,58.0,61.5,80.4,94.1,102.9,107.4
Buche,60,159,06-08,33.4,56.7,61.4,80.2,93.4,102.8,107.5
Buche,60,160,06-09,31.0,55.4,61.3,79.6,92.5,102.5,107.6
Buche,60,161,06-10,28.8,54.0,61.2,79.1,91.7,102.3,107.1
Buche,60,162,06-11,26.8,52.7,61.2,78.6,90.9,101.8,106.5
Buche,60,163,06-12,24.9,51.4,61.3,78.3,90.2,101.4,106.0
Buche,60,164,06-13,23.1,50.3,61.5,78.2,89.5,100.9,105.7
Buche,60,165,06-14,21.5,49.1,61.1,77.9,88.6,100.4,106.2
Buche,60,166,06-15,20.1,47.9,60.8,77.4,87.6,100.7,106.9
Buche,60,167,06-16,18.7,46.5,60.6,77,86.6,100.8,107.5
Buche,60,168,06-17,17.5,45.0,61.0,76.6,85.8,100.9,107.8
Buche,60,169,06-18,16.3,43.5,61.2,76,85.1,100.8,107.9
Buche,60,170,06-19,15.2,42.0,61.4,75.5,84.7,100.4,108.3
Buche,60,171,06-20,14.4,40.6,61.5,75,84.3,100.4,108.6
Buche,60,172,06-21,13.7,39.9,61.5,74.4,83.9,100.5,109.0
Buche,60,173,06-22,13.1,39.2,61.4,73.7,83.7,100.6,109.3
Buche,60,174,06-23,12.6,38.6,61.2,72.9,83.6,100.7,109.6
Buche,60,175,06-24,12.1,37.9,61.0,72.4,83.4,100.8,109.8
Buche,60,176,06-25,11.6,37.3,60.6,71.9,83.1,100.9,110.1
Buche,60,177,06-26,11.2,37.0,60.1,71.3,82.7,101.0,110.5
Buche,60,178,06-27,10.7,36.7,59.9,71,82.9,101.2,110.8
Buche,60,179,06-28,10.3,36.6,59.1,70.5,83.5,101.4,111.2
Buche,60,180,06-29,10.0,36.5,58.4,69.9,84.3,101.7,111.6
Buche,60,181,06-30,9.6,36.5,57.6,69.4,84.8,102.0,112.2
Buche,60,182,07-01,9.3,36.4,56.7,68.8,85.2,102.1,112.9
Buche,60,183,07-02,10.0,36.3,55.5,67.9,85.6,102.4,113.5
Buche,60,184,07-03,10.2,36.1,54.3,66.8,85.4,102.6,114.0
Buche,60,185,07-04,10.3,35.8,53.6,65.9,85.3,102.9,114.1
Buche,60,186,07-05,10.3,35.5,52.8,64.9,85.2,102.4,114.0
Buche,60,187,07-06,11.0,35.7,51.9,63.7,85.0,102.1,114.0
Buche,60,188,07-07,11.6,35.3,50.2,62.6,84.6,102.1,114.2
Buche,60,189,07-08,12.0,34.8,48.5,61.5,84.0,102.3,114.3
Buche,60,190,07-09,12.3,34.2,46.8,60.3,83.6,102.4,113.9
Buche,60,191,07-10,12.4,33.7,45.2,59,83.0,102.3,113.4
Buche,60,192,07-11,12.2,32.7,43.7,57.7,82.3,102.3,112.9
Buche,60,193,07-12,12.1,31.8,42.2,57.3,83.0,102.1,112.3
Buche,60,194,07-13,12.0,30.7,40.9,56.8,83.5,101.7,111.8
Buche,60,195,07-14,11.8,29.6,39.7,56.2,84.1,101.3,111.2
Buche,60,196,07-15,11.7,28.5,38.6,55.5,84.8,100.8,110.6
Buche,60,197,07-16,11.6,27.2,37.9,54.7,85.6,100.4,110.0
Buche,60,198,07-17,11.5,25.8,36.7,54.3,85.9,100.0,109.5
Buche,60,199,07-18,11.5,24.6,35.9,54.2,85.7,99.7,108.8
Buche,60,200,07-19,11.6,23.9,35.0,54.3,85.5,99.5,108.3
Buche,60,201,07-20,12.3,23.4,34.3,54.3,85.5,99.2,108.1
Buche,60,202,07-21,12.8,22.7,33.3,54.4,85.6,99.0,107.6
Buche,60,203,07-22,12.2,22.0,32.4,54.7,85.5,98.6,107.0
Buche,60,204,07-23,12.2,21.5,31.9,55,85.8,98.5,106.3
Buche,60,205,07-24,12.3,20.9,31.3,55.4,85.9,98.4,105.5
Buche,60,206,07-25,12.4,20.4,30.5,55.8,86.1,98.4,104.6
Buche,60,207,07-26,11.7,19.4,29.7,56.3,86.3,98.3,103.6
Buche,60,208,07-27,11.1,19.0,29.3,56.5,86.8,98.1,102.6
Buche,60,209,07-28,10.8,18.6,29.0,57.3,87.2,97.6,101.6
Buche,60,210,07-29,10.5,18.3,28.7,58.1,87.6,97.0,100.7
Buche,60,211,07-30,10.3,17.9,28.4,59,87.9,96.4,99.7
Buche,60,212,07-31,10.1,17.2,28.0,59.9,88.5,95.7,98.8
Buche,60,213,08-01,9.9,16.5,27.7,60.1,87.8,95.0,97.9
Buche,60,214,08-02,9.8,16.1,27.4,60.2,87.0,94.3,97.6
Buche,60,215,08-03,9.7,15.9,27.0,60.3,86.3,93.6,97.2
Buche,60,216,08-04,9.5,15.6,26.5,60.4,85.7,92.8,96.7
Buche,60,217,08-05,9.7,15.5,25.8,60.7,84.9,92.1,96.1
Buche,60,218,08-06,9.9,15.4,25.2,60.3,84.2,91.3,95.8
Buche,60,219,08-07,10.1,15.3,24.2,59.8,83.4,90.4,95.3
Buche,60,220,08-08,10.3,14.7,23.8,59,82.4,89.4,94.6
Buche,60,221,08-09,9.7,13.9,23.3,58.3,81.2,88.4,93.7
Buche,60,222,08-10,9.4,13.4,23.2,57.6,80.1,87.3,93.0
Buche,60,223,08-11,9.1,13.0,23.2,56.9,79.1,86.3,92.3
Buche,60,224,08-12,8.7,12.5,22.6,56.2,78.1,85.2,91.6
Buche,60,225,08-13,8.3,12.1,22.2,55.5,77.4,84.0,90.8
Buche,60,226,08-14,8.1,11.7,22.1,55.2,76.9,82.9,89.9
Buche,60,227,08-15,8.0,11.4,22.0,54.8,76.5,82.0,89.9
Buche,60,228,08-16,7.9,11.1,22.1,55.3,76.1,81.5,90.0
Buche,60,229,08-17,7.8,11.4,22.0,55.2,75.9,81.6,90.7
Buche,60,230,08-18,7.7,11.6,21.9,55,75.3,81.6,91.1
Buche,60,231,08-19,7.6,11.9,21.8,54.7,75.0,81.6,91.6
Buche,60,232,08-20,7.6,12.0,21.7,54.5,74.4,81.3,92.0
Buche,60,233,08-21,8.0,12.3,21.7,54.5,73.9,81.1,92.9
Buche,60,234,08-22,8.3,12.3,21.6,54.6,73.6,81.1,93.4
Buche,60,235,08-23,8.6,12.4,21.6,54.7,73.3,81.3,93.9
Buche,60,236,08-24,8.9,12.4,21.5,54.7,73.0,81.6,94.6
Buche,60,237,08-25,8.7,12.6,21.6,54.8,72.8,81.8,95.3
Buche,60,238,08-26,8.4,12.6,21.6,55.2,72.6,82.1,95.6
Buche,60,239,08-27,8.2,12.5,21.6,55.4,72.3,82.5,96.1
Buche,60,240,08-28,7.9,12.5,21.3,55.7,72.1,82.9,96.6
Buche,60,241,08-29,7.7,12.5,20.9,55.9,72.0,83.3,96.6
Buche,60,242,08-30,7.4,12.4,20.5,55.8,71.9,83.8,96.8
Buche,60,243,08-31,7.4,12.5,20.2,55.6,71.9,84.2,97.1
Buche,60,244,09-01,7.4,12.5,19.7,55.5,71.9,84.6,97.3
Buche,60,245,09-02,7.3,12.5,19.3,55.5,72.0,84.9,97.8
Buche,60,246,09-03,7.3,12.5,18.9,55.1,71.9,85.2,98.6
Buche,60,247,09-04,7.3,12.4,18.5,55,72.0,85.1,98.9
Buche,60,248,09-05,7.2,12.4,17.7,54.7,72.0,84.7,99.1
Buche,60,249,09-06,7.2,11.9,17.1,54.8,71.9,83.8,98.8
Buche,60,250,09-07,7.2,11.3,16.7,54.8,71.8,83.0,98.6
Buche,60,251,09-08,7.2,10.8,17.1,55.2,71.7,82.5,98.5
Buche,60,252,09-09,7.2,10.3,17.4,55.2,71.3,82.3,98.4
Buche,60,253,09-10,6.8,9.8,17.8,54.9,70.9,82.1,97.9
Buche,60,254,09-11,6.5,9.3,18.1,54.4,70.3,81.6,97.7
Buche,60,255,09-12,6.2,9.2,18.4,54.2,69.7,80.9,98.0
Buche,60,256,09-13,6.2,9.2,18.8,53.8,69.1,80.2,98.1
Buche,60,257,09-14,6.2,9.1,19.2,53.4,68.5,79.5,98.2
Buche,60,258,09-15,6.2,9.1,19.5,52.8,68.4,78.7,98.3
Buche,60,259,09-16,6.2,9.1,19.8,52.2,68.4,78.6,98.4
Buche,60,260,09-17,6.2,9.1,20.1,51.7,68.4,78.5,98.6
Buche,60,261,09-18,6.2,9.0,20.3,51.3,68.3,78.5,98.8
Buche,60,262,09-19,6.1,9.0,20.6,51.1,68.2,78.5,99.0
Buche,60,263,09-20,5.9,8.9,20.7,51,68.2,78.6,99.2
Buche,60,264,09-21,5.7,8.9,20.9,50.8,68.1,78.7,99.5
Buche,60,265,09-22,5.5,8.8,21.2,50.7,67.8,79.1,99.8
Buche,60,266,09-23,5.3,8.8,21.4,50.8,67.8,79.5,99.6
Buche,60,267,09-24,5.0,8.8,21.6,50.8,67.3,80.0,99.2
Buche,60,268,09-25,4.8,8.7,21.9,50.5,67.4,80.4,98.8
Buche,60,269,09-26,4.6,8.7,22.3,49.9,67.8,80.8,98.3
Buche,60,270,09-27,4.4,8.7,22.6,49.3,68.2,81.2,97.9
Buche,60,271,09-28,4.2,8.7,22.2,48.4,68.7,81.3,97.5
Buche,60,272,09-29,3.9,8.6,21.8,47.8,69.3,81.7,97.0
Buche,60,273,09-30,3.7,8.5,21.5,47.2,70.0,82.2,96.7
Buche,60,274,10-01,3.5,8.5,21.1,47.2,70.6,82.7,95.9
Buche,60,275,10-02,3.2,8.2,20.6,47,71.2,83.4,95.1
Buche,60,276,10-03,2.8,7.6,20.1,46.9,71.9,84.0,94.5
Buche,60,277,10-04,2.5,7.0,19.9,46.9,72.5,84.7,93.9
Buche,60,278,10-05,2.2,6.5,19.7,47.5,72.8,85.4,93.8
Buche,60,279,10-06,2.0,6.0,19.4,48.1,73.0,85.8,94.0
Buche,60,280,10-07,1.8,5.6,19.0,48.6,73.2,86.5,94.1
Buche,60,281,10-08,1.7,5.3,18.7,49.1,73.4,87.2,94.4
Buche,60,282,10-09,1.6,4.9,18.5,49.6,73.7,87.8,94.7
Buche,60,283,10-10,1.5,4.7,18.4,50.2,73.9,88.4,95.0
Buche,60,284,10-11,1.4,4.5,18.3,50.8,74.2,89.0,95.3
Buche,60,285,10-12,1.3,4.4,18.2,51.3,74.5,89.5,95.5
Buche,60,286,10-13,1.3,4.3,18.2,51.6,74.6,90.0,95.8
Buche,60,287,10-14,1.2,4.5,18.4,51.7,75.0,90.6,96.1
Buche,60,288,10-15,1.2,4.7,19.2,51.9,74.8,91.3,96.4
Buche,60,289,10-16,1.2,5.1,20.0,52.1,74.4,92.0,96.7
Buche,60,290,10-17,1.2,5.5,20.6,52.6,74.1,92.7,97.0
Buche,60,291,10-18,1.8,6.0,21.3,53.1,73.8,93.5,97.4
Buche,60,292,10-19,2.4,6.4,22.2,53.8,73.6,94.0,97.7
Buche,60,293,10-20,3.0,6.9,23.0,54.4,73.4,94.4,98.1
Buche,60,294,10-21,3.7,7.5,24.0,54.7,73.3,94.8,98.4
Buche,60,295,10-22,4.3,8.0,25.0,55,73.3,95.2,98.6
Buche,60,296,10-23,5.0,8.5,26.1,55.4,73.3,95.5,98.8
Buche,60,297,10-24,5.6,9.0,26.8,55.9,73.7,95.9,99.0
Buche,60,298,10-25,6.2,9.5,27.7,55.9,74.1,96.3,98.8
Buche,60,299,10-26,6.7,10.0,28.7,55.8,74.5,96.3,98.5
Buche,60,300,10-27,7.3,10.5,29.8,55.8,75.0,96.1,98.2
Buche,60,301,10-28,7.8,11.0,30.8,55.7,75.4,96.1,98.0
Buche,60,302,10-29,8.3,11.5,31.9,55.8,76.1,96.2,97.8
Buche,60,303,10-30,8.8,12.0,33.0,56,76.9,96.3,97.9
Buche,60,304,10-31,9.2,12.4,34.0,56.3,77.6,96.4,98.2
Buche,60,305,11-01,9.7,12.8,35.1,56.7,78.5,96.5,98.6
Buche,60,306,11-02,10.2,13.2,36.1,57,79.6,96.9,98.9
Buche,60,307,11-03,10.7,13.2,37.5,57.4,80.7,97.0,99.2
Buche,60,308,11-04,11.2,13.1,38.0,57.8,81.8,97.1,99.4
Buche,60,309,11-05,11.7,13.1,38.5,58.2,82.9,97.3,99.7
Buche,60,310,11-06,12.2,13.0,39.1,58.5,83.9,97.6,100.1
Buche,60,311,11-07,12.1,12.9,39.7,58.8,84.8,97.9,100.6
Buche,60,312,11-08,12.0,12.7,40.2,59.2,85.8,98.2,101.0
Buche,60,313,11-09,11.9,12.5,40.8,59.9,86.5,98.5,101.7
Buche,60,314,11-10,11.8,14.1,41.5,60.6,87.2,98.8,102.3
Buche,60,315,11-11,11.7,15.8,42.5,61.6,88.0,99.3,102.8
Buche,60,316,11-12,11.6,17.6,43.5,62.4,88.8,99.8,103.2
Buche,60,317,11-13,11.5,19.4,44.4,63.2,89.4,100.2,103.7
Buche,60,318,11-14,11.4,21.2,45.4,64,89.7,100.7,104.0
Buche,60,319,11-15,11.3,23.0,46.4,64.9,90.1,101.1,104.3
Buche,60,320,11-16,11.2,24.8,47.5,65.8,90.4,101.3,104.5
Buche,60,321,11-17,11.2,26.6,48.7,66.9,90.7,101.5,104.6
Buche,60,322,11-18,11.3,28.5,49.9,67.9,91.1,101.6,104.6
Buche,60,323,11-19,11.4,30.3,51.1,68.8,91.7,101.7,104.9
Buche,60,324,11-20,11.6,32.2,52.3,69.6,92.4,101.7,104.6
Buche,60,325,11-21,11.7,34.1,53.6,70.8,92.9,101.8,104.3
Buche,60,326,11-22,12.0,36.1,54.8,72.1,93.1,101.6,104.1
Buche,60,327,11-23,12.3,38.0,55.5,73.3,93.4,101.6,103.9
Buche,60,328,11-24,13.0,40.1,56.2,74.4,93.7,101.6,103.8
Buche,60,329,11-25,13.8,42.1,57.3,75.5,94.0,101.6,103.8
Buche,60,330,11-26,14.7,44.3,58.3,76.4,94.3,101.5,103.6
Buche,60,331,11-27,15.7,46.6,59.4,77.4,94.6,101.4,103.3
Buche,60,332,11-28,16.7,49.0,60.6,78.3,94.9,101.4,103.0
Buche,60,333,11-29,17.7,51.8,61.9,79.3,95.3,101.3,102.6
Buche,60,334,11-30,18.7,52.6,63.1,80.2,95.7,101.2,102.2
Buche,60,335,12-01,19.7,53.4,64.0,80.8,96.0,100.9,102.1
Buche,60,336,12-02,20.7,54.5,65.0,81.3,96.4,100.6,102.0
Buche,60,337,12-03,21.8,55.6,66.0,82,96.7,100.4,101.9
Buche,60,338,12-04,22.8,56.8,66.9,82.7,97.1,100.2,101.8
Buche,60,339,12-05,23.9,58.0,67.9,83.3,97.6,100.2,101.9
Buche,60,340,12-06,24.9,59.2,68.8,83.9,98.0,100.3,101.9
Buche,60,341,12-07,25.8,60.5,69.7,84.4,98.5,100.3,101.9
Buche,60,342,12-08,26.8,61.8,70.6,84.9,98.7,100.4,102.0
Buche,60,343,12-09,27.7,63.0,71.5,85.5,98.7,100.4,101.7
Buche,60,344,12-10,28.6,64.3,72.4,86.1,98.6,100.4,102.0
Buche,60,345,12-11,29.5,65.6,73.4,86.4,98.6,100.5,102.2
Buche,60,346,12-12,30.5,66.8,74.4,86.6,98.7,100.7,102.4
Buche,60,347,12-13,31.5,68.1,75.5,86.9,98.9,100.9,102.8
Buche,60,348,12-14,32.8,69.2,76.6,87.4,99.0,101.1,102.9
Buche,60,349,12-15,34.1,70.4,77.5,87.8,99.0,101.1,102.9
Buche,60,350,12-16,35.4,71.4,78.4,88.4,99.1,101.3,103.2
Buche,60,351,12-17,36.6,72.3,79.1,89,99.2,101.4,103.7
Buche,60,352,12-18,37.9,73.1,79.7,89.5,99.3,101.7,104.0
Buche,60,353,12-19,39.2,73.6,80.2,89.9,99.4,102.0,104.4
Buche,60,354,12-20,40.4,74.2,80.8,90.4,99.7,102.3,104.8
Buche,60,355,12-21,41.6,74.8,81.2,90.9,99.8,102.6,104.8
Buche,60,356,12-22,42.2,75.0,81.5,91.3,99.9,102.8,104.9
Buche,60,357,12-23,42.7,75.2,81.8,91.5,100.0,103.0,105.1
Buche,60,358,12-24,43.4,75.3,82.1,91.8,100.1,103.2,105.3
Buche,60,359,12-25,44.1,75.5,82.5,92.1,100.2,103.3,105.3
Buche,60,360,12-26,45.0,75.6,82.8,92.4,100.3,103.4,105.5
Buche,60,361,12-27,46.0,75.7,83.1,92.8,100.4,103.5,105.8
Buche,60,362,12-28,47.0,75.8,83.4,93.1,100.5,103.6,106.1
Buche,60,363,12-29,48.3,75.9,83.7,93.5,100.6,103.8,106.2
Buche,60,364,12-30,49.7,75.9,83.9,93.9,100.7,104.1,106.1
Buche,60,365,12-31,51.3,75.9,84.1,94.1,100.9,104.1,
Fichte,15,1,01-01,61.2,69.0,74.3,86,108.0,119.2,125.8
Fichte,15,2,01-02,61.8,69.2,74.1,85.2,107.7,118.1,125.0
Fichte,15,3,01-03,62.5,69.4,74.2,84.6,107.5,117.3,123.8
Fichte,15,4,01-04,63.2,69.7,74.2,84.1,107.3,116.7,122.8
Fichte,15,5,01-05,63.7,69.9,74.2,83.6,107.1,116.1,122.0
Fichte,15,6,01-06,64.1,70.1,74.2,84.5,107.1,115.8,121.8
Fichte,15,7,01-07,64.4,70.3,74.2,84.5,107.1,115.9,122.8
Fichte,15,8,01-08,64.7,70.5,74.2,84.5,107.1,116.0,123.6
Fichte,15,9,01-09,65.0,70.7,74.4,85.2,107.1,116.1,124.2
Fichte,15,10,01-10,65.2,70.8,74.8,85.8,107.1,116.7,124.8
Fichte,15,11,01-11,65.9,71.0,75.1,85.3,106.9,117.0,124.9
Fichte,15,12,01-12,66.6,71.1,75.5,84.8,106.6,117.5,124.9
Fichte,15,13,01-13,67.2,71.5,75.9,84.7,106.6,117.9,124.8
Fichte,15,14,01-14,67.9,71.7,76.2,85.4,106.6,118.2,124.7
Fichte,15,15,01-15,68.5,71.9,76.5,86,106.4,118.4,124.6
Fichte,15,16,01-16,68.7,72.0,76.8,86.6,106.2,118.3,124.7
Fichte,15,17,01-17,68.9,72.2,77.0,87.3,106.4,118.8,125.2
Fichte,15,18,01-18,68.9,72.2,77.2,88,106.4,119.2,125.8
Fichte,15,19,01-19,69.0,72.2,77.6,88.9,106.8,120.0,127.1
Fichte,15,20,01-20,69.1,72.3,78.0,89.7,107.0,120.9,128.4
Fichte,15,21,01-21,69.2,72.4,78.3,90.2,107.3,121.8,129.7
Fichte,15,22,01-22,69.3,72.4,78.7,90.7,107.5,122.7,130.5
Fichte,15,23,01-23,69.2,72.4,78.9,91.1,107.8,123.8,131.7
Fichte,15,24,01-24,69.2,72.4,79.2,91.6,108.0,124.6,132.6
Fichte,15,25,01-25,69.2,72.4,79.7,92.1,108.0,125.5,133.5
Fichte,15,26,01-26,69.2,72.4,80.1,91.4,107.8,126.3,134.0
Fichte,15,27,01-27,69.2,72.4,80.5,91.5,107.8,126.6,133.6
Fichte,15,28,01-28,69.2,72.4,80.8,91.6,107.8,127.0,133.2
Fichte,15,29,01-29,69.2,72.4,81.0,91,107.9,127.3,132.9
Fichte,15,30,01-30,69.3,72.4,81.0,90.4,107.9,127.0,132.6
Fichte,15,31,01-31,69.4,72.4,80.9,90,107.9,126.2,132.1
Fichte,15,32,02-01,69.5,72.4,80.9,89.7,107.9,125.4,131.7
Fichte,15,33,02-02,69.6,72.2,80.8,89.7,107.8,124.8,131.4
Fichte,15,34,02-03,69.7,72.3,80.8,89.5,107.8,124.1,131.1
Fichte,15,35,02-04,69.8,72.3,80.8,89.4,107.9,123.3,130.8
Fichte,15,36,02-05,69.9,72.5,80.8,89.1,107.9,122.6,130.3
Fichte,15,37,02-06,70.0,72.6,80.9,88.9,107.6,121.9,129.6
Fichte,15,38,02-07,70.1,72.8,81.0,88.6,107.4,121.4,128.9
Fichte,15,39,02-08,70.1,73.0,81.1,88.4,107.0,120.9,128.3
Fichte,15,40,02-09,70.2,73.2,81.3,88.3,106.7,120.6,127.6
Fichte,15,41,02-10,70.2,73.4,81.4,88.6,106.3,120.2,127.1
Fichte,15,42,02-11,70.2,73.5,81.5,88.9,106.2,119.8,126.6
Fichte,15,43,02-12,70.2,73.7,81.6,89.5,106.2,119.1,125.9
Fichte,15,44,02-13,70.2,73.8,81.6,90.1,106.1,118.6,125.5
Fichte,15,45,02-14,70.1,73.9,81.4,90.6,106.5,118.1,125.1
Fichte,15,46,02-15,70.1,74.0,81.3,91.1,106.8,117.7,124.7
Fichte,15,47,02-16,70.0,74.0,81.3,91.7,107.0,117.4,124.5
Fichte,15,48,02-17,69.9,74.1,81.2,92.3,107.1,117.2,124.4
Fichte,15,49,02-18,69.8,74.1,81.1,92.9,107.3,117.0,124.5
Fichte,15,50,02-19,69.7,74.2,81.3,93,107.6,117.1,124.6
Fichte,15,51,02-20,69.5,74.3,81.2,93.5,107.9,117.0,124.8
Fichte,15,52,02-21,69.4,74.3,81.0,93.8,108.2,117.0,124.9
Fichte,15,53,02-22,69.3,74.4,80.9,93.9,108.5,117.1,125.0
Fichte,15,54,02-23,69.2,74.4,80.8,94.1,108.8,117.1,125.2
Fichte,15,55,02-24,69.1,74.4,80.6,94.3,108.9,117.3,125.4
Fichte,15,56,02-25,69.2,74.6,80.9,94.6,109.1,117.4,125.6
Fichte,15,57,02-26,69.4,74.8,81.2,94.9,109.4,117.5,125.8
Fichte,15,58,02-27,69.7,75.0,81.3,95.2,109.6,117.6,126.0
Fichte,15,59,02-28,70.0,75.2,81.4,95.4,109.8,117.4,126.1
Fichte,15,60,03-01,70.4,75.4,81.6,95.4,109.9,117.3,126.3
Fichte,15,61,03-02,70.3,75.5,81.7,95.4,110.1,117.1,126.4
Fichte,15,62,03-03,70.2,75.6,81.7,95.5,109.9,116.8,126.5
Fichte,15,63,03-04,70.1,75.6,81.7,95.3,110.0,117.1,126.5
Fichte,15,64,03-05,70.1,75.7,81.7,95.1,110.0,117.1,126.4
Fichte,15,65,03-06,70.3,75.8,81.7,94.9,109.9,117.0,126.2
Fichte,15,66,03-07,70.5,75.8,81.5,94.8,109.7,116.6,125.9
Fichte,15,67,03-08,70.7,75.9,81.4,94.7,109.7,116.2,125.6
Fichte,15,68,03-09,70.8,76.0,81.3,94.4,109.6,116.0,125.5
Fichte,15,69,03-10,71.0,76.2,81.2,94.1,109.4,115.8,125.3
Fichte,15,70,03-11,71.1,76.2,80.9,94.3,109.1,115.2,125.0
Fichte,15,71,03-12,71.2,76.3,81.1,93.9,108.7,114.9,124.7
Fichte,15,72,03-13,71.3,76.5,81.3,93.4,108.2,114.6,124.4
Fichte,15,73,03-14,71.4,76.6,81.5,93,107.7,114.3,124.0
Fichte,15,74,03-15,71.4,76.7,81.6,92.6,107.1,114.0,123.5
Fichte,15,75,03-16,71.4,76.8,81.8,92.3,106.6,113.7,122.8
Fichte,15,76,03-17,71.1,76.6,81.5,91.9,106.0,113.4,122.2
Fichte,15,77,03-18,70.8,76.4,81.2,91.4,105.5,113.1,121.6
Fichte,15,78,03-19,70.2,76.0,80.8,90.9,104.9,113.1,120.9
Fichte,15,79,03-20,69.6,75.5,80.4,90.4,104.2,112.9,120.3
Fichte,15,80,03-21,69.0,74.9,79.9,90,103.5,112.9,120.4
Fichte,15,81,03-22,68.7,74.2,79.5,89.6,102.8,113.0,120.5
Fichte,15,82,03-23,68.4,73.5,79.1,89.1,102.6,113.0,120.6
Fichte,15,83,03-24,68.0,72.9,78.7,88.6,101.8,112.6,120.8
Fichte,15,84,03-25,67.5,72.2,78.2,88.1,101.0,112.3,121.1
Fichte,15,85,03-26,66.8,71.4,77.7,87.4,100.3,112.1,121.6
Fichte,15,86,03-27,66.0,70.5,77.2,86.8,100.1,112.0,122.2
Fichte,15,87,03-28,65.2,69.6,76.7,86.2,99.7,111.9,122.4
Fichte,15,88,03-29,64.4,68.6,76.0,85.6,99.4,111.6,122.3
Fichte,15,89,03-30,63.5,67.5,75.3,84.9,99.1,111.7,122.1
Fichte,15,90,03-31,62.6,66.4,74.5,84.3,98.8,111.6,121.9
Fichte,15,91,04-01,61.5,65.3,73.5,83.7,98.5,111.4,121.7
Fichte,15,92,04-02,60.4,64.0,72.4,83.1,98.3,111.2,121.5
Fichte,15,93,04-03,59.2,62.8,71.4,82.5,98.1,110.9,121.4
Fichte,15,94,04-04,57.9,61.5,70.3,81.9,98.0,110.6,121.3
Fichte,15,95,04-05,56.6,60.1,69.2,81,97.8,110.2,121.3
Fichte,15,96,04-06,55.2,58.9,68.1,80.2,97.7,109.8,121.3
Fichte,15,97,04-07,54.3,57.8,67.3,79.5,97.8,109.8,121.3
Fichte,15,98,04-08,53.3,56.8,66.5,78.9,97.9,109.8,121.3
Fichte,15,99,04-09,52.4,55.8,65.7,78.2,98.0,109.7,121.2
Fichte,15,100,04-10,51.1,54.8,64.6,77.6,98.2,109.5,120.5
Fichte,15,101,04-11,49.9,53.9,63.4,76.9,98.2,109.3,119.7
Fichte,15,102,04-12,48.7,53.0,62.1,76.2,98.0,109.0,118.9
Fichte,15,103,04-13,47.5,51.9,60.9,75.2,98.1,108.6,118.1
Fichte,15,104,04-14,46.4,50.9,59.6,74.4,98.2,108.4,117.2
Fichte,15,105,04-15,45.2,49.8,58.4,73.7,98.2,108.2,116.6
Fichte,15,106,04-16,44.1,48.8,57.2,73,97.7,108.2,116.1
Fichte,15,107,04-17,43.2,48.0,56.2,72.4,97.3,108.2,115.6
Fichte,15,108,04-18,42.3,47.2,55.3,71.6,97.1,108.2,115.0
Fichte,15,109,04-19,41.4,46.4,54.6,71.2,97.0,108.0,114.5
Fichte,15,110,04-20,40.7,45.5,54.0,70.7,96.8,108.0,114.2
Fichte,15,111,04-21,40.1,44.7,53.5,70.3,96.5,108.0,114.1
Fichte,15,112,04-22,39.5,43.8,53.4,70.4,96.2,108.1,114.4
Fichte,15,113,04-23,39.0,43.0,53.7,70.5,96.0,108.1,115.0
Fichte,15,114,04-24,38.5,42.3,54.5,70.8,96.2,108.6,115.6
Fichte,15,115,04-25,38.1,41.6,55.2,71.3,96.3,109.1,116.2
Fichte,15,116,04-26,37.7,40.9,55.8,72,96.3,109.5,116.8
Fichte,15,117,04-27,36.9,40.1,56.2,72.9,96.1,109.8,117.3
Fichte,15,118,04-28,36.1,39.4,56.5,73.8,95.9,110.0,117.8
Fichte,15,119,04-29,35.3,38.8,56.9,74.6,95.8,110.2,118.2
Fichte,15,120,04-30,34.8,38.4,57.6,75.4,95.6,110.4,118.6
Fichte,15,121,05-01,34.3,38.0,58.4,76.1,95.4,110.6,119.0
Fichte,15,122,05-02,33.8,37.7,59.2,76.9,95.2,110.7,119.4
Fichte,15,123,05-03,33.3,37.5,60.1,77.9,95.0,111.1,119.7
Fichte,15,124,05-04,32.9,37.4,61.0,78.8,94.9,111.2,120.0
Fichte,15,125,05-05,32.8,37.4,61.9,79.7,94.7,111.3,119.8
Fichte,15,126,05-06,32.9,37.5,62.8,80.5,94.9,110.9,119.6
Fichte,15,127,05-07,32.9,38.0,63.4,81.1,95.2,110.8,119.4
Fichte,15,128,05-08,33.0,38.4,64.1,81.9,95.2,110.7,119.4
Fichte,15,129,05-09,33.2,38.8,64.6,82.5,95.1,110.4,119.1
Fichte,15,130,05-10,34.0,39.5,65.0,82.9,95.1,110.0,118.6
Fichte,15,131,05-11,34.7,40.3,65.3,83.4,95.2,109.7,117.9
Fichte,15,132,05-12,35.4,41.0,65.0,83.2,95.4,109.4,116.8
Fichte,15,133,05-13,36.1,41.8,64.4,83,95.3,109.1,115.4
Fichte,15,134,05-14,36.8,42.5,63.4,82.6,94.9,108.4,114.1
Fichte,15,135,05-15,37.5,43.3,62.5,82.3,94.5,107.7,112.7
Fichte,15,136,05-16,38.1,43.9,62.3,81.9,93.9,107.0,111.2
Fichte,15,137,05-17,38.8,44.5,62.2,81.3,93.4,105.9,110.1
Fichte,15,138,05-18,39.4,45.0,62.0,80.6,92.8,105.0,109.1
Fichte,15,139,05-19,40.0,45.3,61.7,80.1,92.3,104.2,108.4
Fichte,15,140,05-20,40.6,45.4,61.7,79.7,92.1,103.5,107.9
Fichte,15,141,05-21,41.1,45.4,61.9,79.4,92.0,103.3,108.8
Fichte,15,142,05-22,41.5,45.4,62.0,78.9,91.7,103.5,109.8
Fichte,15,143,05-23,41.9,45.2,62.1,78.5,92.2,103.8,110.5
Fichte,15,144,05-24,42.1,45.0,62.1,78.1,92.7,103.8,111.1
Fichte,15,145,05-25,42.0,44.7,62.1,77.6,93.0,103.6,111.5
Fichte,15,146,05-26,41.7,44.4,62.1,77.4,93.2,103.5,111.8
Fichte,15,147,05-27,41.1,43.6,62.0,77.3,93.1,103.2,112.0
Fichte,15,148,05-28,40.7,42.8,62.2,77.1,92.9,103.1,112.0
Fichte,15,149,05-29,40.4,43.2,62.3,77.2,92.7,103.0,112.1
Fichte,15,150,05-30,39.6,43.3,62.5,77.3,92.8,102.9,112.2
Fichte,15,151,05-31,38.9,43.2,62.7,77.4,92.9,103.0,112.4
Fichte,15,152,06-01,38.3,43.1,62.9,77.6,92.9,103.0,112.6
Fichte,15,153,06-02,37.8,42.9,63.3,77.7,92.9,103.0,112.8
Fichte,15,154,06-03,37.3,42.6,63.9,78,92.8,103.1,112.8
Fichte,15,155,06-04,36.9,42.3,64.5,78.1,92.8,103.2,112.8
Fichte,15,156,06-05,36.6,41.9,64.4,78.1,93.1,103.3,113.1
Fichte,15,157,06-06,36.3,41.5,64.2,78.2,93.7,103.5,112.9
Fichte,15,158,06-07,35.9,41.1,64.1,78.3,94.2,103.5,112.7
Fichte,15,159,06-08,35.5,40.8,63.9,77.9,94.8,103.7,113.8
Fichte,15,160,06-09,35.0,40.6,63.4,77.8,94.8,103.8,114.6
Fichte,15,161,06-10,34.5,40.4,62.7,77.8,94.7,103.3,114.0
Fichte,15,162,06-11,34.0,40.2,62.3,77.8,94.8,102.4,113.3
Fichte,15,163,06-12,33.4,40.0,62.0,77.9,94.2,101.4,113.1
Fichte,15,164,06-13,32.8,39.8,61.6,78.1,93.8,100.7,113.6
Fichte,15,165,06-14,32.2,39.6,61.3,78.1,93.4,100.9,114.1
Fichte,15,166,06-15,31.6,39.3,60.8,77.9,93.2,101.2,114.6
Fichte,15,167,06-16,31.0,39.0,60.3,77.5,93.1,101.2,115.1
Fichte,15,168,06-17,30.3,38.5,59.4,77,93.2,101.1,115.7
Fichte,15,169,06-18,29.4,37.0,58.4,76.5,93.3,100.9,116.1
Fichte,15,170,06-19,28.7,36.3,57.6,76.2,93.0,101.2,116.5
Fichte,15,171,06-20,28.2,35.7,57.4,75.9,92.6,101.5,116.9
Fichte,15,172,06-21,27.5,35.2,57.2,75.5,92.7,101.8,117.5
Fichte,15,173,06-22,26.8,34.5,56.6,75.4,92.7,102.1,118.4
Fichte,15,174,06-23,25.9,33.9,55.7,75.2,92.9,102.3,119.5
Fichte,15,175,06-24,25.1,33.9,54.7,75.1,93.2,102.6,120.5
Fichte,15,176,06-25,24.1,34.1,53.6,75.1,93.3,102.7,121.3
Fichte,15,177,06-26,23.3,34.1,52.6,74.9,93.1,102.9,122.1
Fichte,15,178,06-27,23.3,34.3,51.6,74.7,92.9,103.0,123.2
Fichte,15,179,06-28,23.2,34.3,50.6,74.9,92.8,103.1,124.0
Fichte,15,180,06-29,23.1,34.3,49.6,74.6,92.6,103.1,124.5
Fichte,15,181,06-30,23.0,34.3,48.6,74.3,92.4,103.3,125.0
Fichte,15,182,07-01,23.0,34.2,47.3,73.8,92.3,103.5,125.4
Fichte,15,183,07-02,23.1,34.2,46.7,73.2,92.4,103.7,125.4
Fichte,15,184,07-03,23.5,34.1,46.8,72.4,92.4,104.0,125.1
Fichte,15,185,07-04,23.9,34.1,47.0,71.8,92.3,104.0,125.2
Fichte,15,186,07-05,24.4,34.1,47.3,71.1,92.1,103.8,125.3
Fichte,15,187,07-06,24.9,34.1,47.5,70.4,91.9,104.0,125.4
Fichte,15,188,07-07,25.3,34.3,47.8,70,91.3,104.0,125.6
Fichte,15,189,07-08,25.6,34.6,48.0,68.9,90.7,104.1,126.0
Fichte,15,190,07-09,25.6,34.5,47.9,67.8,90.1,103.5,126.4
Fichte,15,191,07-10,25.4,34.5,47.3,66.9,89.3,103.0,127.5
Fichte,15,192,07-11,25.2,34.5,46.6,66.2,88.3,102.3,128.5
Fichte,15,193,07-12,25.0,34.7,46.3,65.3,88.0,102.2,129.2
Fichte,15,194,07-13,25.2,34.8,46.0,64.3,87.4,102.1,129.8
Fichte,15,195,07-14,25.2,33.9,45.8,63.1,86.7,101.8,130.5
Fichte,15,196,07-15,25.2,32.8,45.6,61.8,86.2,101.5,131.2
Fichte,15,197,07-16,25.1,32.4,45.3,60.5,85.7,101.3,131.9
Fichte,15,198,07-17,24.3,32.0,45.2,59.6,85.1,101.2,132.2
Fichte,15,199,07-18,23.6,31.8,45.3,59,85.4,101.0,131.7
Fichte,15,200,07-19,23.1,31.5,45.8,58.8,85.7,101.5,131.4
Fichte,15,201,07-20,22.6,31.3,46.3,58.7,86.4,102.1,131.2
Fichte,15,202,07-21,22.6,31.8,47.0,58.5,86.9,102.5,131.1
Fichte,15,203,07-22,22.7,32.3,47.1,58.2,87.3,102.7,131.0
Fichte,15,204,07-23,22.5,32.8,46.4,58,87.8,102.8,130.8
Fichte,15,205,07-24,22.3,33.2,45.6,57.9,88.2,102.6,130.3
Fichte,15,206,07-25,22.1,33.7,44.9,57.9,88.5,102.5,129.6
Fichte,15,207,07-26,21.9,34.3,44.2,58,88.8,102.2,129.0
Fichte,15,208,07-27,21.8,34.7,43.9,57.9,89.1,102.0,128.5
Fichte,15,209,07-28,21.6,35.1,43.7,58.2,89.5,101.7,128.0
Fichte,15,210,07-29,21.4,34.9,43.6,59,89.8,101.7,127.6
Fichte,15,211,07-30,21.3,34.6,43.4,59.5,90.3,101.7,126.5
Fichte,15,212,07-31,21.1,34.2,43.2,59.6,90.5,101.7,125.4
Fichte,15,213,08-01,21.0,33.7,42.6,59.6,90.3,101.1,124.2
Fichte,15,214,08-02,20.6,33.2,41.9,59.9,89.9,100.6,122.9
Fichte,15,215,08-03,20.3,33.3,41.3,60.2,89.5,100.2,121.8
Fichte,15,216,08-04,20.1,33.3,40.8,60.3,88.9,99.6,119.8
Fichte,15,217,08-05,19.9,32.7,40.4,60.4,88.3,99.3,117.8
Fichte,15,218,08-06,19.7,32.1,39.9,60.3,87.8,99.0,117.1
Fichte,15,219,08-07,19.6,31.4,39.2,60.2,86.5,98.6,116.1
Fichte,15,220,08-08,19.5,30.8,38.1,59.9,85.8,97.5,115.0
Fichte,15,221,08-09,19.4,30.2,37.1,59.5,84.7,96.3,113.8
Fichte,15,222,08-10,18.7,28.8,36.0,59.2,83.8,95.4,112.6
Fichte,15,223,08-11,18.2,27.5,34.9,58.9,82.5,94.5,111.4
Fichte,15,224,08-12,17.6,26.2,34.0,58.6,81.0,93.5,110.0
Fichte,15,225,08-13,17.0,25.0,33.2,58.2,79.5,92.9,108.6
Fichte,15,226,08-14,16.5,24.2,32.5,57.7,78.4,92.2,107.4
Fichte,15,227,08-15,16.1,23.1,31.8,57.1,77.4,91.8,106.2
Fichte,15,228,08-16,15.7,22.0,30.8,56.5,76.8,91.4,105.5
Fichte,15,229,08-17,15.3,20.9,29.7,56,76.2,91.5,105.3
Fichte,15,230,08-18,14.9,19.8,28.8,55.3,75.7,91.5,104.8
Fichte,15,231,08-19,14.5,18.8,27.9,54.5,75.1,91.4,104.2
Fichte,15,232,08-20,14.2,18.0,27.0,54,74.6,91.5,103.5
Fichte,15,233,08-21,14.1,17.3,26.5,53.8,74.1,91.8,103.3
Fichte,15,234,08-22,14.0,16.8,25.9,53.4,73.7,92.1,103.3
Fichte,15,235,08-23,13.8,16.3,25.4,53,73.3,92.3,103.1
Fichte,15,236,08-24,13.7,15.9,24.8,52.9,73.0,92.8,103.8
Fichte,15,237,08-25,13.5,15.6,24.2,52.9,73.2,93.1,104.5
Fichte,15,238,08-26,13.3,15.2,23.7,52.9,73.7,93.2,103.9
Fichte,15,239,08-27,13.1,14.9,23.3,52.7,74.0,93.4,103.3
Fichte,15,240,08-28,12.8,14.6,22.8,52.3,73.9,93.5,102.8
Fichte,15,241,08-29,12.5,14.3,22.3,52,73.7,93.5,102.4
Fichte,15,242,08-30,12.2,14.1,21.8,51.8,73.7,93.8,101.9
Fichte,15,243,08-31,11.8,13.9,21.3,51.7,73.9,94.1,101.6
Fichte,15,244,09-01,11.4,13.7,20.6,51.7,74.1,94.3,101.5
Fichte,15,245,09-02,11.0,13.5,19.9,51.6,74.5,94.6,101.9
Fichte,15,246,09-03,10.6,13.0,19.3,51.6,74.7,95.1,102.8
Fichte,15,247,09-04,10.2,12.6,18.7,51.5,74.8,95.4,103.7
Fichte,15,248,09-05,9.8,12.3,18.1,51.5,74.9,95.7,104.0
Fichte,15,249,09-06,9.4,12.0,17.6,51.2,75.3,95.6,103.6
Fichte,15,250,09-07,8.9,11.8,17.1,50.5,75.9,95.4,103.4
Fichte,15,251,09-08,8.5,11.7,16.7,49.8,76.5,95.6,103.2
Fichte,15,252,09-09,8.0,11.4,16.5,49,77.3,95.6,103.1
Fichte,15,253,09-10,7.3,11.1,16.5,48,78.1,95.4,102.5
Fichte,15,254,09-11,6.6,10.7,16.6,47,78.7,95.4,102.3
Fichte,15,255,09-12,6.1,10.4,16.7,46,79.6,95.4,102.6
Fichte,15,256,09-13,5.6,10.1,16.9,44.8,80.6,95.4,102.8
Fichte,15,257,09-14,5.1,9.9,17.0,43.7,81.2,95.6,103.0
Fichte,15,258,09-15,4.7,9.6,17.0,42.4,81.5,96.0,103.2
Fichte,15,259,09-16,4.4,9.4,17.0,41.1,82.0,96.2,103.4
Fichte,15,260,09-17,4.3,9.3,17.0,39.8,82.8,96.4,103.6
Fichte,15,261,09-18,4.2,9.2,17.1,38.6,83.6,96.5,103.8
Fichte,15,262,09-19,4.2,9.4,17.1,37.4,84.1,96.4,104.1
Fichte,15,263,09-20,4.2,9.6,17.1,36.8,84.8,96.7,105.5
Fichte,15,264,09-21,4.2,9.7,17.1,36.2,85.4,97.0,106.8
Fichte,15,265,09-22,4.2,9.9,17.1,35.6,86.0,97.3,108.0
Fichte,15,266,09-23,4.3,10.0,17.3,35,86.9,97.5,108.6
Fichte,15,267,09-24,4.6,10.1,17.6,34.4,87.6,97.6,109.1
Fichte,15,268,09-25,4.9,10.2,17.9,33.8,88.1,97.6,109.6
Fichte,15,269,09-26,5.2,10.3,18.0,33.5,88.4,97.8,110.2
Fichte,15,270,09-27,5.5,10.4,18.4,33.9,88.8,98.0,110.7
Fichte,15,271,09-28,5.7,10.5,18.7,34.4,89.2,98.2,111.3
Fichte,15,272,09-29,5.9,10.6,18.5,34.6,89.3,98.5,111.8
Fichte,15,273,09-30,6.0,10.7,18.2,34.9,89.4,98.8,112.2
Fichte,15,274,10-01,6.1,10.8,17.9,35.4,89.8,99.2,112.2
Fichte,15,275,10-02,6.0,11.0,17.5,36,89.8,99.6,111.8
Fichte,15,276,10-03,5.8,11.1,17.7,37.9,89.6,99.9,111.6
Fichte,15,277,10-04,5.9,11.2,17.7,38.6,89.5,100.0,111.4
Fichte,15,278,10-05,6.2,11.3,17.6,39.2,89.6,100.0,111.6
Fichte,15,279,10-06,6.3,11.4,17.6,39.9,90.1,100.0,112.1
Fichte,15,280,10-07,6.1,11.4,17.6,40.6,90.4,100.8,112.6
Fichte,15,281,10-08,6.0,11.4,17.6,41.2,90.8,101.5,113.1
Fichte,15,282,10-09,6.1,11.2,17.7,41.8,91.2,102.2,113.5
Fichte,15,283,10-10,6.2,11.0,17.7,41.9,91.4,102.6,112.8
Fichte,15,284,10-11,6.3,10.8,17.8,42.2,91.6,103.0,112.0
Fichte,15,285,10-12,6.3,10.6,17.8,42.5,91.9,103.3,111.2
Fichte,15,286,10-13,6.2,10.4,17.6,42.9,91.9,103.5,110.4
Fichte,15,287,10-14,5.9,10.2,17.4,43.5,92.2,103.8,109.7
Fichte,15,288,10-15,5.6,10.1,17.4,44.1,92.4,104.1,109.0
Fichte,15,289,10-16,5.5,10.0,17.8,44.6,92.6,104.2,108.5
Fichte,15,290,10-17,5.5,9.8,17.8,44.4,92.7,104.3,108.0
Fichte,15,291,10-18,5.6,9.7,17.8,44.4,92.8,104.1,107.5
Fichte,15,292,10-19,5.7,9.7,18.2,44.7,93.1,103.8,107.0
Fichte,15,293,10-20,6.0,9.6,18.7,45,93.4,103.5,106.6
Fichte,15,294,10-21,6.3,9.7,19.1,45.2,93.7,102.9,106.1
Fichte,15,295,10-22,6.6,9.9,19.7,45.5,94.0,102.5,105.7
Fichte,15,296,10-23,7.0,10.2,19.7,44.5,94.5,102.1,105.3
Fichte,15,297,10-24,7.2,10.4,20.2,44.9,94.9,101.8,105.0
Fichte,15,298,10-25,7.5,11.0,21.1,46.2,95.1,101.6,104.2
Fichte,15,299,10-26,8.0,11.5,22.0,48.3,94.9,101.3,103.3
Fichte,15,300,10-27,8.6,12.1,23.1,50.4,94.8,100.6,102.7
Fichte,15,301,10-28,9.2,12.7,24.2,52.4,94.6,100.0,102.3
Fichte,15,302,10-29,9.1,13.0,24.8,53,94.5,99.6,102.0
Fichte,15,303,10-30,9.1,13.4,25.6,53.6,94.4,99.4,101.8
Fichte,15,304,10-31,9.1,13.9,26.5,54.2,94.4,99.2,101.9
Fichte,15,305,11-01,9.2,14.5,27.3,55,94.6,98.9,102.2
Fichte,15,306,11-02,9.3,15.0,28.6,56.2,94.7,99.0,102.4
Fichte,15,307,11-03,9.5,15.6,30.1,58,94.9,99.0,102.7
Fichte,15,308,11-04,9.5,16.1,31.5,59.9,95.1,99.0,102.9
Fichte,15,309,11-05,9.4,16.5,32.8,61.7,95.3,99.0,103.0
Fichte,15,310,11-06,9.3,17.0,34.2,63.6,95.4,99.3,103.6
Fichte,15,311,11-07,9.2,17.4,35.7,65.8,95.5,99.8,105.0
Fichte,15,312,11-08,9.0,17.7,37.0,67.7,96.0,100.3,106.4
Fichte,15,313,11-09,8.9,18.0,38.3,69.8,96.5,101.1,107.8
Fichte,15,314,11-10,9.2,18.7,39.5,71.9,97.2,101.8,109.1
Fichte,15,315,11-11,9.5,20.0,41.0,73.8,97.9,102.6,110.5
Fichte,15,316,11-12,9.9,21.2,42.6,75.7,98.5,103.3,112.2
Fichte,15,317,11-13,10.3,22.5,44.0,77.3,99.0,103.9,114.3
Fichte,15,318,11-14,10.3,23.4,45.1,78.2,99.5,104.6,116.4
Fichte,15,319,11-15,10.3,24.4,46.2,78.3,100.0,105.4,118.4
Fichte,15,320,11-16,10.3,25.3,47.3,78.4,100.6,106.0,120.0
Fichte,15,321,11-17,10.2,26.2,48.4,78.5,101.2,106.6,121.5
Fichte,15,322,11-18,11.8,27.7,50.0,80.7,101.8,107.2,123.0
Fichte,15,323,11-19,13.3,29.1,51.5,82.5,102.5,108.7,124.6
Fichte,15,324,11-20,14.9,30.4,53.0,84.5,103.1,109.6,125.6
Fichte,15,325,11-21,16.4,31.6,54.9,86.3,103.4,110.4,126.4
Fichte,15,326,11-22,18.1,32.8,56.3,87.8,103.8,110.8,127.3
Fichte,15,327,11-23,19.9,34.1,57.6,88.7,104.0,111.3,128.2
Fichte,15,328,11-24,21.1,35.3,58.2,89.4,104.2,112.2,129.0
Fichte,15,329,11-25,22.3,36.7,58.8,89.5,104.4,113.0,129.9
Fichte,15,330,11-26,23.5,38.2,59.3,90.1,104.8,113.5,130.9
Fichte,15,331,11-27,24.9,39.8,59.8,90.3,105.2,113.8,132.4
Fichte,15,332,11-28,26.3,41.5,60.4,90.7,105.1,114.1,134.0
Fichte,15,333,11-29,27.7,43.3,61.0,91,105.0,114.0,135.3
Fichte,15,334,11-30,28.6,44.7,62.1,91.3,104.7,114.0,136.3
Fichte,15,335,12-01,29.4,45.5,63.0,91.7,104.7,114.1,137.8
Fichte,15,336,12-02,30.4,46.4,63.9,92,104.7,114.3,138.8
Fichte,15,337,12-03,31.3,47.4,64.7,92.6,104.7,114.4,139.1
Fichte,15,338,12-04,32.2,48.4,65.5,93.1,104.7,114.5,139.2
Fichte,15,339,12-05,33.1,49.5,66.2,93.6,104.7,115.4,139.4
Fichte,15,340,12-06,34.0,50.6,66.9,94,104.6,116.1,139.5
Fichte,15,341,12-07,34.9,51.8,67.5,94.4,104.4,116.7,139.6
Fichte,15,342,12-08,34.6,52.6,68.1,94.1,104.3,117.2,139.7
Fichte,15,343,12-09,34.4,53.5,68.6,93.9,104.1,116.6,139.7
Fichte,15,344,12-10,34.2,54.4,69.0,93.5,103.9,116.3,139.8
Fichte,15,345,12-11,34.1,55.3,69.2,93.1,104.0,116.9,140.6
Fichte,15,346,12-12,33.9,56.2,69.3,92.7,104.3,117.4,141.8
Fichte,15,347,12-13,33.8,57.2,69.5,92.5,104.6,118.4,142.9
Fichte,15,348,12-14,34.5,58.2,70.1,92.5,104.9,118.5,143.9
Fichte,15,349,12-15,35.4,59.3,70.9,93.1,105.3,118.4,144.7
Fichte,15,350,12-16,36.4,60.3,71.8,93.2,105.5,118.4,145.0
Fichte,15,351,12-17,37.3,61.3,72.6,93.5,105.9,118.5,143.9
Fichte,15,352,12-18,38.2,62.2,73.4,93.7,106.3,118.8,142.7
Fichte,15,353,12-19,39.2,63.1,74.2,93.9,106.7,119.1,141.8
Fichte,15,354,12-20,40.2,63.9,74.5,93.9,107.2,119.4,141.3
Fichte,15,355,12-21,41.2,64.6,74.6,94,107.5,119.5,140.3
Fichte,15,356,12-22,41.6,64.9,74.6,94.2,107.7,119.9,139.8
Fichte,15,357,12-23,42.0,65.2,74.7,94.1,107.9,120.3,139.5
Fichte,15,358,12-24,42.5,65.4,74.8,94.1,108.2,120.8,139.3
Fichte,15,359,12-25,43.1,65.7,74.8,94.1,108.5,120.4,139.4
Fichte,15,360,12-26,43.7,65.9,74.8,94.1,108.9,120.3,139.6
Fichte,15,361,12-27,44.5,66.2,74.9,94.2,109.4,120.2,139.9
Fichte,15,362,12-28,45.3,66.5,75.0,94.4,109.9,120.2,140.3
Fichte,15,363,12-29,46.2,66.8,75.2,94.8,110.6,120.4,140.9
Fichte,15,364,12-30,47.2,67.2,75.5,95.4,111.4,120.8,141.6
Fichte,15,365,12-31,48.4,67.6,75.8,95.9,111.8,120.0,
Fichte,30,1,01-01,62.8,72.8,76.5,88.9,98.8,110.3,117.2
Fichte,30,2,01-02,63.4,72.9,76.3,88.5,98.5,109.6,116.4
Fichte,30,3,01-03,63.8,73.1,76.7,88.4,98.3,108.9,115.4
Fichte,30,4,01-04,64.1,73.6,77.0,88.7,98.3,108.6,115.0
Fichte,30,5,01-05,64.4,73.9,77.3,88.8,98.2,108.3,114.6
Fichte,30,6,01-06,64.6,74.3,77.5,89.1,98.6,108.3,114.9
Fichte,30,7,01-07,64.8,74.6,77.8,89.2,98.6,108.9,115.1
Fichte,30,8,01-08,65.0,74.9,78.0,89.4,98.7,109.4,115.3
Fichte,30,9,01-09,65.3,75.2,78.2,89.5,99.0,109.8,115.4
Fichte,30,10,01-10,65.7,75.5,78.4,89.6,99.2,110.1,115.8
Fichte,30,11,01-11,66.7,75.8,78.5,89.4,99.2,110.1,116.8
Fichte,30,12,01-12,67.9,76.1,78.6,89.2,99.3,110.1,117.9
Fichte,30,13,01-13,69.0,76.4,79.2,89.1,99.4,110.1,118.7
Fichte,30,14,01-14,70.2,76.8,79.8,89.2,99.7,110.1,119.6
Fichte,30,15,01-15,71.0,77.3,80.3,89.2,100.0,110.1,120.1
Fichte,30,16,01-16,71.2,77.5,80.8,89.2,100.2,110.0,119.9
Fichte,30,17,01-17,71.3,77.8,81.1,89.4,100.7,110.1,119.8
Fichte,30,18,01-18,71.5,78.1,81.1,89.7,101.1,110.0,119.8
Fichte,30,19,01-19,71.7,78.4,81.4,90,101.6,110.7,120.7
Fichte,30,20,01-20,71.8,78.6,81.7,90.4,102.1,111.5,121.8
Fichte,30,21,01-21,72.0,78.9,82.1,90.9,102.5,112.2,122.9
Fichte,30,22,01-22,72.2,79.2,82.4,91.2,102.9,112.8,123.7
Fichte,30,23,01-23,72.4,79.3,82.4,91.5,103.3,113.9,125.0
Fichte,30,24,01-24,72.7,79.4,82.6,91.5,103.6,114.8,125.7
Fichte,30,25,01-25,73.0,79.4,82.7,91.6,103.4,115.1,126.4
Fichte,30,26,01-26,73.4,79.5,82.8,91.5,102.9,115.2,126.6
Fichte,30,27,01-27,73.8,79.5,82.9,91.5,102.6,114.8,126.8
Fichte,30,28,01-28,74.1,79.5,83.1,91.5,102.8,114.4,127.0
Fichte,30,29,01-29,74.4,79.4,83.3,91.5,102.7,114.1,127.3
Fichte,30,30,01-30,74.5,79.4,83.4,91.5,102.5,113.8,127.2
Fichte,30,31,01-31,74.6,79.4,83.5,91.6,102.3,113.5,126.4
Fichte,30,32,02-01,74.6,79.5,83.9,91.6,102.0,113.2,125.5
Fichte,30,33,02-02,74.6,79.6,83.9,91.7,101.6,113.0,124.8
Fichte,30,34,02-03,74.6,79.7,84.1,91.7,101.4,112.8,124.1
Fichte,30,35,02-04,74.6,79.8,84.2,91.8,101.2,112.6,123.3
Fichte,30,36,02-05,74.7,79.9,84.2,92,101.1,112.3,122.6
Fichte,30,37,02-06,74.7,80.0,84.3,92.1,100.9,111.9,121.9
Fichte,30,38,02-07,74.8,80.1,84.5,92.3,100.6,111.5,121.2
Fichte,30,39,02-08,74.9,80.2,84.8,92.3,100.3,111.0,120.7
Fichte,30,40,02-09,75.0,80.2,85.1,92.4,100.3,110.7,120.2
Fichte,30,41,02-10,75.2,80.2,85.4,92.4,100.2,110.3,119.7
Fichte,30,42,02-11,75.3,80.2,85.7,92.4,100.2,109.9,119.3
Fichte,30,43,02-12,75.5,80.1,86.0,92.4,100.2,109.2,118.6
Fichte,30,44,02-13,75.6,80.0,86.2,92.4,100.2,108.4,118.2
Fichte,30,45,02-14,75.7,79.8,86.4,92.3,100.6,108.3,117.7
Fichte,30,46,02-15,75.7,79.6,86.6,92.2,101.0,108.3,117.2
Fichte,30,47,02-16,75.7,79.4,86.8,92.2,101.3,108.3,116.6
Fichte,30,48,02-17,75.7,79.2,86.7,92.3,101.2,108.4,116.1
Fichte,30,49,02-18,75.6,78.9,86.6,92.3,101.2,108.4,115.7
Fichte,30,50,02-19,75.5,78.8,86.5,92.3,101.3,108.6,115.5
Fichte,30,51,02-20,75.3,78.5,86.3,92.4,101.4,108.8,115.5
Fichte,30,52,02-21,75.2,78.1,85.9,92.4,101.6,109.0,115.5
Fichte,30,53,02-22,75.1,77.8,85.4,92.4,101.8,109.2,115.5
Fichte,30,54,02-23,74.9,77.4,84.9,92.3,101.8,109.4,115.6
Fichte,30,55,02-24,74.7,77.1,84.4,92.2,101.7,109.6,115.9
Fichte,30,56,02-25,74.6,77.0,84.2,92.2,101.5,109.8,116.1
Fichte,30,57,02-26,74.5,76.9,84.0,92.2,101.4,110.0,116.4
Fichte,30,58,02-27,74.6,76.8,83.7,92.2,101.3,110.3,116.6
Fichte,30,59,02-28,74.7,76.8,83.7,92.2,101.2,110.5,116.7
Fichte,30,60,03-01,74.9,76.9,83.7,92.2,100.8,110.5,116.8
Fichte,30,61,03-02,74.6,76.9,83.2,92.2,100.5,110.6,116.9
Fichte,30,62,03-03,74.3,76.9,83.0,92.1,100.1,110.7,116.9
Fichte,30,63,03-04,73.9,76.9,82.8,92,100.3,110.9,116.9
Fichte,30,64,03-05,73.6,77.0,82.5,92,100.4,111.0,116.8
Fichte,30,65,03-06,73.5,77.0,82.3,91.9,100.5,111.0,116.7
Fichte,30,66,03-07,73.4,77.1,82.1,91.8,100.6,110.9,116.6
Fichte,30,67,03-08,73.4,77.2,81.8,91.6,100.6,110.8,116.4
Fichte,30,68,03-09,73.3,77.3,81.6,91.3,100.5,110.7,116.3
Fichte,30,69,03-10,73.3,77.4,81.4,91,100.4,110.6,116.1
Fichte,30,70,03-11,73.3,77.4,81.3,90.8,100.2,110.2,115.7
Fichte,30,71,03-12,73.3,77.5,81.2,90.4,100.0,109.9,115.3
Fichte,30,72,03-13,73.2,77.7,81.2,90,99.7,109.4,114.9
Fichte,30,73,03-14,73.1,77.8,81.2,89.5,99.4,108.9,114.4
Fichte,30,74,03-15,73.0,78.0,81.2,89.2,99.0,108.3,113.9
Fichte,30,75,03-16,72.9,78.1,81.3,88.9,98.7,107.6,113.4
Fichte,30,76,03-17,72.7,77.8,81.1,88.4,98.3,106.9,112.9
Fichte,30,77,03-18,72.5,77.5,80.9,87.9,98.0,106.1,112.4
Fichte,30,78,03-19,72.0,77.0,80.7,87.5,97.7,105.3,112.0
Fichte,30,79,03-20,71.5,76.4,80.3,87.1,97.4,104.5,111.6
Fichte,30,80,03-21,70.8,75.8,79.9,86.6,97.0,104.7,111.7
Fichte,30,81,03-22,70.6,75.1,79.7,86.3,96.6,104.8,111.8
Fichte,30,82,03-23,70.3,74.5,79.3,85.9,96.2,104.9,112.0
Fichte,30,83,03-24,69.9,73.8,78.7,85.5,95.2,104.8,112.2
Fichte,30,84,03-25,69.5,73.0,78.1,85.1,94.2,104.8,112.5
Fichte,30,85,03-26,68.8,72.2,77.4,84.7,93.3,104.8,112.9
Fichte,30,86,03-27,68.1,71.4,76.8,84.2,92.6,104.8,113.3
Fichte,30,87,03-28,67.2,70.5,76.1,83.7,92.1,104.7,113.9
Fichte,30,88,03-29,66.4,69.5,75.4,83.3,91.7,104.5,114.3
Fichte,30,89,03-30,65.4,68.6,74.7,82.8,91.4,104.4,114.6
Fichte,30,90,03-31,64.4,67.4,73.9,82.3,91.2,104.2,114.8
Fichte,30,91,04-01,63.4,66.3,73.2,81.8,91.0,103.9,115.1
Fichte,30,92,04-02,62.3,65.1,72.4,81.3,90.9,103.7,115.2
Fichte,30,93,04-03,61.2,63.8,71.6,80.7,90.8,103.6,115.4
Fichte,30,94,04-04,60.0,62.6,70.8,80.3,90.7,103.4,115.5
Fichte,30,95,04-05,58.8,61.3,70.0,79.7,90.7,103.3,115.6
Fichte,30,96,04-06,57.6,60.2,69.2,79.1,90.6,103.1,115.6
Fichte,30,97,04-07,56.6,59.3,68.7,78.5,90.5,103.5,115.6
Fichte,30,98,04-08,55.7,58.5,68.2,78.1,90.4,104.0,115.5
Fichte,30,99,04-09,54.8,57.8,67.7,77.8,90.2,104.5,115.3
Fichte,30,100,04-10,53.7,56.9,66.7,77.1,90.2,104.1,114.6
Fichte,30,101,04-11,52.6,56.0,65.8,76.5,90.2,103.6,113.9
Fichte,30,102,04-12,51.5,55.0,64.7,75.9,90.3,103.1,113.1
Fichte,30,103,04-13,50.5,54.2,63.9,75.1,90.4,102.1,112.2
Fichte,30,104,04-14,49.4,53.4,63.0,74.4,90.5,101.4,111.4
Fichte,30,105,04-15,48.3,52.5,62.1,73.8,90.7,101.0,110.5
Fichte,30,106,04-16,47.5,51.7,61.2,73.1,90.6,100.5,109.8
Fichte,30,107,04-17,46.7,51.0,60.3,72.5,90.4,100.2,109.0
Fichte,30,108,04-18,46.1,50.4,59.3,71.9,90.0,100.0,108.1
Fichte,30,109,04-19,45.6,49.8,58.4,71.4,89.6,99.6,107.6
Fichte,30,110,04-20,45.2,49.2,57.6,70.8,89.4,99.6,107.1
Fichte,30,111,04-21,44.8,48.7,56.7,70.4,89.1,99.8,106.5
Fichte,30,112,04-22,44.5,48.3,55.9,70.4,88.8,99.8,106.3
Fichte,30,113,04-23,44.3,47.8,55.4,70.3,88.5,99.8,106.2
Fichte,30,114,04-24,44.1,47.4,55.0,70.4,88.5,99.9,106.3
Fichte,30,115,04-25,43.9,47.1,54.7,70.5,88.6,100.0,106.4
Fichte,30,116,04-26,43.7,46.7,54.3,70.8,88.7,100.1,106.5
Fichte,30,117,04-27,43.3,46.1,53.6,71.2,88.9,99.8,106.7
Fichte,30,118,04-28,42.8,45.5,52.9,71.3,89.1,99.3,106.8
Fichte,30,119,04-29,42.3,45.0,52.2,71.4,89.4,98.8,107.0
Fichte,30,120,04-30,41.9,44.8,51.9,71.7,89.5,99.0,107.1
Fichte,30,121,05-01,41.6,44.6,51.7,72.1,89.6,99.3,107.2
Fichte,30,122,05-02,41.3,44.4,51.5,72.3,89.8,99.5,107.4
Fichte,30,123,05-03,41.1,44.1,51.4,72.7,90.0,100.1,107.5
Fichte,30,124,05-04,40.8,43.9,51.3,73.1,90.1,100.5,107.7
Fichte,30,125,05-05,40.6,43.7,51.2,73.4,90.1,100.5,107.7
Fichte,30,126,05-06,40.5,43.6,51.2,73.7,90.2,100.1,107.6
Fichte,30,127,05-07,40.4,43.5,51.3,74.1,90.3,100.2,107.6
Fichte,30,128,05-08,40.2,43.2,51.3,74.6,90.4,100.2,108.1
Fichte,30,129,05-09,40.0,43.1,51.4,75.1,90.5,100.1,107.9
Fichte,30,130,05-10,39.8,43.3,51.9,75.5,90.5,99.8,107.5
Fichte,30,131,05-11,39.7,43.4,52.3,76.3,90.4,99.5,107.2
Fichte,30,132,05-12,39.5,43.4,52.7,76.7,90.6,99.2,106.9
Fichte,30,133,05-13,39.3,43.5,52.7,77.1,90.6,98.9,106.3
Fichte,30,134,05-14,39.1,43.5,52.6,77.3,90.2,98.6,105.7
Fichte,30,135,05-15,39.0,43.5,52.6,77.4,89.7,98.5,105.0
Fichte,30,136,05-16,38.9,43.7,52.6,77.3,89.3,98.5,104.4
Fichte,30,137,05-17,38.8,44.0,52.9,77.1,88.9,98.4,103.7
Fichte,30,138,05-18,38.8,44.2,53.2,76.8,88.6,98.4,102.9
Fichte,30,139,05-19,38.7,44.3,53.5,76.3,88.2,98.4,102.1
Fichte,30,140,05-20,38.7,44.4,53.9,76.3,88.1,97.7,101.5
Fichte,30,141,05-21,38.7,44.6,54.3,76.4,88.0,97.7,102.0
Fichte,30,142,05-22,38.7,44.6,54.6,76.4,87.8,98.2,103.1
Fichte,30,143,05-23,38.7,44.7,54.9,76.6,87.5,98.7,104.1
Fichte,30,144,05-24,38.7,44.8,55.2,76.8,87.4,99.0,105.0
Fichte,30,145,05-25,38.6,44.8,55.3,76.9,87.2,99.1,105.7
Fichte,30,146,05-26,38.3,44.9,55.5,77.1,87.1,99.6,106.4
Fichte,30,147,05-27,37.8,44.9,55.6,77.3,87.0,99.3,107.0
Fichte,30,148,05-28,37.8,45.0,56.0,77.5,86.9,99.0,107.0
Fichte,30,149,05-29,38.0,45.1,57.0,77.9,86.9,98.9,107.3
Fichte,30,150,05-30,38.1,44.8,57.5,78.2,87.3,99.1,107.7
Fichte,30,151,05-31,38.1,44.6,57.8,78.2,87.7,99.3,108.0
Fichte,30,152,06-01,38.2,44.5,58.1,78.2,87.9,99.3,108.2
Fichte,30,153,06-02,38.1,44.4,58.5,78.2,88.2,99.5,108.4
Fichte,30,154,06-03,38.0,44.3,58.9,78.2,88.5,99.9,108.3
Fichte,30,155,06-04,37.9,44.3,59.2,78.3,88.8,100.0,108.4
Fichte,30,156,06-05,37.6,44.1,59.6,78.5,89.1,100.0,108.5
Fichte,30,157,06-06,37.4,43.8,59.6,78.7,89.2,99.9,108.7
Fichte,30,158,06-07,37.1,43.5,59.6,79,89.3,99.8,109.0
Fichte,30,159,06-08,36.8,43.1,59.6,79,89.5,99.8,109.4
Fichte,30,160,06-09,36.6,42.6,59.4,78.9,89.2,100.1,109.7
Fichte,30,161,06-10,36.3,42.0,59.3,78.7,88.9,99.8,108.9
Fichte,30,162,06-11,36.1,41.4,59.2,78.7,89.0,99.1,107.5
Fichte,30,163,06-12,35.8,40.7,59.1,78.5,89.2,98.2,106.3
Fichte,30,164,06-13,35.4,40.0,59.0,78.3,89.5,97.8,105.5
Fichte,30,165,06-14,35.0,39.2,58.9,78,89.9,97.8,104.9
Fichte,30,166,06-15,34.6,38.4,58.8,77.6,90.4,98.2,104.5
Fichte,30,167,06-16,34.1,37.5,58.8,76.9,90.8,98.6,104.1
Fichte,30,168,06-17,33.3,36.6,58.3,76.2,91.3,99.1,103.7
Fichte,30,169,06-18,32.3,35.7,57.3,75.4,91.8,99.3,103.4
Fichte,30,170,06-19,31.4,35.8,56.9,74.9,91.9,99.2,103.4
Fichte,30,171,06-20,30.6,35.8,56.4,74.2,91.8,99.1,103.3
Fichte,30,172,06-21,29.7,35.7,55.9,73.7,91.9,99.2,103.2
Fichte,30,173,06-22,28.9,35.5,55.2,72.9,92.1,99.2,103.0
Fichte,30,174,06-23,28.1,35.2,54.5,72.1,92.4,99.1,103.1
Fichte,30,175,06-24,27.3,35.0,53.8,71.4,92.6,99.2,103.2
Fichte,30,176,06-25,26.6,34.7,53.1,70.8,92.8,99.3,103.0
Fichte,30,177,06-26,26.0,34.2,52.4,70.5,92.8,99.5,102.8
Fichte,30,178,06-27,25.9,34.2,51.7,70.1,92.8,99.8,103.0
Fichte,30,179,06-28,25.7,34.2,50.9,70.1,92.8,99.9,104.8
Fichte,30,180,06-29,25.5,34.3,50.3,69.6,92.7,99.8,106.3
Fichte,30,181,06-30,25.7,34.4,49.5,69.1,92.7,99.7,107.8
Fichte,30,182,07-01,25.8,34.5,48.8,68.4,92.5,99.7,109.1
Fichte,30,183,07-02,25.7,34.6,48.9,67.9,92.0,99.7,110.1
Fichte,30,184,07-03,25.8,34.9,49.1,67.3,91.3,99.5,110.8
Fichte,30,185,07-04,25.9,35.2,49.3,66.9,90.6,99.4,111.5
Fichte,30,186,07-05,26.1,35.5,49.6,66.5,89.6,99.0,112.1
Fichte,30,187,07-06,26.3,35.7,49.7,66.1,88.7,98.7,112.8
Fichte,30,188,07-07,26.4,35.9,49.8,65.8,87.5,98.4,113.5
Fichte,30,189,07-08,26.5,36.1,49.8,65.3,86.1,98.2,114.3
Fichte,30,190,07-09,26.8,35.8,49.3,64.5,84.6,98.0,114.7
Fichte,30,191,07-10,26.9,35.7,48.9,63.9,83.3,97.8,115.7
Fichte,30,192,07-11,27.1,35.7,48.7,63,82.2,97.6,117.0
Fichte,30,193,07-12,27.2,35.6,48.7,62.5,81.6,97.1,118.4
Fichte,30,194,07-13,27.5,35.6,48.5,61.9,80.9,97.2,119.8
Fichte,30,195,07-14,27.7,35.1,48.3,61.2,80.3,96.9,121.0
Fichte,30,196,07-15,27.8,34.6,48.1,60.3,79.7,96.6,122.3
Fichte,30,197,07-16,27.9,34.9,48.1,59.3,79.2,96.4,123.6
Fichte,30,198,07-17,27.6,34.8,48.0,58.4,78.7,96.1,124.3
Fichte,30,199,07-18,27.4,34.6,48.1,57.9,78.2,95.8,123.5
Fichte,30,200,07-19,27.2,34.5,48.4,57.9,77.8,96.0,122.8
Fichte,30,201,07-20,26.5,34.4,48.7,57.7,78.2,96.4,122.4
Fichte,30,202,07-21,26.5,34.9,49.0,57.6,78.6,96.7,122.1
Fichte,30,203,07-22,26.5,35.5,48.5,57.3,79.2,96.8,121.9
Fichte,30,204,07-23,26.6,35.9,47.9,56.9,80.0,97.0,121.7
Fichte,30,205,07-24,26.6,36.2,47.4,56.6,80.8,96.9,121.2
Fichte,30,206,07-25,26.7,36.5,46.8,56.3,81.5,96.8,120.7
Fichte,30,207,07-26,26.8,36.8,46.4,56,82.3,96.6,120.0
Fichte,30,208,07-27,26.8,37.1,46.0,55.7,83.1,96.3,119.4
Fichte,30,209,07-28,26.7,37.4,45.8,55.7,83.9,96.0,118.8
Fichte,30,210,07-29,26.6,37.1,45.6,55.7,85.0,96.0,118.3
Fichte,30,211,07-30,26.5,36.6,45.4,55.8,86.0,96.0,117.3
Fichte,30,212,07-31,26.4,36.0,45.1,55.8,86.5,95.9,116.0
Fichte,30,213,08-01,26.2,35.5,44.8,55.5,86.5,95.9,114.6
Fichte,30,214,08-02,26.0,35.0,44.6,55.2,86.5,95.4,113.1
Fichte,30,215,08-03,25.8,34.8,44.3,55.1,86.3,95.0,111.7
Fichte,30,216,08-04,25.8,34.6,43.9,54.8,85.7,94.4,109.8
Fichte,30,217,08-05,25.6,33.7,43.3,54.7,85.0,93.9,107.9
Fichte,30,218,08-06,25.5,32.9,42.8,54.7,84.9,93.6,106.8
Fichte,30,219,08-07,25.3,32.1,42.3,54.5,84.8,93.1,105.5
Fichte,30,220,08-08,25.1,31.4,41.4,53.9,85.0,92.2,104.1
Fichte,30,221,08-09,24.9,30.7,40.6,53.4,84.4,91.2,102.7
Fichte,30,222,08-10,24.2,29.5,39.8,53,83.8,90.3,101.2
Fichte,30,223,08-11,23.5,28.2,39.0,52.8,83.0,89.4,99.7
Fichte,30,224,08-12,22.8,27.1,38.1,52.5,81.9,88.3,98.2
Fichte,30,225,08-13,22.1,26.0,37.3,52.2,80.8,87.5,96.8
Fichte,30,226,08-14,21.6,25.3,36.5,51.9,79.7,86.6,95.7
Fichte,30,227,08-15,21.2,24.6,35.7,51.5,78.6,85.7,94.7
Fichte,30,228,08-16,20.7,23.8,34.8,51.2,77.8,84.9,93.8
Fichte,30,229,08-17,20.3,23.0,33.8,50.8,77.0,84.6,93.4
Fichte,30,230,08-18,19.8,22.2,32.9,50.5,75.9,84.1,93.2
Fichte,30,231,08-19,19.3,21.4,32.0,50.2,74.9,83.7,92.9
Fichte,30,232,08-20,18.8,20.8,31.1,50,73.8,83.6,92.6
Fichte,30,233,08-21,18.6,20.4,30.2,50.1,72.8,83.8,92.6
Fichte,30,234,08-22,18.3,20.1,29.5,50.2,71.7,84.0,92.8
Fichte,30,235,08-23,18.0,19.8,28.9,50.2,70.7,84.2,93.0
Fichte,30,236,08-24,17.7,19.7,28.2,50.3,70.1,84.7,93.7
Fichte,30,237,08-25,17.4,19.5,27.6,50.3,70.3,85.2,94.4
Fichte,30,238,08-26,17.1,19.4,27.1,50,69.8,85.4,94.5
Fichte,30,239,08-27,16.8,19.2,26.5,49.7,69.3,85.7,94.5
Fichte,30,240,08-28,16.4,19.0,25.8,49.3,68.3,85.9,94.5
Fichte,30,241,08-29,16.0,18.8,25.2,49,67.4,85.9,94.5
Fichte,30,242,08-30,15.7,18.7,24.5,48.6,66.8,86.0,94.6
Fichte,30,243,08-31,15.4,18.5,23.8,48.4,66.3,86.3,94.6
Fichte,30,244,09-01,15.0,18.3,23.2,48.2,66.0,86.6,94.8
Fichte,30,245,09-02,14.7,18.1,22.6,48.1,66.0,86.9,95.2
Fichte,30,246,09-03,14.3,17.6,21.9,48,66.4,87.6,95.6
Fichte,30,247,09-04,13.8,17.2,21.4,48.1,66.9,88.3,96.3
Fichte,30,248,09-05,13.4,16.9,20.9,48.1,67.2,89.0,97.0
Fichte,30,249,09-06,12.9,16.7,20.4,48,67.7,89.1,97.1
Fichte,30,250,09-07,12.5,16.6,20.0,47.7,68.2,89.3,97.0
Fichte,30,251,09-08,12.1,16.4,19.7,47.6,68.9,89.4,96.9
Fichte,30,252,09-09,11.7,16.3,19.4,47.4,69.7,89.3,96.8
Fichte,30,253,09-10,11.1,15.9,19.1,47.1,70.5,89.0,96.4
Fichte,30,254,09-11,10.6,15.6,18.8,46.7,71.5,88.5,96.1
Fichte,30,255,09-12,10.1,15.2,18.5,46.2,72.5,88.1,96.2
Fichte,30,256,09-13,9.8,14.9,18.3,45.6,73.6,88.0,96.3
Fichte,30,257,09-14,9.4,14.6,18.3,45.1,74.1,88.2,96.4
Fichte,30,258,09-15,9.1,14.4,18.2,44.6,74.6,88.7,96.5
Fichte,30,259,09-16,8.8,14.1,18.1,44.1,75.2,89.1,96.7
Fichte,30,260,09-17,8.8,13.9,18.0,43.7,76.0,89.4,96.8
Fichte,30,261,09-18,8.8,13.8,18.0,43.4,76.7,89.6,97.0
Fichte,30,262,09-19,8.8,13.8,18.0,42.9,77.2,89.8,97.3
Fichte,30,263,09-20,8.9,13.9,18.0,42.5,78.1,90.1,97.5
Fichte,30,264,09-21,9.0,13.9,18.0,42,79.0,90.4,97.7
Fichte,30,265,09-22,9.0,13.9,18.0,41.5,79.7,90.6,97.7
Fichte,30,266,09-23,9.0,13.9,18.3,41.9,79.8,90.7,97.7
Fichte,30,267,09-24,9.2,13.9,18.5,42.1,80.0,90.7,97.4
Fichte,30,268,09-25,9.4,14.0,18.7,42.4,80.0,90.7,97.0
Fichte,30,269,09-26,9.5,14.0,18.8,41.9,80.2,90.7,96.6
Fichte,30,270,09-27,9.6,14.1,18.9,42.7,80.4,90.5,96.2
Fichte,30,271,09-28,9.6,14.1,18.9,43.1,80.6,90.3,96.3
Fichte,30,272,09-29,9.6,14.0,18.9,43,80.7,90.2,96.6
Fichte,30,273,09-30,9.5,14.0,18.8,43.3,80.7,90.1,96.8
Fichte,30,274,10-01,9.4,14.0,18.8,43.6,80.8,90.3,96.7
Fichte,30,275,10-02,9.1,14.0,18.5,43.6,80.9,90.7,96.2
Fichte,30,276,10-03,8.7,13.9,18.5,43.6,80.7,90.8,95.7
Fichte,30,277,10-04,8.4,13.9,18.4,43.6,80.6,90.5,95.2
Fichte,30,278,10-05,8.0,13.9,18.3,43.8,80.5,90.3,94.9
Fichte,30,279,10-06,7.7,13.9,18.2,44.1,80.4,90.2,95.3
Fichte,30,280,10-07,7.1,13.8,18.2,44.3,80.2,90.4,95.6
Fichte,30,281,10-08,6.5,13.8,18.2,44.5,80.2,90.9,95.9
Fichte,30,282,10-09,6.0,13.5,18.2,44.7,80.1,91.5,96.2
Fichte,30,283,10-10,5.5,13.4,18.1,45,79.5,91.8,96.5
Fichte,30,284,10-11,5.0,13.2,18.1,45.3,79.0,92.1,96.9
Fichte,30,285,10-12,4.5,13.1,18.2,45.7,78.4,92.4,97.3
Fichte,30,286,10-13,4.1,12.9,17.9,45.3,78.1,92.6,97.6
Fichte,30,287,10-14,3.4,12.8,17.7,45,77.8,92.9,98.0
Fichte,30,288,10-15,2.9,12.6,17.6,44.9,77.6,93.2,98.3
Fichte,30,289,10-16,2.5,12.5,17.7,45.4,77.4,93.5,98.6
Fichte,30,290,10-17,2.1,12.4,17.8,44.6,77.0,93.9,98.9
Fichte,30,291,10-18,1.9,12.2,18.4,44.1,76.6,94.4,98.8
Fichte,30,292,10-19,1.6,12.2,19.1,44.1,76.4,94.9,98.5
Fichte,30,293,10-20,1.6,12.1,19.7,43.8,76.1,95.2,98.2
Fichte,30,294,10-21,1.6,12.1,20.1,43.8,75.8,95.3,98.0
Fichte,30,295,10-22,1.7,12.0,20.7,44.1,75.5,95.3,97.9
Fichte,30,296,10-23,1.9,12.0,21.1,44.4,75.3,95.2,97.8
Fichte,30,297,10-24,2.2,12.0,21.8,44.7,75.1,95.2,97.9
Fichte,30,298,10-25,2.5,12.2,22.7,44.9,75.4,95.0,97.8
Fichte,30,299,10-26,2.8,12.5,23.7,46.1,76.0,94.8,97.1
Fichte,30,300,10-27,3.2,12.8,24.7,47.2,76.7,94.5,96.6
Fichte,30,301,10-28,3.5,13.0,25.6,48.4,77.5,94.1,96.2
Fichte,30,302,10-29,3.9,13.0,26.5,49.1,77.8,93.6,95.8
Fichte,30,303,10-30,4.3,12.9,27.3,49.8,78.1,93.2,95.4
Fichte,30,304,10-31,4.7,12.9,28.1,50.6,78.3,92.9,95.2
Fichte,30,305,11-01,5.1,12.8,29.1,51.8,79.1,92.9,95.1
Fichte,30,306,11-02,5.5,12.7,30.1,52.9,79.7,93.1,95.2
Fichte,30,307,11-03,5.9,13.2,31.2,54.2,80.3,93.3,95.3
Fichte,30,308,11-04,6.4,13.7,32.2,55.3,80.8,93.6,95.4
Fichte,30,309,11-05,6.8,14.1,33.3,56.5,81.3,93.8,95.6
Fichte,30,310,11-06,7.2,14.6,34.2,57.9,82.1,94.1,95.8
Fichte,30,311,11-07,7.5,15.0,34.8,59.4,83.1,94.3,96.0
Fichte,30,312,11-08,7.8,15.4,35.2,61.3,84.0,94.6,96.4
Fichte,30,313,11-09,8.2,15.8,35.9,63.3,85.1,95.1,96.9
Fichte,30,314,11-10,8.9,17.2,37.2,65.4,86.2,95.6,97.5
Fichte,30,315,11-11,9.6,18.6,38.5,67.4,87.3,96.1,98.2
Fichte,30,316,11-12,10.2,20.0,39.8,69.5,88.3,96.6,98.8
Fichte,30,317,11-13,10.9,21.3,40.9,71.5,89.5,97.3,99.3
Fichte,30,318,11-14,11.4,22.4,41.7,73.4,90.2,98.0,99.9
Fichte,30,319,11-15,12.0,23.5,42.6,74.3,90.6,98.7,100.5
Fichte,30,320,11-16,12.5,24.6,43.5,75.2,91.1,99.3,100.9
Fichte,30,321,11-17,13.0,25.7,44.5,76,91.5,99.7,101.4
Fichte,30,322,11-18,14.5,27.0,45.8,77.6,92.4,100.2,101.8
Fichte,30,323,11-19,16.0,28.4,47.1,79.2,93.4,100.7,103.2
Fichte,30,324,11-20,17.5,29.8,48.5,80.8,94.4,101.0,104.4
Fichte,30,325,11-21,19.0,31.4,49.9,81.9,94.9,101.2,105.3
Fichte,30,326,11-22,20.4,33.0,51.2,83,95.4,101.1,105.9
Fichte,30,327,11-23,21.8,34.2,52.5,84.2,95.8,101.0,106.6
Fichte,30,328,11-24,23.0,35.0,53.3,85,96.3,100.9,107.4
Fichte,30,329,11-25,24.2,35.9,54.1,85.5,96.9,100.9,108.4
Fichte,30,330,11-26,25.3,36.8,54.8,86.4,97.1,101.2,109.2
Fichte,30,331,11-27,26.3,37.7,55.5,87.1,97.1,102.0,110.7
Fichte,30,332,11-28,27.4,38.7,56.1,87.4,97.2,102.8,112.2
Fichte,30,333,11-29,28.3,39.7,56.9,87.6,97.3,103.3,113.4
Fichte,30,334,11-30,28.8,40.4,56.9,87.9,97.3,103.9,114.3
Fichte,30,335,12-01,29.2,41.1,57.8,88.2,97.4,104.6,115.3
Fichte,30,336,12-02,29.6,41.8,59.0,88.5,97.5,105.3,116.4
Fichte,30,337,12-03,30.1,42.5,60.1,88.8,97.5,105.8,117.3
Fichte,30,338,12-04,30.5,43.1,61.2,89.2,97.5,106.3,118.0
Fichte,30,339,12-05,30.9,43.8,62.3,89.5,97.4,107.0,118.9
Fichte,30,340,12-06,31.3,44.5,63.4,89.8,97.1,107.6,119.8
Fichte,30,341,12-07,31.7,45.3,64.3,90.2,96.9,108.2,120.7
Fichte,30,342,12-08,31.1,46.1,65.2,90.2,96.5,108.9,121.5
Fichte,30,343,12-09,30.5,46.9,66.0,90.1,96.1,109.4,121.4
Fichte,30,344,12-10,29.8,47.9,66.8,89.8,95.7,109.9,121.2
Fichte,30,345,12-11,29.2,48.8,67.4,89.6,95.4,110.7,121.6
Fichte,30,346,12-12,28.7,49.6,68.1,89.5,95.4,111.8,122.0
Fichte,30,347,12-13,28.6,50.4,68.7,89.3,95.6,113.1,122.7
Fichte,30,348,12-14,29.6,51.6,69.9,89.3,95.7,114.2,122.8
Fichte,30,349,12-15,30.9,52.9,71.1,89.6,96.0,115.2,122.9
Fichte,30,350,12-16,32.1,54.6,72.4,89.8,96.2,116.0,123.0
Fichte,30,351,12-17,33.2,56.2,73.7,90,96.7,116.0,122.4
Fichte,30,352,12-18,34.4,57.9,74.9,90.3,97.1,116.1,121.7
Fichte,30,353,12-19,35.7,59.7,76.1,90.5,97.3,116.1,121.3
Fichte,30,354,12-20,36.9,60.8,77.4,90.7,97.6,116.2,121.1
Fichte,30,355,12-21,38.2,61.9,77.9,90.7,97.8,116.2,120.6
Fichte,30,356,12-22,38.8,62.4,78.1,90.7,97.9,116.3,120.4
Fichte,30,357,12-23,39.4,62.9,78.2,90.6,98.0,116.5,120.3
Fichte,30,358,12-24,40.2,63.6,78.3,90.6,98.2,116.6,120.3
Fichte,30,359,12-25,41.1,64.3,78.4,90.5,98.5,116.6,120.2
Fichte,30,360,12-26,42.0,65.1,78.6,90.5,98.8,116.6,120.1
Fichte,30,361,12-27,43.2,65.8,78.7,90.6,99.3,116.8,120.1
Fichte,30,362,12-28,44.5,66.6,78.8,90.8,99.8,117.1,120.1
Fichte,30,363,12-29,46.0,67.5,79.0,91.1,100.5,117.6,120.3
Fichte,30,364,12-30,47.8,68.3,79.2,91.5,101.3,118.1,120.5
Fichte,30,365,12-31,49.9,69.1,79.5,92.1,102.3,118.3,
Fichte,60,1,01-01,44.4,52.9,69.5,86.1,97.2,104.3,108.3
Fichte,60,2,01-02,45.4,53.3,68.7,85.9,97.3,104.2,108.3
Fichte,60,3,01-03,46.6,54.4,69.7,85.7,97.2,103.8,107.7
Fichte,60,4,01-04,47.7,55.8,70.4,85.9,97.1,103.6,107.3
Fichte,60,5,01-05,48.7,56.9,71.0,85.8,97.1,103.4,106.9
Fichte,60,6,01-06,49.7,58.3,71.6,86.4,97.3,103.3,106.6
Fichte,60,7,01-07,50.6,59.4,72.1,86.8,97.5,103.2,106.8
Fichte,60,8,01-08,51.4,60.5,72.5,87.1,97.6,103.2,107.0
Fichte,60,9,01-09,52.2,61.4,73.0,87.5,97.6,103.1,107.1
Fichte,60,10,01-10,53.0,62.2,73.4,87.8,97.6,103.0,107.2
Fichte,60,11,01-11,54.8,63.6,73.6,87.7,97.6,103.2,107.2
Fichte,60,12,01-12,56.7,65.0,73.7,87.7,97.6,103.4,107.3
Fichte,60,13,01-13,58.6,66.3,75.2,88,97.7,103.5,107.4
Fichte,60,14,01-14,59.7,67.7,76.4,88.5,97.9,103.9,107.5
Fichte,60,15,01-15,60.9,69.2,76.7,89,98.0,104.3,107.5
Fichte,60,16,01-16,61.6,70.6,77.1,89.4,97.9,104.4,107.6
Fichte,60,17,01-17,61.8,71.8,77.3,89.9,98.0,104.6,107.7
Fichte,60,18,01-18,61.8,72.9,77.6,90.2,98.1,104.5,107.5
Fichte,60,19,01-19,61.8,74.0,79.1,90.8,98.3,104.6,107.4
Fichte,60,20,01-20,61.9,75.1,80.4,91.3,98.5,104.9,107.5
Fichte,60,21,01-21,61.9,76.1,81.8,91.8,98.7,105.2,107.7
Fichte,60,22,01-22,61.9,77.1,83.1,92.4,98.7,105.4,107.8
Fichte,60,23,01-23,61.6,77.6,83.4,92.9,98.8,105.9,108.1
Fichte,60,24,01-24,61.4,77.8,83.7,93.2,98.9,106.3,108.5
Fichte,60,25,01-25,61.1,78.0,84.0,93.7,98.9,106.7,108.8
Fichte,60,26,01-26,60.7,78.1,84.4,93.7,98.8,107.0,109.1
Fichte,60,27,01-27,60.3,78.2,84.7,93.7,98.6,107.3,109.1
Fichte,60,28,01-28,59.8,78.3,85.1,93.8,98.6,107.5,109.0
Fichte,60,29,01-29,59.3,78.4,85.3,93.9,98.8,107.8,109.0
Fichte,60,30,01-30,58.7,78.5,85.5,93.9,98.8,108.1,108.9
Fichte,60,31,01-31,58.1,78.6,85.8,94,98.8,108.1,108.8
Fichte,60,32,02-01,57.4,78.7,86.4,94,98.8,108.0,108.6
Fichte,60,33,02-02,56.7,78.7,86.7,93.9,98.6,107.9,108.5
Fichte,60,34,02-03,56.7,79.0,86.8,94,98.9,107.8,108.5
Fichte,60,35,02-04,56.7,79.0,86.8,94.1,99.0,107.7,108.7
Fichte,60,36,02-05,56.7,79.1,86.8,94.2,99.2,107.6,108.6
Fichte,60,37,02-06,56.8,79.2,86.9,94.2,99.2,107.4,108.5
Fichte,60,38,02-07,56.8,79.2,86.9,94.3,99.2,107.3,108.3
Fichte,60,39,02-08,56.9,79.3,86.9,94.4,99.2,107.2,108.2
Fichte,60,40,02-09,56.9,79.4,87.0,94.5,99.2,107.0,108.1
Fichte,60,41,02-10,56.9,79.5,87.1,94.6,99.2,107.0,108.0
Fichte,60,42,02-11,57.0,79.5,87.3,94.6,99.3,106.9,107.8
Fichte,60,43,02-12,57.0,79.6,87.4,94.6,99.4,106.7,107.7
Fichte,60,44,02-13,57.1,78.6,87.4,94.5,99.6,106.5,107.6
Fichte,60,45,02-14,57.0,77.6,87.5,94.4,99.7,106.4,107.5
Fichte,60,46,02-15,56.9,76.4,87.6,94.4,99.8,106.2,107.4
Fichte,60,47,02-16,56.8,75.3,87.6,94.3,100.0,106.1,107.2
Fichte,60,48,02-17,56.6,74.2,87.6,94.2,100.0,106.0,107.1
Fichte,60,49,02-18,56.5,73.0,87.7,94.1,100.1,105.9,107.0
Fichte,60,50,02-19,56.3,72.4,87.7,94,100.3,105.7,106.9
Fichte,60,51,02-20,56.1,71.2,87.7,93.9,100.6,105.6,107.0
Fichte,60,52,02-21,55.9,70.0,87.4,93.7,100.9,105.5,107.1
Fichte,60,53,02-22,55.6,68.9,87.1,93.6,101.3,105.5,107.2
Fichte,60,54,02-23,55.4,67.7,87.1,93.4,101.4,105.4,107.2
Fichte,60,55,02-24,55.1,66.5,87.1,93.2,101.5,105.3,107.0
Fichte,60,56,02-25,55.0,66.6,87.2,93.1,101.6,105.3,107.1
Fichte,60,57,02-26,55.0,66.7,87.2,93,101.7,105.3,107.1
Fichte,60,58,02-27,54.9,66.8,87.2,92.8,101.8,105.4,107.1
Fichte,60,59,02-28,54.8,66.9,87.1,92.6,101.9,105.4,107.0
Fichte,60,60,03-01,54.8,67.1,87.0,92.4,102.1,105.4,107.0
Fichte,60,61,03-02,54.4,66.0,86.8,92.2,102.2,105.3,106.9
Fichte,60,62,03-03,54.1,64.9,86.5,92,102.4,105.2,106.8
Fichte,60,63,03-04,53.7,63.9,86.3,91.9,102.5,105.1,106.7
Fichte,60,64,03-05,53.3,63.9,86.1,91.9,102.7,105.1,106.6
Fichte,60,65,03-06,53.1,64.0,85.8,91.9,102.8,105.0,106.5
Fichte,60,66,03-07,52.9,64.0,85.6,91.9,102.8,104.8,106.3
Fichte,60,67,03-08,52.8,64.1,85.3,91.9,102.9,104.7,106.2
Fichte,60,68,03-09,52.7,64.1,85.1,91.9,102.8,104.5,106.0
Fichte,60,69,03-10,52.6,64.2,84.9,91.9,102.7,104.4,105.9
Fichte,60,70,03-11,52.5,63.8,84.7,92,102.5,104.3,105.8
Fichte,60,71,03-12,52.5,63.8,84.4,92,102.3,104.2,105.6
Fichte,60,72,03-13,52.4,63.9,84.0,92,101.9,104.1,105.2
Fichte,60,73,03-14,52.3,64.0,83.7,92,101.6,103.9,104.9
Fichte,60,74,03-15,52.3,64.1,83.4,91.9,101.3,103.8,104.6
Fichte,60,75,03-16,52.2,64.1,83.1,91.9,100.9,103.6,104.4
Fichte,60,76,03-17,51.9,62.9,82.7,91.8,100.5,103.4,104.2
Fichte,60,77,03-18,51.6,61.6,82.4,91.7,100.1,103.2,104.0
Fichte,60,78,03-19,51.3,60.3,82.0,91.6,99.8,103.0,103.9
Fichte,60,79,03-20,51.0,58.9,81.7,91.5,99.4,102.8,103.8
Fichte,60,80,03-21,50.6,57.6,81.4,91.4,98.9,102.8,103.8
Fichte,60,81,03-22,50.5,57.4,81.1,91.4,98.4,102.8,103.9
Fichte,60,82,03-23,50.4,57.2,80.9,91.4,97.9,102.8,103.9
Fichte,60,83,03-24,50.3,57.0,80.7,91.2,97.3,102.7,103.9
Fichte,60,84,03-25,50.1,56.7,80.4,91,96.8,102.7,103.9
Fichte,60,85,03-26,49.9,56.3,80.2,90.8,96.2,102.7,104.0
Fichte,60,86,03-27,49.7,55.9,79.9,90.5,95.6,102.6,104.1
Fichte,60,87,03-28,49.5,55.5,79.6,90.2,95.1,102.6,104.1
Fichte,60,88,03-29,49.2,55.0,79.2,89.9,94.6,102.6,104.2
Fichte,60,89,03-30,48.9,54.5,78.8,89.6,94.1,102.4,104.2
Fichte,60,90,03-31,48.6,54.0,78.5,89.3,93.6,102.3,104.2
Fichte,60,91,04-01,48.2,53.4,78.2,89,93.1,102.1,104.1
Fichte,60,92,04-02,47.9,52.8,77.9,88.6,92.6,101.8,104.1
Fichte,60,93,04-03,47.5,52.1,77.6,88.3,92.1,101.5,104.0
Fichte,60,94,04-04,47.2,51.4,77.3,88,91.6,101.1,104.0
Fichte,60,95,04-05,46.8,50.7,77.0,87.7,91.1,100.7,103.9
Fichte,60,96,04-06,46.4,50.0,76.6,87.4,90.6,100.2,103.8
Fichte,60,97,04-07,46.0,50.0,76.4,87.2,90.3,99.9,103.6
Fichte,60,98,04-08,45.6,50.0,76.2,87,90.1,99.8,103.6
Fichte,60,99,04-09,45.2,50.1,76.0,86.7,89.8,99.8,103.5
Fichte,60,100,04-10,44.8,49.4,75.5,86.4,89.9,99.5,103.3
Fichte,60,101,04-11,44.4,48.7,75.0,86.1,90.0,99.3,103.1
Fichte,60,102,04-12,43.9,48.0,74.4,85.7,90.2,99.0,102.8
Fichte,60,103,04-13,43.5,47.3,73.8,85.3,89.9,98.6,102.5
Fichte,60,104,04-14,43.0,46.6,73.2,84.8,89.6,98.2,102.1
Fichte,60,105,04-15,42.5,45.9,72.6,84.4,89.7,97.9,101.8
Fichte,60,106,04-16,42.0,45.2,71.9,83.9,89.4,97.5,101.6
Fichte,60,107,04-17,41.5,44.6,71.3,83.5,89.4,97.2,101.4
Fichte,60,108,04-18,40.9,43.9,70.6,83.1,89.1,96.8,101.2
Fichte,60,109,04-19,40.4,43.4,69.9,82.7,89.2,96.5,101.2
Fichte,60,110,04-20,39.8,42.8,69.1,82.3,89.2,96.3,101.3
Fichte,60,111,04-21,39.3,42.2,68.4,82,89.2,96.1,101.3
Fichte,60,112,04-22,38.7,41.7,67.6,81.6,89.3,95.9,101.2
Fichte,60,113,04-23,38.1,41.3,66.8,81.3,89.3,95.9,101.2
Fichte,60,114,04-24,37.5,41.0,65.9,80.9,89.4,95.9,101.1
Fichte,60,115,04-25,36.9,40.8,65.0,80.6,89.5,96.1,101.0
Fichte,60,116,04-26,36.2,40.6,64.1,80.4,89.6,96.4,100.9
Fichte,60,117,04-27,35.6,39.7,62.9,80.2,89.4,96.5,100.8
Fichte,60,118,04-28,35.0,38.9,61.6,80.1,89.2,96.4,100.7
Fichte,60,119,04-29,34.4,38.1,60.3,80,89.0,96.2,100.4
Fichte,60,120,04-30,33.8,38.2,59.2,80,88.7,96.1,100.5
Fichte,60,121,05-01,33.2,38.4,58.2,80,88.3,96.0,100.7
Fichte,60,122,05-02,32.6,38.6,57.1,79.9,87.9,95.9,100.9
Fichte,60,123,05-03,32.0,38.8,56.0,80,88.0,96.0,101.1
Fichte,60,124,05-04,31.5,39.1,55.1,80,88.2,96.0,101.4
Fichte,60,125,05-05,30.9,39.4,54.3,79.9,88.0,96.0,101.5
Fichte,60,126,05-06,30.4,39.6,53.6,79.5,87.9,95.8,101.3
Fichte,60,127,05-07,29.8,39.9,52.9,79.1,87.6,95.7,101.4
Fichte,60,128,05-08,29.3,40.1,52.4,78.7,87.5,95.8,102.0
Fichte,60,129,05-09,28.9,40.4,52.0,78.2,87.2,95.7,101.8
Fichte,60,130,05-10,28.9,40.7,51.9,77.8,86.8,95.6,101.5
Fichte,60,131,05-11,29.2,41.0,51.8,77.3,86.5,95.4,101.3
Fichte,60,132,05-12,29.5,41.3,51.7,76.9,86.1,95.3,101.4
Fichte,60,133,05-13,29.9,41.5,51.8,76.5,85.8,95.0,101.3
Fichte,60,134,05-14,30.3,41.6,51.9,76,85.5,94.7,101.3
Fichte,60,135,05-15,30.7,41.7,52.0,75.5,85.1,94.3,101.2
Fichte,60,136,05-16,31.2,41.8,52.3,74.8,84.8,93.8,101.1
Fichte,60,137,05-17,31.6,41.8,52.7,74.1,84.5,93.3,100.9
Fichte,60,138,05-18,32.1,41.8,53.0,73.3,84.3,92.8,100.8
Fichte,60,139,05-19,32.5,41.7,53.5,72.5,84.0,92.3,100.7
Fichte,60,140,05-20,32.9,41.6,53.9,71.9,83.9,92.1,100.3
Fichte,60,141,05-21,33.4,41.3,54.4,71.4,83.8,91.9,100.4
Fichte,60,142,05-22,33.8,41.0,54.9,70.8,83.7,92.6,101.1
Fichte,60,143,05-23,34.2,40.7,55.4,70.8,83.6,93.2,101.5
Fichte,60,144,05-24,34.6,40.4,55.7,71,83.4,93.8,101.9
Fichte,60,145,05-25,35.0,40.1,56.0,71.1,83.3,94.1,102.1
Fichte,60,146,05-26,35.4,39.9,56.2,71.6,83.7,94.5,102.7
Fichte,60,147,05-27,35.8,39.6,56.3,72.1,83.9,94.7,102.7
Fichte,60,148,05-28,36.3,39.3,56.4,72.7,84.1,94.8,102.4
Fichte,60,149,05-29,36.8,39.8,56.4,73.2,84.6,94.9,102.5
Fichte,60,150,05-30,36.8,40.3,56.3,73.7,85.2,95.4,103.0
Fichte,60,151,05-31,36.4,40.7,56.1,74.1,85.9,95.9,103.1
Fichte,60,152,06-01,36.1,41.2,55.8,74.6,86.5,96.4,103.0
Fichte,60,153,06-02,35.7,41.7,55.6,75.1,87.1,96.9,103.1
Fichte,60,154,06-03,35.3,41.7,55.3,75.5,87.6,97.3,103.2
Fichte,60,155,06-04,34.9,41.7,55.0,76,88.1,97.8,103.5
Fichte,60,156,06-05,34.4,41.6,54.6,76.4,88.5,98.2,103.9
Fichte,60,157,06-06,34.0,41.5,54.2,76.9,89.0,98.6,104.2
Fichte,60,158,06-07,33.5,41.3,53.9,77.3,89.6,99.0,104.6
Fichte,60,159,06-08,33.0,41.1,53.6,76.9,89.9,99.3,105.1
Fichte,60,160,06-09,32.6,40.8,53.1,77.1,90.1,99.4,105.6
Fichte,60,161,06-10,32.2,40.5,52.7,77.3,90.1,99.5,105.4
Fichte,60,162,06-11,31.7,40.1,52.3,76.5,90.1,98.9,104.6
Fichte,60,163,06-12,31.3,39.8,51.9,75.2,90.1,98.2,104.0
Fichte,60,164,06-13,30.8,39.3,51.5,73.9,90.0,97.6,103.4
Fichte,60,165,06-14,30.3,38.8,51.1,72.6,89.8,97.3,103.1
Fichte,60,166,06-15,29.8,38.3,50.8,72.2,89.4,97.4,102.8
Fichte,60,167,06-16,29.4,37.7,50.5,71.8,89.0,97.3,102.6
Fichte,60,168,06-17,28.7,37.1,50.3,71.4,88.7,97.6,102.8
Fichte,60,169,06-18,28.1,35.6,50.0,70.9,88.2,97.7,102.7
Fichte,60,170,06-19,27.5,34.2,49.8,70.4,87.5,97.5,102.5
Fichte,60,171,06-20,26.9,32.8,49.7,69.8,86.8,97.3,102.4
Fichte,60,172,06-21,26.3,31.5,49.6,69.1,86.3,97.2,102.4
Fichte,60,173,06-22,25.8,30.1,49.4,68.3,85.6,97.0,102.2
Fichte,60,174,06-23,25.2,29.2,49.3,67.4,85.1,96.7,101.9
Fichte,60,175,06-24,24.7,28.4,49.1,66.5,84.5,96.5,102.0
Fichte,60,176,06-25,24.1,27.6,48.9,65.5,84.0,96.3,101.8
Fichte,60,177,06-26,23.4,26.9,48.6,64.5,83.5,96.1,101.6
Fichte,60,178,06-27,23.0,26.2,48.3,63.5,82.9,96.0,101.3
Fichte,60,179,06-28,22.6,25.7,47.9,63.5,82.8,96.1,100.9
Fichte,60,180,06-29,22.3,25.3,47.7,62.5,82.5,96.2,100.8
Fichte,60,181,06-30,22.0,25.0,47.4,61.6,82.2,96.3,100.8
Fichte,60,182,07-01,21.7,24.8,47.0,61.7,81.9,96.3,100.8
Fichte,60,183,07-02,21.4,24.7,46.7,61.6,81.6,96.4,101.0
Fichte,60,184,07-03,21.6,25.1,46.6,61.6,81.8,96.6,101.2
Fichte,60,185,07-04,21.9,25.5,46.5,61.7,81.9,96.8,101.2
Fichte,60,186,07-05,22.1,25.9,46.3,60.9,82.0,96.7,101.3
Fichte,60,187,07-06,22.4,26.2,46.1,60.1,82.1,96.8,101.2
Fichte,60,188,07-07,22.6,26.6,45.7,59.4,82.1,96.6,100.8
Fichte,60,189,07-08,22.9,27.0,45.2,58.7,81.7,96.5,100.7
Fichte,60,190,07-09,23.1,27.3,44.7,57.9,81.2,96.3,100.6
Fichte,60,191,07-10,23.4,27.6,44.1,57.2,80.7,96.1,100.6
Fichte,60,192,07-11,23.6,27.8,43.5,56.6,79.9,95.9,100.8
Fichte,60,193,07-12,23.9,28.2,43.3,56.1,79.3,95.7,101.3
Fichte,60,194,07-13,24.2,28.5,43.2,55.8,79.0,95.6,101.7
Fichte,60,195,07-14,24.1,28.6,42.6,55.6,78.7,95.5,101.6
Fichte,60,196,07-15,24.0,28.7,42.0,55.4,78.4,95.3,101.9
Fichte,60,197,07-16,24.0,28.9,41.4,55.3,78.0,95.2,102.2
Fichte,60,198,07-17,24.0,28.9,40.8,55.1,77.6,95.1,102.5
Fichte,60,199,07-18,24.0,28.9,40.2,55,76.9,94.7,102.8
Fichte,60,200,07-19,24.0,28.7,39.6,54.8,77.0,94.3,102.9
Fichte,60,201,07-20,24.0,28.5,39.0,54.5,77.3,94.2,102.9
Fichte,60,202,07-21,24.0,28.5,39.1,55,77.6,93.9,102.9
Fichte,60,203,07-22,24.0,28.4,39.2,55.1,77.7,93.5,102.9
Fichte,60,204,07-23,23.6,28.0,38.9,54.9,77.8,93.0,102.9
Fichte,60,205,07-24,23.2,27.5,38.7,54.7,77.8,92.6,102.9
Fichte,60,206,07-25,22.8,27.1,38.6,54.6,77.8,92.4,102.8
Fichte,60,207,07-26,22.4,26.7,38.4,54.5,77.7,92.1,102.7
Fichte,60,208,07-27,22.0,26.4,38.2,54.4,77.7,91.8,102.5
Fichte,60,209,07-28,21.7,26.0,38.0,54.3,77.9,91.6,102.3
Fichte,60,210,07-29,21.3,25.7,38.1,54.3,78.3,91.4,102.1
Fichte,60,211,07-30,21.0,25.4,38.3,54.4,78.6,91.3,101.8
Fichte,60,212,07-31,20.7,25.1,38.5,54.5,78.9,91.1,101.2
Fichte,60,213,08-01,20.4,24.6,37.8,54.2,79.2,91.0,100.5
Fichte,60,214,08-02,20.1,24.0,36.9,53.8,79.0,90.9,99.7
Fichte,60,215,08-03,20.2,23.7,36.5,53.5,78.8,90.8,99.0
Fichte,60,216,08-04,20.3,23.4,36.1,53,78.4,90.3,98.2
Fichte,60,217,08-05,20.4,23.2,35.6,52.4,77.9,89.4,97.4
Fichte,60,218,08-06,20.3,22.9,35.1,51.9,77.5,88.7,96.6
Fichte,60,219,08-07,20.1,22.7,34.7,51.4,77.2,88.1,95.8
Fichte,60,220,08-08,19.8,22.5,34.3,50.7,76.2,87.3,95.0
Fichte,60,221,08-09,19.6,22.3,33.8,50.2,75.2,86.4,94.2
Fichte,60,222,08-10,19.3,21.9,32.7,48.9,74.2,85.6,93.4
Fichte,60,223,08-11,19.0,21.5,31.6,48.3,73.2,84.9,92.6
Fichte,60,224,08-12,18.7,21.1,30.5,47.6,72.0,84.1,91.8
Fichte,60,225,08-13,18.3,20.7,29.4,46.8,70.8,83.2,91.0
Fichte,60,226,08-14,18.0,20.3,28.8,46.1,69.7,82.3,90.3
Fichte,60,227,08-15,17.7,20.0,27.9,45.3,68.6,81.3,89.7
Fichte,60,228,08-16,17.3,19.6,27.1,44.6,67.6,80.3,89.1
Fichte,60,229,08-17,17.0,19.3,26.2,43.7,66.7,79.5,88.5
Fichte,60,230,08-18,16.7,19.1,25.0,42.9,65.8,78.6,88.0
Fichte,60,231,08-19,16.3,18.8,23.8,42.1,65.0,77.7,87.5
Fichte,60,232,08-20,16.0,18.6,22.6,41.3,64.2,76.7,87.1
Fichte,60,233,08-21,15.6,18.4,21.9,40.8,63.5,75.7,86.8
Fichte,60,234,08-22,15.3,18.2,21.3,40.3,62.8,74.7,86.8
Fichte,60,235,08-23,14.9,18.1,20.8,39.9,62.3,73.6,86.8
Fichte,60,236,08-24,14.6,17.9,20.3,39.6,61.9,72.8,86.9
Fichte,60,237,08-25,14.4,17.7,19.9,39.4,61.8,73.1,86.9
Fichte,60,238,08-26,14.1,17.6,19.6,39.2,61.6,73.1,86.9
Fichte,60,239,08-27,13.9,17.3,19.2,39.1,61.4,73.3,86.9
Fichte,60,240,08-28,13.7,17.1,18.9,38.9,61.0,73.5,86.9
Fichte,60,241,08-29,13.6,16.9,18.7,38.8,60.7,73.7,86.9
Fichte,60,242,08-30,13.4,16.6,18.5,38.7,60.3,74.0,86.9
Fichte,60,243,08-31,13.2,16.3,18.3,38.7,60.0,74.2,87.0
Fichte,60,244,09-01,13.1,16.0,18.1,38.7,59.8,74.3,87.0
Fichte,60,245,09-02,13.0,15.7,18.0,38.6,59.6,74.4,87.1
Fichte,60,246,09-03,12.8,15.4,17.5,38.6,59.4,74.6,87.2
Fichte,60,247,09-04,12.7,15.0,17.1,38.6,59.2,74.8,87.4
Fichte,60,248,09-05,12.5,14.7,16.9,38.6,58.9,75.1,87.5
Fichte,60,249,09-06,12.4,14.4,16.7,39,58.9,75.4,87.7
Fichte,60,250,09-07,12.2,14.1,16.5,39.4,59.1,75.7,87.8
Fichte,60,251,09-08,12.1,13.7,16.4,39.8,59.2,76.1,88.0
Fichte,60,252,09-09,11.9,13.4,16.3,40.2,59.5,76.6,88.1
Fichte,60,253,09-10,11.7,13.1,16.2,40.5,59.7,77.0,88.2
Fichte,60,254,09-11,11.5,12.7,16.1,40.8,60.0,78.0,88.5
Fichte,60,255,09-12,11.4,12.4,16.0,41.1,60.3,79.0,89.3
Fichte,60,256,09-13,11.2,12.0,15.9,41.3,60.5,80.0,90.0
Fichte,60,257,09-14,11.0,11.7,15.8,41.5,60.8,80.6,90.8
Fichte,60,258,09-15,10.8,11.4,15.7,41.6,61.0,81.8,91.6
Fichte,60,259,09-16,10.6,11.1,15.6,41.7,61.3,82.9,92.3
Fichte,60,260,09-17,10.4,10.9,15.5,41.6,61.5,83.5,93.0
Fichte,60,261,09-18,10.1,10.7,15.4,41.5,61.8,84.2,93.6
Fichte,60,262,09-19,9.9,10.6,15.4,41.8,62.8,84.7,94.1
Fichte,60,263,09-20,9.7,10.5,15.3,42.1,63.9,85.2,94.7
Fichte,60,264,09-21,9.4,10.4,15.3,42.3,65.0,85.8,95.2
Fichte,60,265,09-22,9.1,10.3,15.2,42.4,66.2,86.5,95.6
Fichte,60,266,09-23,8.9,10.2,15.9,42.9,67.5,87.4,96.0
Fichte,60,267,09-24,8.6,10.1,16.5,43.4,68.8,88.3,96.4
Fichte,60,268,09-25,8.4,10.0,17.1,44,70.2,89.0,96.7
Fichte,60,269,09-26,8.3,10.0,17.1,43.6,71.4,89.6,97.0
Fichte,60,270,09-27,8.2,9.9,17.5,43.9,72.5,90.2,97.2
Fichte,60,271,09-28,8.1,9.8,17.8,44.2,73.6,90.8,97.7
Fichte,60,272,09-29,8.0,9.8,17.8,43.8,74.7,91.3,98.7
Fichte,60,273,09-30,7.9,9.7,17.8,43.5,75.7,91.9,99.3
Fichte,60,274,10-01,7.9,9.7,17.8,43.3,76.8,92.0,99.3
Fichte,60,275,10-02,7.8,9.6,17.8,43.1,77.7,92.2,98.9
Fichte,60,276,10-03,7.7,9.6,17.8,42.9,78.5,92.3,98.4
Fichte,60,277,10-04,7.6,9.6,17.7,42.8,79.3,92.4,97.9
Fichte,60,278,10-05,7.5,9.5,17.6,42.8,80.1,91.6,97.4
Fichte,60,279,10-06,7.5,9.5,17.5,42.8,81.0,91.1,97.1
Fichte,60,280,10-07,7.4,9.3,17.5,42.8,82.0,91.2,97.0
Fichte,60,281,10-08,7.4,9.2,17.4,42.9,83.0,91.4,97.3
Fichte,60,282,10-09,7.3,9.1,17.3,42.6,83.4,91.6,97.6
Fichte,60,283,10-10,7.3,8.9,17.2,42.4,83.7,91.9,97.9
Fichte,60,284,10-11,7.3,8.8,17.2,42.2,83.9,92.1,98.2
Fichte,60,285,10-12,7.2,8.6,17.1,42,84.0,92.3,98.5
Fichte,60,286,10-13,7.1,8.5,16.3,41.5,84.1,92.3,98.7
Fichte,60,287,10-14,7.0,8.4,15.5,41,84.2,92.7,99.3
Fichte,60,288,10-15,6.9,8.2,14.9,40.3,84.2,93.0,99.5
Fichte,60,289,10-16,6.8,8.1,14.9,40.4,84.1,93.2,99.8
Fichte,60,290,10-17,6.7,8.0,14.4,39.7,84.1,93.3,100.1
Fichte,60,291,10-18,6.5,7.8,14.1,39.1,84.0,93.6,100.2
Fichte,60,292,10-19,6.3,7.7,14.0,39.1,83.8,93.9,99.7
Fichte,60,293,10-20,6.1,7.6,14.1,39.2,83.6,94.2,99.6
Fichte,60,294,10-21,5.9,7.5,14.1,39.1,83.4,94.4,99.5
Fichte,60,295,10-22,5.7,7.4,14.1,39.1,83.2,94.7,99.5
Fichte,60,296,10-23,5.6,7.3,14.1,39,83.2,94.9,99.6
Fichte,60,297,10-24,5.4,7.2,14.3,39,83.1,95.2,99.6
Fichte,60,298,10-25,5.3,7.3,14.7,39.6,83.0,95.5,99.8
Fichte,60,299,10-26,5.1,7.5,15.2,40.3,82.8,95.9,99.8
Fichte,60,300,10-27,4.9,7.7,15.7,40.9,82.6,95.8,99.7
Fichte,60,301,10-28,4.8,7.8,16.2,41.6,82.2,95.8,99.1
Fichte,60,302,10-29,4.7,7.8,16.3,41.6,81.8,95.7,98.6
Fichte,60,303,10-30,4.5,7.7,16.5,41.6,81.4,95.7,98.3
Fichte,60,304,10-31,4.4,7.7,16.7,41.5,81.1,95.6,98.0
Fichte,60,305,11-01,4.4,7.7,16.9,41.5,81.0,95.5,97.8
Fichte,60,306,11-02,4.3,7.6,17.3,41.5,80.9,95.5,97.6
Fichte,60,307,11-03,4.4,7.8,17.5,41.6,80.9,95.1,97.2
Fichte,60,308,11-04,4.5,8.0,18.6,42,80.8,94.8,97.2
Fichte,60,309,11-05,4.5,8.2,19.7,42.5,80.8,94.5,97.1
Fichte,60,310,11-06,4.6,8.5,20.8,43.2,80.9,94.4,97.1
Fichte,60,311,11-07,4.6,8.7,22.0,44.1,80.9,94.1,97.3
Fichte,60,312,11-08,4.6,8.8,23.2,45.6,81.0,93.8,97.7
Fichte,60,313,11-09,4.7,9.0,24.3,47.4,81.2,93.7,98.1
Fichte,60,314,11-10,5.0,9.5,25.4,49.3,81.5,93.6,98.6
Fichte,60,315,11-11,5.3,10.1,26.6,50.4,82.0,93.8,99.2
Fichte,60,316,11-12,5.6,10.8,27.8,51.4,82.6,94.0,99.7
Fichte,60,317,11-13,5.9,11.5,28.9,52.5,83.2,94.1,100.2
Fichte,60,318,11-14,6.1,12.0,29.7,52.9,83.9,94.1,100.5
Fichte,60,319,11-15,6.4,12.5,30.5,53.4,84.7,94.2,100.9
Fichte,60,320,11-16,6.7,13.0,31.3,53.8,85.6,94.7,101.4
Fichte,60,321,11-17,6.9,13.5,32.2,54.2,86.6,95.1,102.0
Fichte,60,322,11-18,7.8,15.0,33.7,56.2,87.6,95.5,102.3
Fichte,60,323,11-19,8.7,16.5,35.1,58.6,88.5,95.9,102.6
Fichte,60,324,11-20,9.6,18.0,36.6,61.1,89.5,96.2,102.9
Fichte,60,325,11-21,10.6,19.5,38.4,63.6,90.3,96.5,103.1
Fichte,60,326,11-22,11.5,21.0,40.2,66,91.1,96.8,103.2
Fichte,60,327,11-23,12.4,22.2,42.2,68.3,91.7,97.0,103.4
Fichte,60,328,11-24,12.6,22.9,42.4,69.6,92.4,97.4,103.5
Fichte,60,329,11-25,12.9,23.5,42.6,71.3,93.0,97.8,103.6
Fichte,60,330,11-26,13.2,24.2,42.8,73.2,93.6,98.2,103.9
Fichte,60,331,11-27,13.5,25.0,42.9,75,94.4,98.8,104.3
Fichte,60,332,11-28,13.8,25.8,43.1,76.1,95.2,99.4,104.6
Fichte,60,333,11-29,14.2,26.6,43.3,77,96.0,99.8,104.9
Fichte,60,334,11-30,14.3,27.1,43.5,77.9,96.6,100.1,105.0
Fichte,60,335,12-01,14.4,27.5,43.6,79.6,97.0,100.2,105.2
Fichte,60,336,12-02,14.6,27.9,43.7,81.2,97.4,100.4,105.4
Fichte,60,337,12-03,14.7,28.4,43.9,82.9,97.7,100.5,105.6
Fichte,60,338,12-04,14.9,28.8,44.1,84.5,97.9,100.7,105.9
Fichte,60,339,12-05,15.0,29.3,44.2,86.2,98.0,101.1,106.1
Fichte,60,340,12-06,15.1,29.9,44.4,87.9,98.0,101.1,106.3
Fichte,60,341,12-07,15.3,30.4,44.6,89.4,98.0,101.2,106.4
Fichte,60,342,12-08,14.8,30.3,44.4,90.1,97.9,101.3,106.6
Fichte,60,343,12-09,14.3,30.3,44.3,90.3,97.9,101.4,106.9
Fichte,60,344,12-10,13.7,30.3,44.2,90.4,97.7,101.6,107.2
Fichte,60,345,12-11,13.2,30.3,43.8,90.5,97.6,101.9,107.5
Fichte,60,346,12-12,12.6,30.4,43.2,90.6,97.4,102.3,107.9
Fichte,60,347,12-13,12.2,30.6,43.2,90.8,97.3,102.8,108.3
Fichte,60,348,12-14,13.7,31.5,44.0,91.5,97.3,103.2,108.7
Fichte,60,349,12-15,15.2,32.4,44.8,91.8,97.4,103.4,109.2
Fichte,60,350,12-16,16.5,33.3,46.2,91.7,97.4,103.5,109.4
Fichte,60,351,12-17,17.8,34.2,47.6,91.6,97.4,103.5,109.4
Fichte,60,352,12-18,18.9,35.1,49.0,91.6,97.4,103.6,109.2
Fichte,60,353,12-19,20.1,36.1,50.5,91.5,97.4,103.7,109.1
Fichte,60,354,12-20,21.2,37.1,51.9,91.4,97.4,104.0,109.0
Fichte,60,355,12-21,22.2,38.1,53.3,91.2,97.4,104.2,108.9
Fichte,60,356,12-22,22.7,38.6,53.9,91.2,97.3,104.4,108.9
Fichte,60,357,12-23,23.3,39.1,54.6,91,97.3,104.6,108.8
Fichte,60,358,12-24,23.9,39.7,55.3,90.9,97.2,104.9,108.7
Fichte,60,359,12-25,24.7,40.2,56.1,90.6,97.2,105.0,108.7
Fichte,60,360,12-26,25.5,40.8,57.0,90.4,97.3,105.0,108.7
Fichte,60,361,12-27,26.4,41.3,58.0,90.2,97.3,105.1,108.7
Fichte,60,362,12-28,27.5,41.9,59.1,90,97.5,105.1,108.8
Fichte,60,363,12-29,28.8,42.4,60.3,89.9,97.7,105.2,108.9
Fichte,60,364,12-30,30.3,43.0,61.8,89.9,97.9,105.3,109.0
Fichte,60,365,12-31,32.2,43.5,63.4,89.9,98.2,105.2,
