Baumart,Tiefe_cm,Tag_des_Jahres,Datum_MM_DD,Min,Q10,Q25,Median,Q75,Q90,Max
Buche,15,1,01-01,94.7,94.7,100.2,103.6,107.2,115.2,115.2
Buche,15,2,01-02,94.4,94.4,99.9,103.4,107.1,114.6,114.6
Buche,15,3,01-03,94.2,94.2,99.6,103.3,106.8,114.1,114.1
Buche,15,4,01-04,93.9,93.9,99.2,103.2,106.5,113.6,113.6
Buche,15,5,01-05,93.7,93.7,98.8,103.1,106.6,113.6,113.6
Buche,15,6,01-06,93.4,93.4,98.5,103,106.6,113.2,113.2
Buche,15,7,01-07,93.4,93.4,98.6,102.9,106.4,112.8,112.8
Buche,15,8,01-08,93.3,93.3,98.6,103,106.4,112.9,112.9
Buche,15,9,01-09,93.3,93.3,98.6,102.8,106.3,112.8,112.8
Buche,15,10,01-10,93.2,93.2,98.4,102.5,106.5,112.9,112.9
Buche,15,11,01-11,93.2,93.2,98.5,102.6,106.6,113.5,113.5
Buche,15,12,01-12,93.1,93.1,98.2,102.6,106.7,114.2,114.2
Buche,15,13,01-13,93.3,93.3,98.0,102.5,106.6,114.7,114.7
Buche,15,14,01-14,93.2,93.2,97.9,102.5,106.5,114.1,114.1
Buche,15,15,01-15,93.0,93.0,97.8,102.2,106.3,113.7,113.7
Buche,15,16,01-16,92.9,92.9,97.8,102.3,106.3,113.8,113.8
Buche,15,17,01-17,93.0,93.0,98.0,102.3,106.1,113.9,113.9
Buche,15,18,01-18,93.0,93.0,97.8,102,106.3,114.6,114.6
Buche,15,19,01-19,93.0,93.0,97.2,101.5,106.2,114.7,114.7
Buche,15,20,01-20,93.1,93.1,96.8,101.3,106.4,115.2,115.2
Buche,15,21,01-21,93.1,93.1,96.9,101,106.5,115.7,115.7
Buche,15,22,01-22,93.4,93.4,97.3,101.4,107.4,116.9,116.9
Buche,15,23,01-23,93.7,93.7,97.4,101.6,108.3,118.2,118.2
Buche,15,24,01-24,93.9,93.9,97.6,101.8,108.9,119.4,119.4
Buche,15,25,01-25,94.1,94.1,97.8,101.9,109.1,119.6,119.6
Buche,15,26,01-26,94.2,94.2,97.8,102.1,109.3,120.4,120.4
Buche,15,27,01-27,94.1,94.1,97.7,102.2,110.0,121.3,121.3
Buche,15,28,01-28,94.0,94.0,97.7,102,110.5,121.7,121.7
Buche,15,29,01-29,93.9,93.9,97.7,102.7,111.3,122.2,122.2
Buche,15,30,01-30,93.8,93.8,97.8,103.4,111.4,122.2,122.2
Buche,15,31,01-31,93.7,93.7,97.9,103.9,111.5,121.5,121.5
Buche,15,32,02-01,94.0,94.0,98.0,104,111.6,121.0,121.0
Buche,15,33,02-02,93.9,93.9,98.4,104.2,111.7,120.2,120.2
Buche,15,34,02-03,93.9,93.9,98.5,104.1,111.8,119.8,119.8
Buche,15,35,02-04,93.9,93.9,98.5,104.2,111.9,119.5,119.5
Buche,15,36,02-05,93.7,93.7,98.3,104.1,111.8,119.4,119.4
Buche,15,37,02-06,93.5,93.5,98.0,104.2,112.2,119.7,119.7
Buche,15,38,02-07,93.3,93.3,97.8,104.5,112.2,118.9,118.9
Buche,15,39,02-08,93.2,93.2,97.7,104.8,112.2,118.2,118.2
Buche,15,40,02-09,93.1,93.1,97.9,105.2,112.1,117.8,117.8
Buche,15,41,02-10,93.0,93.0,97.6,105.3,111.9,117.3,117.3
Buche,15,42,02-11,92.7,92.7,97.1,104.7,111.1,116.3,116.3
Buche,15,43,02-12,92.5,92.5,96.9,104.8,110.4,115.5,115.5
Buche,15,44,02-13,92.2,92.2,96.7,104.6,110.0,114.5,114.5
Buche,15,45,02-14,92.0,92.0,96.5,104.6,109.7,114.0,114.0
Buche,15,46,02-15,92.2,92.2,96.7,104.5,109.3,113.4,113.4
Buche,15,47,02-16,92.4,92.4,97.0,104.5,108.9,112.6,112.6
Buche,15,48,02-17,92.7,92.7,96.8,104.6,108.3,112.1,112.1
Buche,15,49,02-18,92.9,92.9,96.7,104.2,107.6,111.5,111.5
Buche,15,50,02-19,93.1,93.1,96.5,103.5,107.1,111.0,111.0
Buche,15,51,02-20,93.3,93.3,96.4,103,106.8,110.5,110.5
Buche,15,52,02-21,93.1,93.1,96.1,102.5,106.3,109.9,109.9
Buche,15,53,02-22,93.0,93.0,95.5,101.8,105.9,109.6,109.6
Buche,15,54,02-23,92.9,92.9,95.3,101.5,105.7,109.6,109.6
Buche,15,55,02-24,92.8,92.8,95.0,101.3,105.4,109.5,109.5
Buche,15,56,02-25,92.7,92.7,94.9,101,105.1,109.3,109.3
Buche,15,57,02-26,92.7,92.7,94.9,100.8,104.6,108.7,108.7
Buche,15,58,02-27,92.6,92.6,94.9,100.5,104.2,108.5,108.5
Buche,15,59,02-28,92.6,92.6,94.9,100.3,104.0,108.3,108.3
Buche,15,60,03-01,92.5,92.5,94.8,100.1,104.0,108.3,108.3
Buche,15,61,03-02,92.4,92.4,95.0,100.1,104.1,108.5,108.5
Buche,15,62,03-03,92.3,92.3,95.1,100.3,104.2,109.1,109.1
Buche,15,63,03-04,92.2,92.2,95.6,100.2,104.2,109.3,109.3
Buche,15,64,03-05,92.2,92.2,95.9,100.3,104.2,110.1,110.1
Buche,15,65,03-06,92.2,92.2,96.4,100.4,104.4,110.7,110.7
Buche,15,66,03-07,91.8,91.8,96.5,100.3,104.4,111.4,111.4
Buche,15,67,03-08,91.5,91.5,96.4,100.1,104.2,111.9,111.9
Buche,15,68,03-09,91.2,91.2,96.4,99.8,104.0,112.1,112.1
Buche,15,69,03-10,90.9,90.9,96.4,99.5,103.9,112.4,112.4
Buche,15,70,03-11,90.6,90.6,96.4,99.5,104.0,112.8,112.8
Buche,15,71,03-12,90.3,90.3,96.3,99.5,104.0,113.1,113.1
Buche,15,72,03-13,90.1,90.1,96.3,99.6,104.0,113.5,113.5
Buche,15,73,03-14,89.8,89.8,96.3,99.8,104.0,113.7,113.7
Buche,15,74,03-15,89.6,89.6,96.4,99.9,104.1,113.6,113.6
Buche,15,75,03-16,89.4,89.4,96.5,100.1,104.3,113.7,113.7
Buche,15,76,03-17,89.2,89.2,96.6,100.5,104.7,113.9,113.9
Buche,15,77,03-18,89.0,89.0,96.6,100.5,104.8,114.0,114.0
Buche,15,78,03-19,88.8,88.8,96.6,100.4,104.7,113.6,113.6
Buche,15,79,03-20,88.6,88.6,96.8,100.6,104.7,113.5,113.5
Buche,15,80,03-21,88.4,88.4,96.7,100.6,104.6,113.5,113.5
Buche,15,81,03-22,88.2,88.2,96.7,100.5,104.6,113.5,113.5
Buche,15,82,03-23,88.0,88.0,96.7,100.4,104.4,113.2,113.2
Buche,15,83,03-24,87.8,87.8,96.7,100.4,104.2,112.5,112.5
Buche,15,84,03-25,87.6,87.6,96.7,100.2,104.2,111.6,111.6
Buche,15,85,03-26,87.4,87.4,96.5,100.2,104.0,111.5,111.5
Buche,15,86,03-27,87.2,87.2,96.4,100.1,103.9,110.9,110.9
Buche,15,87,03-28,86.9,86.9,96.4,100.3,104.0,110.7,110.7
Buche,15,88,03-29,86.7,86.7,96.4,100.3,104.3,111.1,111.1
Buche,15,89,03-30,86.5,86.5,96.4,100.3,104.8,111.8,111.8
Buche,15,90,03-31,86.3,86.3,96.4,100.1,105.1,111.9,111.9
Buche,15,91,04-01,86.0,86.0,96.5,100.8,105.5,112.0,112.0
Buche,15,92,04-02,85.8,85.8,96.5,101.4,106.0,112.3,112.3
Buche,15,93,04-03,85.6,85.6,96.4,101.8,106.5,112.4,112.4
Buche,15,94,04-04,85.3,85.3,96.2,102,106.6,112.5,112.5
Buche,15,95,04-05,85.1,85.1,95.9,102.1,106.6,112.5,112.5
Buche,15,96,04-06,85.0,85.0,96.0,102.2,106.6,112.6,112.6
Buche,15,97,04-07,85.0,85.0,96.4,102.4,106.6,112.6,112.6
Buche,15,98,04-08,85.5,85.5,96.6,102.6,106.7,112.6,112.6
Buche,15,99,04-09,85.7,85.7,96.7,102.4,106.9,113.0,113.0
Buche,15,100,04-10,85.9,85.9,96.7,102.3,106.7,113.0,113.0
Buche,15,101,04-11,86.0,86.0,96.6,102.1,106.8,112.8,112.8
Buche,15,102,04-12,86.0,86.0,96.6,102.1,106.9,112.4,112.4
Buche,15,103,04-13,86.3,86.3,96.2,101.9,106.9,112.3,112.3
Buche,15,104,04-14,86.9,86.9,96.1,102,106.9,112.0,112.0
Buche,15,105,04-15,87.5,87.5,96.0,101.8,106.9,111.5,111.5
Buche,15,106,04-16,88.0,88.0,96.0,101.9,106.9,111.0,111.0
Buche,15,107,04-17,88.4,88.4,96.0,101.8,106.7,110.5,110.5
Buche,15,108,04-18,88.6,88.6,95.9,101.8,106.4,109.8,109.8
Buche,15,109,04-19,88.7,88.7,95.8,102.1,106.2,108.9,108.9
Buche,15,110,04-20,88.7,88.7,96.0,102.4,105.9,108.4,108.4
Buche,15,111,04-21,88.4,88.4,96.0,101.9,105.5,108.1,108.1
Buche,15,112,04-22,88.0,88.0,95.9,101.4,104.9,107.4,107.4
Buche,15,113,04-23,87.4,87.4,95.8,101,104.4,107.0,107.0
Buche,15,114,04-24,87.6,87.6,95.9,100.5,103.9,106.7,106.7
Buche,15,115,04-25,87.6,87.6,95.9,100.1,103.6,106.4,106.4
Buche,15,116,04-26,87.3,87.3,95.6,99.6,103.0,106.1,106.1
Buche,15,117,04-27,86.7,86.7,95.0,99.3,103.0,106.1,106.1
Buche,15,118,04-28,85.6,85.6,94.5,99.2,103.0,106.1,106.1
Buche,15,119,04-29,84.6,84.6,93.9,99.1,102.7,105.5,105.5
Buche,15,120,04-30,83.6,83.6,93.4,98.8,102.6,105.4,105.4
Buche,15,121,05-01,82.4,82.4,92.6,98.4,102.3,104.9,104.9
Buche,15,122,05-02,81.1,81.1,91.8,97.7,102.2,105.0,105.0
Buche,15,123,05-03,79.4,79.4,91.0,97,102.0,104.9,104.9
Buche,15,124,05-04,77.2,77.2,89.6,96,101.6,104.8,104.8
Buche,15,125,05-05,74.9,74.9,88.2,95.1,101.2,104.5,104.5
Buche,15,126,05-06,72.5,72.5,86.4,94.3,100.7,104.7,104.7
Buche,15,127,05-07,70.2,70.2,84.6,94,100.4,104.8,104.8
Buche,15,128,05-08,67.9,67.9,82.7,93.6,100.5,104.9,104.9
Buche,15,129,05-09,65.7,65.7,80.6,93,100.5,105.1,105.1
Buche,15,130,05-10,63.6,63.6,78.2,92.3,100.4,105.0,105.0
Buche,15,131,05-11,61.5,61.5,75.8,91.5,100.4,105.0,105.0
Buche,15,132,05-12,59.7,59.7,73.5,90.7,100.4,105.2,105.2
Buche,15,133,05-13,58.0,58.0,71.2,89.9,100.4,105.3,105.3
Buche,15,134,05-14,55.5,55.5,68.7,89.1,100.7,105.7,105.7
Buche,15,135,05-15,53.4,53.4,66.5,88.1,100.9,105.7,105.7
Buche,15,136,05-16,51.4,51.4,64.4,87.1,100.8,105.9,105.9
Buche,15,137,05-17,49.5,49.5,62.2,85.7,100.5,106.1,106.1
Buche,15,138,05-18,47.6,47.6,61.0,84.3,100.2,106.2,106.2
Buche,15,139,05-19,46.6,46.6,59.7,84.1,99.8,106.4,106.4
Buche,15,140,05-20,45.8,45.8,58.5,83.7,100.0,106.7,106.7
Buche,15,141,05-21,44.9,44.9,57.3,83.5,100.0,107.3,107.3
Buche,15,142,05-22,43.9,43.9,55.9,83.7,99.8,107.8,107.8
Buche,15,143,05-23,42.9,42.9,54.6,83.9,99.7,108.3,108.3
Buche,15,144,05-24,42.1,42.1,53.3,84,99.6,108.3,108.3
Buche,15,145,05-25,41.4,41.4,52.2,84.4,99.5,108.0,108.0
Buche,15,146,05-26,41.0,41.0,51.1,84.7,99.5,107.7,107.7
Buche,15,147,05-27,40.7,40.7,50.1,84.6,99.5,107.8,107.8
Buche,15,148,05-28,40.4,40.4,49.3,84.4,98.7,107.6,107.6
Buche,15,149,05-29,40.2,40.2,48.9,84,98.0,107.5,107.5
Buche,15,150,05-30,40.1,40.1,48.8,83.5,97.2,107.8,107.8
Buche,15,151,05-31,39.9,39.9,48.6,82.9,96.3,108.0,108.0
Buche,15,152,06-01,39.6,39.6,48.2,82.4,95.1,107.7,107.7
Buche,15,153,06-02,39.2,39.2,47.5,81.9,93.8,107.5,107.5
Buche,15,154,06-03,38.8,38.8,46.9,81.2,91.9,106.9,106.9
Buche,15,155,06-04,38.1,38.1,45.9,80.2,90.1,106.6,106.6
Buche,15,156,06-05,37.3,37.3,44.7,79.4,89.2,105.7,105.7
Buche,15,157,06-06,36.5,36.5,43.7,79,88.2,104.5,104.5
Buche,15,158,06-07,35.6,35.6,41.5,78.2,87.3,103.2,103.2
Buche,15,159,06-08,33.9,33.9,39.5,76.1,86.3,101.8,101.8
Buche,15,160,06-09,32.2,32.2,37.6,74,84.6,100.1,100.1
Buche,15,161,06-10,30.7,30.7,36.5,71.6,83.1,98.5,98.5
Buche,15,162,06-11,29.4,29.4,35.6,68.9,82.1,97.2,97.2
Buche,15,163,06-12,28.3,28.3,34.6,66.1,81.1,96.0,96.0
Buche,15,164,06-13,27.2,27.2,33.5,63.2,80.0,95.6,95.6
Buche,15,165,06-14,26.4,26.4,32.6,60.2,78.8,96.0,96.0
Buche,15,166,06-15,25.5,25.5,31.7,57.4,77.2,96.5,96.5
Buche,15,167,06-16,24.4,24.4,30.8,54.3,75.3,96.3,96.3
Buche,15,168,06-17,23.2,23.2,29.9,52.4,73.3,95.8,95.8
Buche,15,169,06-18,22.2,22.2,29.0,50.4,71.2,95.1,95.1
Buche,15,170,06-19,21.1,21.1,27.7,48.1,69.1,94.9,94.9
Buche,15,171,06-20,20.2,20.2,26.6,45.7,68.8,95.3,95.3
Buche,15,172,06-21,19.4,19.4,25.7,44,69.4,96.1,96.1
Buche,15,173,06-22,18.7,18.7,25.2,42.1,70.4,96.5,96.5
Buche,15,174,06-23,18.1,18.1,24.7,40.1,71.8,96.8,96.8
Buche,15,175,06-24,17.6,17.6,24.2,38.2,73.5,97.6,97.6
Buche,15,176,06-25,17.1,17.1,23.6,36.2,74.4,98.6,98.6
Buche,15,177,06-26,16.8,16.8,23.2,33.9,75.3,100.1,100.1
Buche,15,178,06-27,16.4,16.4,22.8,32.9,75.9,101.7,101.7
Buche,15,179,06-28,16.1,16.1,22.4,32.6,76.4,103.4,103.4
Buche,15,180,06-29,15.8,15.8,22.0,32.2,76.8,105.4,105.4
Buche,15,181,06-30,15.4,15.4,20.9,31.7,77.0,107.1,107.1
Buche,15,182,07-01,15.2,15.2,19.7,31,77.4,108.4,108.4
Buche,15,183,07-02,15.0,15.0,19.2,30.6,78.0,109.2,109.2
Buche,15,184,07-03,14.8,14.8,18.6,29.9,78.5,110.8,110.8
Buche,15,185,07-04,14.2,14.2,17.8,30.1,79.1,111.3,111.3
Buche,15,186,07-05,13.6,13.6,17.2,31,79.8,111.5,111.5
Buche,15,187,07-06,13.2,13.2,17.6,32.7,81.5,111.8,111.8
Buche,15,188,07-07,12.8,12.8,17.4,33.4,83.1,112.2,112.2
Buche,15,189,07-08,12.4,12.4,16.9,34.2,84.7,112.5,112.5
Buche,15,190,07-09,12.0,12.0,16.3,34.9,86.0,112.0,112.0
Buche,15,191,07-10,11.7,11.7,16.0,35.8,85.4,110.9,110.9
Buche,15,192,07-11,11.4,11.4,16.6,36.3,83.7,109.4,109.4
Buche,15,193,07-12,11.0,11.0,16.5,37,82.2,108.2,108.2
Buche,15,194,07-13,10.6,10.6,16.3,37.9,80.2,106.9,106.9
Buche,15,195,07-14,10.2,10.2,16.0,38.9,78.1,105.1,105.1
Buche,15,196,07-15,9.9,9.9,16.4,40,75.9,103.0,103.0
Buche,15,197,07-16,9.5,9.5,17.1,41.5,73.6,100.4,100.4
Buche,15,198,07-17,9.2,9.2,18.1,41.9,72.2,98.7,98.7
Buche,15,199,07-18,8.9,8.9,18.8,42.6,71.5,97.3,97.3
Buche,15,200,07-19,8.7,8.7,19.4,43.6,71.1,95.1,95.1
Buche,15,201,07-20,8.5,8.5,19.8,44.7,70.7,93.0,93.0
Buche,15,202,07-21,8.2,8.2,20.1,46,69.3,90.7,90.7
Buche,15,203,07-22,7.9,7.9,20.0,47.6,67.8,89.4,89.4
Buche,15,204,07-23,7.6,7.6,20.0,49.5,67.3,87.4,87.4
Buche,15,205,07-24,7.3,7.3,20.7,50.8,66.7,85.8,85.8
Buche,15,206,07-25,7.1,7.1,21.1,50.6,66.3,84.3,84.3
Buche,15,207,07-26,6.8,6.8,20.5,50,65.3,82.9,82.9
Buche,15,208,07-27,6.6,6.6,20.3,49.7,64.1,81.3,81.3
Buche,15,209,07-28,6.3,6.3,20.3,49.7,63.5,79.7,79.7
Buche,15,210,07-29,6.1,6.1,20.4,49.9,62.9,78.2,78.2
Buche,15,211,07-30,5.8,5.8,20.3,50,62.3,77.2,77.2
Buche,15,212,07-31,5.5,5.5,19.3,49.8,61.6,76.2,76.2
Buche,15,213,08-01,5.2,5.2,18.8,49.4,60.7,75.3,75.3
Buche,15,214,08-02,4.9,4.9,18.6,48.9,59.6,74.7,74.7
Buche,15,215,08-03,4.6,4.6,19.6,48.6,58.8,74.3,74.3
Buche,15,216,08-04,4.3,4.3,19.8,48.8,59.2,74.4,74.4
Buche,15,217,08-05,4.0,4.0,19.7,48.6,59.9,74.5,74.5
Buche,15,218,08-06,3.8,3.8,19.0,48.5,59.5,73.3,73.3
Buche,15,219,08-07,3.5,3.5,18.6,48.2,59.1,72.8,72.8
Buche,15,220,08-08,3.3,3.3,18.4,48.1,58.5,72.2,72.2
Buche,15,221,08-09,3.1,3.1,18.3,47.9,57.8,71.3,71.3
Buche,15,222,08-10,2.8,2.8,18.3,47.7,57.2,70.2,70.2
Buche,15,223,08-11,2.6,2.6,18.3,46.9,56.1,68.0,68.0
Buche,15,224,08-12,2.5,2.5,18.3,45.8,55.4,66.7,66.7
Buche,15,225,08-13,2.3,2.3,17.8,44.7,54.4,65.4,65.4
Buche,15,226,08-14,2.1,2.1,17.4,43.4,53.0,63.7,63.7
Buche,15,227,08-15,1.9,1.9,17.2,42.3,51.8,62.2,62.2
Buche,15,228,08-16,1.9,1.9,17.1,40.7,51.4,61.4,61.4
Buche,15,229,08-17,1.9,1.9,17.1,39.1,50.7,60.5,60.5
Buche,15,230,08-18,1.8,1.8,17.4,37.7,50.3,59.8,59.8
Buche,15,231,08-19,1.7,1.7,17.7,36.7,50.3,59.9,59.9
Buche,15,232,08-20,1.6,1.6,18.1,36.2,50.5,59.9,59.9
Buche,15,233,08-21,1.4,1.4,18.6,36.4,51.7,60.2,60.2
Buche,15,234,08-22,1.3,1.3,18.9,36.7,53.0,60.1,60.1
Buche,15,235,08-23,1.2,1.2,18.2,36.8,53.8,59.8,59.8
Buche,15,236,08-24,1.2,1.2,17.7,36.3,53.4,58.9,58.9
Buche,15,237,08-25,1.1,1.1,17.2,35.9,52.6,58.1,58.1
Buche,15,238,08-26,1.0,1.0,16.8,35.1,51.9,57.5,57.5
Buche,15,239,08-27,1.0,1.0,16.4,33.8,50.5,55.8,55.8
Buche,15,240,08-28,1.1,1.1,16.0,32.3,49.3,54.4,54.4
Buche,15,241,08-29,1.7,1.7,16.1,31.1,48.2,53.2,53.2
Buche,15,242,08-30,2.6,2.6,16.6,30.3,47.5,52.6,52.6
Buche,15,243,08-31,3.3,3.3,17.0,30,47.5,52.7,52.7
Buche,15,244,09-01,4.1,4.1,17.3,29.9,46.6,51.9,51.9
Buche,15,245,09-02,4.7,4.7,17.6,29.8,45.9,51.3,51.3
Buche,15,246,09-03,5.3,5.3,17.8,29.7,45.5,50.9,50.9
Buche,15,247,09-04,5.8,5.8,18.1,29.7,45.3,51.0,51.0
Buche,15,248,09-05,6.1,6.1,18.3,30.5,45.1,50.7,50.7
Buche,15,249,09-06,6.4,6.4,18.5,31.3,44.7,50.6,50.6
Buche,15,250,09-07,6.8,6.8,18.3,31.9,44.4,50.4,50.4
Buche,15,251,09-08,7.1,7.1,18.3,32.2,44.0,49.4,49.4
Buche,15,252,09-09,7.5,7.5,18.1,31.9,43.4,48.6,48.6
Buche,15,253,09-10,7.8,7.8,17.9,30.9,42.0,47.6,47.6
Buche,15,254,09-11,8.1,8.1,18.1,30.1,40.6,46.9,46.9
Buche,15,255,09-12,8.4,8.4,18.1,30.1,40.1,46.6,46.6
Buche,15,256,09-13,8.6,8.6,18.3,30.2,39.7,46.3,46.3
Buche,15,257,09-14,9.4,9.4,18.5,30.1,39.7,47.3,47.3
Buche,15,258,09-15,10.3,10.3,19.0,30.6,40.5,49.1,49.1
Buche,15,259,09-16,11.4,11.4,19.5,31.9,42.4,51.2,51.2
Buche,15,260,09-17,12.2,12.2,20.1,33.9,44.3,54.6,54.6
Buche,15,261,09-18,12.5,12.5,21.4,35.7,46.5,56.8,56.8
Buche,15,262,09-19,12.3,12.3,21.9,37.1,48.2,58.6,58.6
Buche,15,263,09-20,12.2,12.2,22.5,38.3,49.5,60.0,60.0
Buche,15,264,09-21,12.1,12.1,23.0,39.6,50.7,61.4,61.4
Buche,15,265,09-22,12.1,12.1,23.3,41,52.0,63.5,63.5
Buche,15,266,09-23,12.4,12.4,23.5,42.4,53.5,65.3,65.3
Buche,15,267,09-24,12.9,12.9,25.0,43.6,54.5,66.4,66.4
Buche,15,268,09-25,13.2,13.2,26.4,44.2,55.3,67.5,67.5
Buche,15,269,09-26,13.4,13.4,27.9,45.2,56.5,69.2,69.2
Buche,15,270,09-27,13.6,13.6,29.4,46.3,57.9,70.7,70.7
Buche,15,271,09-28,13.8,13.8,30.8,48.2,59.3,72.1,72.1
Buche,15,272,09-29,14.0,14.0,32.0,50.2,61.0,73.3,73.3
Buche,15,273,09-30,14.1,14.1,33.1,52.3,63.0,74.9,74.9
Buche,15,274,10-01,14.3,14.3,33.8,54.5,65.2,76.6,76.6
Buche,15,275,10-02,14.5,14.5,35.3,56,66.8,77.9,77.9
Buche,15,276,10-03,14.8,14.8,37.2,57.6,68.4,79.7,79.7
Buche,15,277,10-04,14.5,14.5,38.7,59.4,69.9,80.6,80.6
Buche,15,278,10-05,14.0,14.0,39.9,60.8,71.4,81.2,81.2
Buche,15,279,10-06,13.3,13.3,41.0,61.4,71.7,81.5,81.5
Buche,15,280,10-07,12.7,12.7,41.9,61.5,72.0,80.6,80.6
Buche,15,281,10-08,12.4,12.4,41.8,61.6,72.4,80.8,80.8
Buche,15,282,10-09,13.5,13.5,42.5,61.8,72.9,81.3,81.3
Buche,15,283,10-10,14.7,14.7,43.3,62,73.6,81.9,81.9
Buche,15,284,10-11,15.5,15.5,44.8,62.2,74.2,82.8,82.8
Buche,15,285,10-12,16.0,16.0,46.2,62.6,74.9,82.8,82.8
Buche,15,286,10-13,16.0,16.0,47.7,63.6,76.0,83.0,83.0
Buche,15,287,10-14,16.5,16.5,47.8,64.6,76.8,83.3,83.3
Buche,15,288,10-15,17.8,17.8,47.8,65.5,77.4,83.6,83.6
Buche,15,289,10-16,19.5,19.5,47.9,66.3,78.1,84.3,84.3
Buche,15,290,10-17,21.2,21.2,47.9,66.9,78.7,84.7,84.7
Buche,15,291,10-18,22.8,22.8,48.0,67.1,79.4,85.8,85.8
Buche,15,292,10-19,24.4,24.4,48.5,67.4,80.1,87.6,87.6
Buche,15,293,10-20,25.9,25.9,49.6,67.5,80.6,89.3,89.3
Buche,15,294,10-21,27.4,27.4,51.1,67.6,80.9,90.1,90.1
Buche,15,295,10-22,29.6,29.6,51.7,67.9,81.1,91.9,91.9
Buche,15,296,10-23,32.2,32.2,52.0,68.2,81.9,93.0,93.0
Buche,15,297,10-24,34.7,34.7,52.7,68.4,82.5,93.6,93.6
Buche,15,298,10-25,37.4,37.4,53.8,69,82.6,93.8,93.8
Buche,15,299,10-26,40.3,40.3,55.0,69.6,82.8,94.2,94.2
Buche,15,300,10-27,43.1,43.1,56.1,70.2,83.2,94.6,94.6
Buche,15,301,10-28,45.7,45.7,57.4,70.8,83.4,95.1,95.1
Buche,15,302,10-29,46.9,46.9,58.2,71.4,83.7,95.6,95.6
Buche,15,303,10-30,48.0,48.0,58.8,72.3,84.2,96.1,96.1
Buche,15,304,10-31,49.6,49.6,59.1,73,84.6,96.1,96.1
Buche,15,305,11-01,51.7,51.7,59.7,73.6,85.2,96.2,96.2
Buche,15,306,11-02,54.1,54.1,60.4,73.7,85.4,96.4,96.4
Buche,15,307,11-03,55.9,55.9,61.4,74.2,85.7,96.8,96.8
Buche,15,308,11-04,57.4,57.4,62.8,74.6,86.1,97.2,97.2
Buche,15,309,11-05,58.5,58.5,64.3,75,86.2,96.5,96.5
Buche,15,310,11-06,59.5,59.5,65.8,75.6,86.2,96.8,96.8
Buche,15,311,11-07,60.6,60.6,67.2,76.4,86.5,96.4,96.4
Buche,15,312,11-08,61.8,61.8,69.0,77.3,87.1,95.8,95.8
Buche,15,313,11-09,63.1,63.1,70.4,78.7,88.1,95.7,95.7
Buche,15,314,11-10,64.4,64.4,71.7,80,89.0,96.1,96.1
Buche,15,315,11-11,65.0,65.0,73.3,81.1,89.8,95.4,95.4
Buche,15,316,11-12,65.4,65.4,74.6,82.2,89.9,95.0,95.0
Buche,15,317,11-13,65.7,65.7,75.8,83.2,90.2,95.0,95.0
Buche,15,318,11-14,66.0,66.0,77.0,84.2,90.8,95.2,95.2
Buche,15,319,11-15,65.9,65.9,78.1,85.1,91.3,95.5,95.5
Buche,15,320,11-16,66.0,66.0,79.5,86.1,91.8,96.0,96.0
Buche,15,321,11-17,66.2,66.2,80.7,87,92.4,96.6,96.6
Buche,15,322,11-18,66.5,66.5,81.8,88,93.0,97.3,97.3
Buche,15,323,11-19,66.7,66.7,83.1,88.8,93.4,97.9,97.9
Buche,15,324,11-20,67.5,67.5,84.4,89.6,93.9,98.4,98.4
Buche,15,325,11-21,68.7,68.7,85.5,90.3,94.2,99.0,99.0
Buche,15,326,11-22,70.0,70.0,86.7,91,94.7,100.0,100.0
Buche,15,327,11-23,71.1,71.1,87.8,91.6,95.2,100.5,100.5
Buche,15,328,11-24,71.9,71.9,88.6,92.3,96.4,101.7,101.7
Buche,15,329,11-25,73.1,73.1,89.3,93.3,97.6,103.7,103.7
Buche,15,330,11-26,74.4,74.4,90.2,94.1,98.6,104.9,104.9
Buche,15,331,11-27,75.7,75.7,91.3,94.6,99.2,106.5,106.5
Buche,15,332,11-28,77.1,77.1,91.8,95.2,99.6,106.9,106.9
Buche,15,333,11-29,78.5,78.5,92.2,95.2,99.5,106.5,106.5
Buche,15,334,11-30,79.9,79.9,92.3,95.5,99.6,106.4,106.4
Buche,15,335,12-01,81.2,81.2,92.4,95.7,99.8,106.7,106.7
Buche,15,336,12-02,82.3,82.3,92.5,95.9,100.4,107.4,107.4
Buche,15,337,12-03,83.4,83.4,92.6,96.1,100.9,107.8,107.8
Buche,15,338,12-04,84.5,84.5,92.5,95.9,100.9,108.0,108.0
Buche,15,339,12-05,85.7,85.7,92.4,95.8,101.1,108.3,108.3
Buche,15,340,12-06,86.8,86.8,92.3,95.8,101.2,108.4,108.4
Buche,15,341,12-07,88.0,88.0,92.2,95.8,101.4,108.4,108.4
Buche,15,342,12-08,89.1,89.1,92.1,95.7,101.4,108.3,108.3
Buche,15,343,12-09,90.2,90.2,92.0,95.7,101.4,108.2,108.2
Buche,15,344,12-10,90.9,90.9,91.9,95.9,101.7,108.5,108.5
Buche,15,345,12-11,90.8,90.8,92.2,96.4,102.3,109.1,109.1
Buche,15,346,12-12,90.7,90.7,92.3,97.1,103.0,109.8,109.8
Buche,15,347,12-13,90.6,90.6,92.4,97.5,103.8,111.3,111.3
Buche,15,348,12-14,90.5,90.5,92.6,97.9,103.7,111.9,111.9
Buche,15,349,12-15,90.3,90.3,92.9,98,103.8,111.9,111.9
Buche,15,350,12-16,90.1,90.1,93.0,97.8,103.9,111.6,111.6
Buche,15,351,12-17,89.8,89.8,92.8,97.7,104.3,111.1,111.1
Buche,15,352,12-18,89.4,89.4,92.6,97.6,105.2,111.7,111.7
Buche,15,353,12-19,89.1,89.1,92.5,97.5,106.1,112.5,112.5
Buche,15,354,12-20,88.8,88.8,92.4,97.3,106.5,113.0,113.0
Buche,15,355,12-21,88.5,88.5,92.4,97.2,107.0,113.2,113.2
Buche,15,356,12-22,88.4,88.4,92.4,97.2,107.0,113.4,113.4
Buche,15,357,12-23,88.3,88.3,92.5,97.3,107.1,113.7,113.7
Buche,15,358,12-24,88.2,88.2,92.7,97.6,107.4,114.2,114.2
Buche,15,359,12-25,88.1,88.1,92.8,97.9,107.9,114.6,114.6
Buche,15,360,12-26,88.0,88.0,92.9,98.1,108.5,115.3,115.3
Buche,15,361,12-27,87.9,87.9,93.1,98.5,109.3,116.1,116.1
Buche,15,362,12-28,87.8,87.8,93.3,99.1,110.3,117.2,117.2
Buche,15,363,12-29,87.8,87.8,93.6,99.5,111.5,118.6,118.6
Buche,15,364,12-30,87.7,87.7,94.0,99.8,112.1,119.4,119.4
Buche,15,365,12-31,87.5,87.5,93.9,99.6,112.7,120.2,
Buche,30,1,01-01,77.0,90.4,97.3,102.5,108.1,112.7,119.5
Buche,30,2,01-02,77.5,90.3,97.1,102.4,107.9,112.2,118.8
Buche,30,3,01-03,78.3,90.3,96.9,102.1,107.6,112.0,118.4
Buche,30,4,01-04,78.8,90.2,96.7,101.9,107.2,111.7,117.7
Buche,30,5,01-05,79.2,90.0,96.5,101.7,106.9,111.5,118.1
Buche,30,6,01-06,79.5,89.9,96.3,101.4,106.7,111.3,117.7
Buche,30,7,01-07,79.8,89.8,96.3,101.5,106.8,111.3,117.4
Buche,30,8,01-08,80.0,89.7,96.1,101.5,106.9,111.6,117.7
Buche,30,9,01-09,80.1,89.6,96.0,101.6,106.9,111.7,117.4
Buche,30,10,01-10,80.2,89.5,96.0,101.5,107.0,111.6,117.4
Buche,30,11,01-11,80.4,89.7,96.0,101.6,106.9,111.9,117.9
Buche,30,12,01-12,80.7,89.9,96.0,101.5,106.9,111.8,118.3
Buche,30,13,01-13,80.9,89.8,96.1,101.4,106.5,111.8,118.8
Buche,30,14,01-14,81.1,89.5,96.1,101.2,106.4,111.8,117.6
Buche,30,15,01-15,81.2,89.1,95.8,101,106.2,111.4,117.3
Buche,30,16,01-16,81.4,88.8,95.6,100.6,106.2,111.5,117.8
Buche,30,17,01-17,81.6,88.7,95.6,100.5,106.3,111.7,118.0
Buche,30,18,01-18,81.7,88.8,95.2,100.4,106.2,111.6,118.6
Buche,30,19,01-19,81.8,88.9,95.0,100.2,105.9,111.1,118.8
Buche,30,20,01-20,82.4,89.0,94.9,100,105.9,111.2,119.4
Buche,30,21,01-21,83.1,89.2,94.9,100,106.0,111.2,119.6
Buche,30,22,01-22,83.5,89.4,95.0,100.1,106.3,112.4,121.0
Buche,30,23,01-23,83.7,89.6,95.2,100.3,106.5,113.0,122.2
Buche,30,24,01-24,83.9,89.8,95.4,100.4,106.8,113.5,123.6
Buche,30,25,01-25,84.2,89.9,95.7,100.6,107.0,113.7,123.5
Buche,30,26,01-26,84.4,90.1,95.9,100.9,107.3,113.8,124.5
Buche,30,27,01-27,84.6,90.3,96.1,100.9,107.1,114.2,125.2
Buche,30,28,01-28,84.7,90.4,96.2,100.9,107.0,114.2,125.5
Buche,30,29,01-29,84.7,90.5,96.4,100.8,106.9,115.0,126.3
Buche,30,30,01-30,84.7,90.6,96.5,100.7,106.6,115.3,126.9
Buche,30,31,01-31,84.6,90.6,96.7,100.7,106.7,115.3,126.2
Buche,30,32,02-01,84.5,90.6,96.9,100.9,106.7,115.5,125.6
Buche,30,33,02-02,84.3,90.6,97.0,101,106.8,115.4,125.8
Buche,30,34,02-03,84.0,90.5,96.9,101.2,106.7,115.2,125.3
Buche,30,35,02-04,83.7,90.5,96.9,101.4,106.7,115.3,125.2
Buche,30,36,02-05,83.7,90.4,96.7,101.6,106.7,115.2,124.7
Buche,30,37,02-06,83.6,90.1,96.6,101.6,106.8,115.3,125.0
Buche,30,38,02-07,83.7,89.9,96.5,101.5,106.8,115.1,124.2
Buche,30,39,02-08,84.0,89.8,96.4,101.4,106.8,115.2,123.4
Buche,30,40,02-09,84.1,89.8,96.4,101.3,106.8,115.2,123.0
Buche,30,41,02-10,84.0,89.8,96.3,101.2,106.8,115.2,122.6
Buche,30,42,02-11,84.0,89.8,96.2,101,106.5,114.2,121.3
Buche,30,43,02-12,84.1,89.8,96.0,100.9,106.4,113.7,121.3
Buche,30,44,02-13,84.3,89.9,95.8,100.9,106.3,113.5,120.2
Buche,30,45,02-14,84.4,90.0,95.6,100.8,106.4,113.2,119.8
Buche,30,46,02-15,84.6,90.0,95.5,100.8,106.3,113.4,119.3
Buche,30,47,02-16,84.8,90.1,95.2,100.8,106.4,113.1,119.3
Buche,30,48,02-17,85.1,90.2,95.1,100.8,106.3,112.7,119.6
Buche,30,49,02-18,85.5,90.3,95.0,100.8,106.3,111.7,119.7
Buche,30,50,02-19,86.0,90.6,94.9,100.9,106.3,111.2,118.7
Buche,30,51,02-20,86.6,91.0,94.9,100.8,106.2,110.7,118.4
Buche,30,52,02-21,87.2,91.3,94.9,100.7,105.9,110.2,117.9
Buche,30,53,02-22,87.9,91.7,94.9,100.6,105.7,109.9,116.7
Buche,30,54,02-23,88.7,92.0,94.9,100.5,105.7,109.7,116.8
Buche,30,55,02-24,89.5,92.4,95.1,100.4,105.5,109.4,116.6
Buche,30,56,02-25,90.1,92.8,95.2,100.1,105.1,109.1,116.3
Buche,30,57,02-26,90.9,93.2,95.3,99.9,104.7,108.7,116.2
Buche,30,58,02-27,91.5,93.5,95.5,99.9,104.6,108.5,116.3
Buche,30,59,02-28,91.9,93.7,95.5,99.9,104.5,108.3,116.2
Buche,30,60,03-01,92.1,93.7,95.5,99.8,104.4,108.3,116.1
Buche,30,61,03-02,92.2,93.6,95.5,99.7,104.3,108.4,116.2
Buche,30,62,03-03,92.2,93.6,95.5,99.6,104.5,109.1,117.1
Buche,30,63,03-04,92.1,93.6,95.4,99.4,104.6,109.0,116.3
Buche,30,64,03-05,92.0,93.5,95.4,99.5,104.6,108.9,117.1
Buche,30,65,03-06,91.9,93.5,95.3,99.7,104.7,109.2,117.5
Buche,30,66,03-07,91.9,93.4,95.1,99.6,104.8,109.0,117.9
Buche,30,67,03-08,91.8,93.4,95.1,99.6,104.6,108.8,117.5
Buche,30,68,03-09,91.7,93.3,95.1,99.5,104.7,108.7,116.7
Buche,30,69,03-10,91.6,93.2,95.0,99.5,104.6,108.7,115.9
Buche,30,70,03-11,91.4,93.0,94.9,99.4,104.7,108.9,116.0
Buche,30,71,03-12,91.3,92.7,94.7,99.3,104.8,109.2,116.2
Buche,30,72,03-13,91.2,92.4,94.5,99.2,104.9,109.4,116.5
Buche,30,73,03-14,91.0,92.2,94.3,99.2,104.8,109.5,116.6
Buche,30,74,03-15,90.9,92.1,94.2,99.1,104.6,109.5,116.4
Buche,30,75,03-16,91.0,92.0,94.1,99,104.7,109.7,116.5
Buche,30,76,03-17,91.0,91.8,94.0,99,104.9,109.9,116.7
Buche,30,77,03-18,90.7,91.5,93.8,98.9,105.1,110.0,116.4
Buche,30,78,03-19,90.5,91.3,93.7,98.9,104.8,110.1,115.8
Buche,30,79,03-20,90.2,91.0,93.5,98.8,104.9,110.1,115.6
Buche,30,80,03-21,89.9,90.8,93.3,98.7,104.9,109.7,115.7
Buche,30,81,03-22,89.7,90.5,93.2,98.8,104.9,109.4,116.3
Buche,30,82,03-23,89.4,90.3,93.1,98.7,104.6,108.8,116.3
Buche,30,83,03-24,89.2,90.1,92.9,98.8,104.4,108.6,116.0
Buche,30,84,03-25,89.0,90.0,92.8,98.5,104.2,108.4,115.3
Buche,30,85,03-26,88.8,89.9,92.8,98.4,104.0,108.1,115.3
Buche,30,86,03-27,88.6,89.7,92.8,98.3,103.8,107.9,114.5
Buche,30,87,03-28,88.4,89.6,92.7,98.1,103.7,107.8,114.0
Buche,30,88,03-29,88.2,89.5,92.5,98,103.4,107.8,114.8
Buche,30,89,03-30,88.0,89.4,92.6,97.8,103.3,107.9,115.5
Buche,30,90,03-31,87.8,89.2,92.6,97.7,103.1,108.0,115.5
Buche,30,91,04-01,87.5,89.1,92.5,97.7,103.2,108.0,115.6
Buche,30,92,04-02,87.2,88.9,92.5,97.7,103.2,108.3,116.4
Buche,30,93,04-03,86.9,88.7,92.4,97.8,103.5,108.5,116.5
Buche,30,94,04-04,86.6,88.2,92.1,98,103.7,108.6,116.5
Buche,30,95,04-05,86.2,87.9,91.8,98,103.6,108.7,116.6
Buche,30,96,04-06,85.7,87.7,91.5,98,103.7,108.6,116.9
Buche,30,97,04-07,85.3,87.5,91.5,98.1,103.7,108.6,116.9
Buche,30,98,04-08,84.8,87.2,91.5,98.1,103.6,108.4,116.8
Buche,30,99,04-09,84.2,86.9,91.5,97.8,103.3,108.7,117.5
Buche,30,100,04-10,83.7,86.5,91.4,97.6,102.9,108.3,117.2
Buche,30,101,04-11,83.1,86.0,91.2,97.4,102.4,108.4,116.7
Buche,30,102,04-12,82.4,85.5,91.0,97.1,102.0,108.4,115.8
Buche,30,103,04-13,81.7,84.8,90.9,96.7,101.6,108.4,115.3
Buche,30,104,04-14,80.9,84.0,90.6,96.3,101.4,108.3,114.8
Buche,30,105,04-15,80.0,83.1,90.3,95.8,101.0,108.2,114.4
Buche,30,106,04-16,79.2,82.6,89.9,95.5,100.7,108.0,114.1
Buche,30,107,04-17,78.3,82.0,89.6,95.2,100.4,107.7,113.8
Buche,30,108,04-18,77.6,81.5,89.3,95,100.4,107.6,113.1
Buche,30,109,04-19,77.0,80.8,89.0,94.7,100.3,107.5,112.2
Buche,30,110,04-20,76.5,80.3,88.5,94.4,100.2,107.1,111.9
Buche,30,111,04-21,76.1,80.0,88.2,94.3,99.7,106.6,111.6
Buche,30,112,04-22,75.6,79.5,87.9,94,99.3,105.9,110.5
Buche,30,113,04-23,75.2,79.1,87.6,93.5,98.7,105.6,110.2
Buche,30,114,04-24,74.7,79.0,87.4,93.1,98.4,105.3,110.1
Buche,30,115,04-25,74.2,78.8,87.1,92.6,98.2,105.0,109.8
Buche,30,116,04-26,74.1,78.5,87.1,92.2,97.8,104.6,109.5
Buche,30,117,04-27,73.9,78.1,86.7,92,97.7,104.7,109.5
Buche,30,118,04-28,73.7,77.6,86.0,91.9,97.9,104.8,109.6
Buche,30,119,04-29,71.7,77.1,85.3,91.9,98.1,104.4,108.9
Buche,30,120,04-30,69.8,76.4,84.6,91.9,98.4,104.8,108.7
Buche,30,121,05-01,67.8,75.8,84.0,91.9,98.5,104.7,108.3
Buche,30,122,05-02,65.8,75.2,83.4,92,98.7,104.6,108.5
Buche,30,123,05-03,63.8,74.4,82.6,92.3,98.9,104.6,108.5
Buche,30,124,05-04,61.9,73.6,82.0,92.4,98.8,104.5,108.4
Buche,30,125,05-05,60.4,72.7,81.4,92.4,98.7,104.1,108.0
Buche,30,126,05-06,58.9,71.4,81.0,92.4,98.5,104.2,108.4
Buche,30,127,05-07,57.3,69.9,80.4,92.3,98.4,104.5,108.6
Buche,30,128,05-08,55.3,68.4,79.8,92.1,98.3,104.7,108.6
Buche,30,129,05-09,53.1,66.9,78.9,91.9,98.3,104.7,108.9
Buche,30,130,05-10,50.7,65.2,78.1,91.6,98.4,104.9,109.2
Buche,30,131,05-11,48.4,63.2,77.2,91,99.0,105.5,109.5
Buche,30,132,05-12,45.9,61.6,76.2,90.2,99.2,105.8,109.8
Buche,30,133,05-13,43.4,60.0,75.4,89.6,99.5,105.9,109.9
Buche,30,134,05-14,40.8,58.1,74.7,89,99.6,106.1,110.2
Buche,30,135,05-15,38.2,56.0,74.0,88.4,99.6,106.0,110.3
Buche,30,136,05-16,35.2,54.0,72.9,87.7,99.6,106.6,110.5
Buche,30,137,05-17,32.3,52.0,71.9,87,99.5,106.7,110.9
Buche,30,138,05-18,29.5,50.1,71.0,85.9,99.0,106.6,111.1
Buche,30,139,05-19,28.4,48.9,70.2,84.7,98.6,106.8,111.3
Buche,30,140,05-20,27.3,47.8,69.4,83.5,98.9,107.4,112.1
Buche,30,141,05-21,26.8,46.6,68.5,82.4,99.3,107.9,113.1
Buche,30,142,05-22,27.1,45.7,67.6,81.5,99.3,108.1,114.0
Buche,30,143,05-23,27.2,44.6,66.8,80.3,99.4,108.0,114.7
Buche,30,144,05-24,27.1,43.7,65.7,79.1,99.3,108.0,114.6
Buche,30,145,05-25,26.3,43.0,64.8,78.2,99.1,108.0,114.8
Buche,30,146,05-26,25.1,42.6,63.6,77.6,99.0,108.1,114.6
Buche,30,147,05-27,24.5,42.0,62.5,77.2,98.9,108.1,114.9
Buche,30,148,05-28,24.7,41.7,61.4,76.8,98.4,107.6,114.8
Buche,30,149,05-29,25.0,41.3,60.2,76.3,97.7,106.9,114.6
Buche,30,150,05-30,25.2,41.0,59.0,75.9,96.6,106.7,114.6
Buche,30,151,05-31,25.3,40.5,57.6,75.6,95.4,106.0,114.5
Buche,30,152,06-01,25.2,39.9,56.1,75.4,94.4,105.2,114.3
Buche,30,153,06-02,25.0,39.1,54.3,75.1,93.3,104.8,114.1
Buche,30,154,06-03,24.7,38.3,52.3,74.6,92.3,104.5,114.0
Buche,30,155,06-04,24.6,37.6,50.4,74,91.5,104.3,114.0
Buche,30,156,06-05,24.4,36.9,48.5,73.8,90.8,103.6,113.3
Buche,30,157,06-06,24.3,36.1,46.7,73.5,89.8,102.7,112.4
Buche,30,158,06-07,24.4,35.4,44.8,73,89.3,102.0,111.4
Buche,30,159,06-08,24.5,34.2,43.9,72.5,88.2,101.2,110.8
Buche,30,160,06-09,24.7,33.0,43.0,72.1,86.4,99.9,109.5
Buche,30,161,06-10,24.3,31.9,42.2,71.4,85.2,98.7,107.7
Buche,30,162,06-11,23.2,30.8,41.2,70.3,84.1,97.8,106.2
Buche,30,163,06-12,22.2,30.0,40.2,69.4,82.8,97.4,105.1
Buche,30,164,06-13,21.6,29.0,39.1,68.8,81.6,97.0,104.7
Buche,30,165,06-14,21.4,28.1,38.0,67.7,80.4,96.3,104.4
Buche,30,166,06-15,21.4,27.0,36.9,66.3,79.3,96.5,104.4
Buche,30,167,06-16,21.0,25.9,35.7,64.4,77.9,96.3,104.0
Buche,30,168,06-17,19.9,24.7,34.7,62.9,76.8,96.3,103.2
Buche,30,169,06-18,18.8,23.6,33.9,61.3,75.7,96.2,102.5
Buche,30,170,06-19,17.6,22.6,33.2,59.8,75.3,95.7,102.3
Buche,30,171,06-20,16.9,22.2,32.6,58.3,74.9,95.4,102.6
Buche,30,172,06-21,16.7,21.8,32.2,56.5,74.5,95.1,103.4
Buche,30,173,06-22,16.6,21.3,31.7,54.3,74.6,94.5,103.7
Buche,30,174,06-23,16.4,20.8,31.2,52.1,74.9,93.9,103.3
Buche,30,175,06-24,15.9,20.3,30.6,50,75.1,93.7,103.6
Buche,30,176,06-25,15.5,19.9,30.0,47.6,74.9,93.4,104.1
Buche,30,177,06-26,14.9,19.5,29.5,45.2,74.7,93.5,105.2
Buche,30,178,06-27,14.3,19.2,29.0,44.1,74.2,93.4,106.2
Buche,30,179,06-28,13.6,18.7,27.7,43.1,73.9,93.1,106.9
Buche,30,180,06-29,12.9,18.1,26.4,41.7,73.7,94.0,108.5
Buche,30,181,06-30,12.5,17.5,25.0,40.2,72.5,94.6,109.8
Buche,30,182,07-01,12.0,17.0,23.8,38.7,71.7,94.7,110.7
Buche,30,183,07-02,11.7,16.5,22.9,37.3,71.2,95.1,111.2
Buche,30,184,07-03,11.4,16.1,22.1,36.2,70.9,95.8,113.0
Buche,30,185,07-04,11.0,15.6,21.2,35.3,70.9,96.6,113.6
Buche,30,186,07-05,10.4,15.1,20.6,34.7,71.0,95.8,114.2
Buche,30,187,07-06,9.8,14.7,20.1,34.1,71.7,95.0,114.4
Buche,30,188,07-07,9.6,14.4,19.6,33.7,72.1,94.2,114.7
Buche,30,189,07-08,9.5,14.1,18.8,33.3,72.3,93.3,114.9
Buche,30,190,07-09,9.3,13.7,18.2,32.6,71.6,92.2,114.4
Buche,30,191,07-10,8.8,13.0,17.6,32.5,70.6,91.1,113.4
Buche,30,192,07-11,7.9,12.4,17.3,32.8,69.8,90.1,111.9
Buche,30,193,07-12,7.4,11.9,17.1,33.4,68.8,89.4,110.8
Buche,30,194,07-13,7.3,11.7,17.1,34,67.3,89.1,109.8
Buche,30,195,07-14,7.2,11.4,17.0,34.8,65.6,88.1,108.3
Buche,30,196,07-15,7.3,11.2,17.5,35.3,64.4,87.2,106.6
Buche,30,197,07-16,7.5,11.0,17.7,36.2,63.4,86.2,104.7
Buche,30,198,07-17,7.6,11.1,18.1,36.2,62.8,85.7,103.1
Buche,30,199,07-18,7.7,11.2,19.0,37.2,63.0,85.4,101.5
Buche,30,200,07-19,7.8,11.2,20.0,38.6,63.4,83.5,99.9
Buche,30,201,07-20,7.7,11.3,20.8,39.9,63.7,82.1,98.8
Buche,30,202,07-21,7.5,11.2,21.4,41,63.6,80.6,97.7
Buche,30,203,07-22,7.3,11.0,21.6,41.8,63.4,79.9,97.0
Buche,30,204,07-23,7.1,10.8,21.7,42,63.4,79.0,95.0
Buche,30,205,07-24,6.8,10.6,21.8,42.4,63.2,77.7,93.5
Buche,30,206,07-25,6.8,10.5,21.5,42.6,62.9,76.6,92.1
Buche,30,207,07-26,6.8,10.3,21.3,43,62.2,75.7,90.7
Buche,30,208,07-27,6.6,10.1,21.3,43.2,61.7,75.4,89.4
Buche,30,209,07-28,6.3,9.9,22.5,44,61.4,74.9,88.9
Buche,30,210,07-29,6.2,9.8,23.4,44.7,61.3,74.4,87.8
Buche,30,211,07-30,6.1,9.8,24.3,44.9,61.1,73.8,87.2
Buche,30,212,07-31,6.2,10.3,25.0,45,61.2,74.0,86.5
Buche,30,213,08-01,5.9,10.8,25.1,45.2,60.6,73.9,86.0
Buche,30,214,08-02,5.6,10.8,25.1,45.4,60.0,73.3,86.0
Buche,30,215,08-03,5.3,11.0,25.5,45.3,59.7,73.0,86.2
Buche,30,216,08-04,5.0,11.0,25.2,45.7,59.8,72.7,86.2
Buche,30,217,08-05,4.7,10.9,25.3,45.6,59.9,72.4,85.6
Buche,30,218,08-06,4.4,10.5,25.3,45.3,59.7,71.4,85.0
Buche,30,219,08-07,4.1,10.2,24.7,44.2,58.8,70.7,84.5
Buche,30,220,08-08,3.8,9.9,24.0,43.1,58.1,69.9,82.8
Buche,30,221,08-09,3.6,9.9,23.6,42.4,57.3,69.0,80.9
Buche,30,222,08-10,3.5,9.8,23.2,41.8,56.7,68.2,78.9
Buche,30,223,08-11,3.3,9.8,22.9,40.8,55.8,66.2,76.5
Buche,30,224,08-12,3.1,9.7,22.8,39.7,54.6,64.8,75.1
Buche,30,225,08-13,2.9,9.8,22.6,38.5,53.3,63.7,73.6
Buche,30,226,08-14,2.7,9.9,22.5,37.9,52.4,62.8,71.6
Buche,30,227,08-15,2.5,10.1,22.6,37.5,51.3,61.7,70.2
Buche,30,228,08-16,2.7,10.2,22.4,36.9,50.9,61.1,69.6
Buche,30,229,08-17,2.9,10.4,21.2,35.8,50.5,61.3,68.8
Buche,30,230,08-18,2.8,10.6,20.1,34.8,50.3,61.2,68.6
Buche,30,231,08-19,2.7,10.5,19.0,33.9,50.3,61.9,68.3
Buche,30,232,08-20,2.6,9.9,17.9,32.8,49.7,61.6,68.0
Buche,30,233,08-21,2.5,9.4,17.2,31.8,50.3,61.5,67.8
Buche,30,234,08-22,2.4,9.0,16.6,30.8,51.0,61.5,67.6
Buche,30,235,08-23,2.2,8.6,15.7,29.7,51.5,60.9,67.2
Buche,30,236,08-24,2.4,8.3,15.1,28.5,51.2,60.3,66.9
Buche,30,237,08-25,2.5,8.1,14.3,27.7,50.6,59.3,66.9
Buche,30,238,08-26,2.5,7.9,13.3,26.8,50.1,58.5,66.9
Buche,30,239,08-27,2.6,7.7,12.5,25.8,49.1,57.2,66.6
Buche,30,240,08-28,2.6,7.6,12.2,25.6,48.1,56.7,66.5
Buche,30,241,08-29,2.7,7.7,12.5,25.4,47.8,56.6,67.3
Buche,30,242,08-30,2.5,8.2,13.1,25.5,47.8,56.7,68.3
Buche,30,243,08-31,2.5,8.6,13.6,26.3,47.9,57.1,69.5
Buche,30,244,09-01,3.1,9.4,14.3,26.9,48.2,57.1,69.8
Buche,30,245,09-02,3.8,9.9,14.8,27.6,48.5,57.5,70.8
Buche,30,246,09-03,4.4,10.2,15.4,27.5,48.2,57.8,71.2
Buche,30,247,09-04,4.9,10.4,15.7,27.4,48.7,58.1,71.9
Buche,30,248,09-05,4.9,10.6,15.9,27.3,48.6,58.2,72.5
Buche,30,249,09-06,4.9,10.7,16.0,27.3,48.4,57.1,72.4
Buche,30,250,09-07,5.1,10.9,16.0,27.1,48.1,57.1,72.5
Buche,30,251,09-08,5.4,11.1,16.1,27,47.6,56.8,73.3
Buche,30,252,09-09,5.6,11.3,16.4,26.9,47.2,57.0,73.9
Buche,30,253,09-10,5.8,11.5,16.7,26.7,46.1,56.5,74.0
Buche,30,254,09-11,6.0,11.6,17.1,26.9,45.8,56.2,73.8
Buche,30,255,09-12,6.3,11.7,17.5,27.6,45.5,56.9,73.6
Buche,30,256,09-13,6.4,12.1,18.2,28.6,45.3,57.5,73.4
Buche,30,257,09-14,6.5,12.3,19.0,29.3,45.6,58.3,74.5
Buche,30,258,09-15,6.7,12.6,19.8,30.4,46.3,59.4,76.2
Buche,30,259,09-16,6.7,12.8,20.8,31.9,47.3,61.3,76.9
Buche,30,260,09-17,6.8,13.0,21.5,32.7,48.4,63.1,79.1
Buche,30,261,09-18,6.9,12.8,21.4,33.3,48.8,64.3,79.7
Buche,30,262,09-19,6.9,12.2,20.9,33.7,49.0,65.1,80.0
Buche,30,263,09-20,6.9,11.8,20.4,33.9,49.9,65.6,80.3
Buche,30,264,09-21,6.3,11.0,19.9,34.4,50.6,66.2,81.0
Buche,30,265,09-22,5.6,10.5,19.4,34.5,51.2,66.7,82.9
Buche,30,266,09-23,5.0,10.4,19.2,35,52.2,67.5,84.3
Buche,30,267,09-24,4.5,10.3,19.4,35.4,52.8,68.3,84.9
Buche,30,268,09-25,4.0,10.3,19.2,36.1,53.5,68.5,84.8
Buche,30,269,09-26,4.2,10.2,19.0,36.9,54.7,69.7,85.8
Buche,30,270,09-27,4.4,10.3,19.0,38.5,56.0,70.7,86.5
Buche,30,271,09-28,4.6,10.2,19.4,40,57.9,71.9,86.2
Buche,30,272,09-29,4.8,10.1,20.0,41.5,59.6,72.8,86.7
Buche,30,273,09-30,5.0,10.1,20.9,43.4,61.9,74.4,87.5
Buche,30,274,10-01,5.2,10.1,21.7,45.3,63.2,75.7,88.4
Buche,30,275,10-02,5.4,10.2,22.9,46.7,64.5,76.5,89.2
Buche,30,276,10-03,5.5,10.1,23.8,47.9,65.9,77.4,90.1
Buche,30,277,10-04,5.6,10.1,24.4,48.9,67.3,78.5,90.3
Buche,30,278,10-05,5.8,10.1,25.3,49.4,68.4,80.1,90.5
Buche,30,279,10-06,5.9,10.1,25.7,49.7,69.8,80.6,91.1
Buche,30,280,10-07,6.2,10.1,25.7,49.8,71.0,80.8,90.1
Buche,30,281,10-08,6.4,10.1,25.5,49.9,72.4,81.0,90.5
Buche,30,282,10-09,6.6,10.2,26.4,50.6,73.9,81.7,91.1
Buche,30,283,10-10,6.9,10.5,27.6,51.4,74.8,82.8,92.0
Buche,30,284,10-11,7.1,10.7,28.9,52.5,75.7,83.7,93.1
Buche,30,285,10-12,7.4,10.8,30.6,54,76.7,84.6,92.0
Buche,30,286,10-13,7.6,10.6,31.9,55.3,77.8,85.4,92.0
Buche,30,287,10-14,7.9,10.4,33.0,56.4,78.5,86.1,92.4
Buche,30,288,10-15,8.3,10.2,34.4,57.3,79.1,86.6,92.8
Buche,30,289,10-16,8.3,10.1,36.0,58.5,79.4,87.2,93.3
Buche,30,290,10-17,8.2,10.9,37.3,59,80.0,87.8,93.7
Buche,30,291,10-18,8.2,11.4,38.2,59.6,80.1,87.7,94.5
Buche,30,292,10-19,8.2,11.9,38.9,60.4,80.4,87.5,95.7
Buche,30,293,10-20,8.6,12.8,39.1,61,80.3,87.8,96.8
Buche,30,294,10-21,9.1,13.7,39.3,61.3,80.2,87.3,97.4
Buche,30,295,10-22,9.4,14.4,39.8,61.8,80.3,87.3,98.9
Buche,30,296,10-23,9.7,15.1,40.3,62.1,80.8,87.9,99.9
Buche,30,297,10-24,9.9,15.8,40.8,62.8,81.3,88.6,100.2
Buche,30,298,10-25,10.1,16.5,41.3,63.6,81.6,88.6,99.9
Buche,30,299,10-26,10.3,17.2,42.3,64.3,81.7,89.1,100.4
Buche,30,300,10-27,10.4,17.9,43.8,65.2,81.9,89.6,100.9
Buche,30,301,10-28,10.6,18.5,45.6,66.1,82.5,90.3,101.4
Buche,30,302,10-29,10.8,19.1,46.5,66.7,83.2,91.2,101.9
Buche,30,303,10-30,11.0,19.5,47.2,67.3,83.9,92.0,102.5
Buche,30,304,10-31,11.2,19.9,48.0,67.7,84.5,92.5,102.4
Buche,30,305,11-01,11.9,20.6,48.4,68.2,85.1,92.9,102.9
Buche,30,306,11-02,12.6,21.3,48.9,68.7,85.5,93.4,103.5
Buche,30,307,11-03,13.3,22.7,49.5,69.4,86.3,94.2,104.2
Buche,30,308,11-04,13.9,24.1,50.0,70.1,87.0,94.9,104.8
Buche,30,309,11-05,14.4,25.3,50.6,70.6,87.7,95.5,104.3
Buche,30,310,11-06,14.9,25.6,51.4,71.4,88.1,95.7,104.6
Buche,30,311,11-07,15.4,26.0,52.2,72.4,88.7,96.2,105.4
Buche,30,312,11-08,15.9,26.4,53.0,73.2,89.5,97.9,105.4
Buche,30,313,11-09,15.9,26.4,53.9,74.3,90.5,99.4,106.4
Buche,30,314,11-10,16.0,26.3,54.9,75.6,91.7,100.8,107.4
Buche,30,315,11-11,16.1,26.3,55.3,76.8,92.8,101.8,107.5
Buche,30,316,11-12,16.4,26.3,55.9,78,93.4,101.9,107.2
Buche,30,317,11-13,16.6,26.3,56.5,79.2,93.9,102.1,107.2
Buche,30,318,11-14,16.9,26.3,56.9,80.5,94.5,102.8,107.9
Buche,30,319,11-15,17.3,26.3,57.1,81.8,95.0,103.2,108.4
Buche,30,320,11-16,17.6,26.3,57.1,82.9,95.6,103.7,109.8
Buche,30,321,11-17,17.9,26.3,57.2,84.1,95.6,103.9,111.0
Buche,30,322,11-18,18.2,26.3,57.4,85.4,96.1,104.3,111.8
Buche,30,323,11-19,18.6,26.3,57.8,86.7,96.5,104.6,112.3
Buche,30,324,11-20,19.3,26.9,58.5,87.9,97.0,104.9,112.8
Buche,30,325,11-21,19.8,27.4,59.3,88.7,97.4,105.0,113.0
Buche,30,326,11-22,20.2,29.2,60.2,89.8,97.7,105.2,113.0
Buche,30,327,11-23,20.7,30.4,61.3,90.6,97.8,105.2,113.2
Buche,30,328,11-24,22.6,32.0,62.5,91.4,98.0,105.4,113.6
Buche,30,329,11-25,25.0,33.9,63.6,92.1,98.4,106.5,114.8
Buche,30,330,11-26,27.0,35.9,64.7,92.5,99.1,107.6,115.9
Buche,30,331,11-27,29.4,37.9,65.8,92.9,99.6,108.6,116.2
Buche,30,332,11-28,31.6,40.0,66.8,93.2,100.0,108.4,116.1
Buche,30,333,11-29,34.0,42.1,68.3,93.3,100.1,107.4,115.0
Buche,30,334,11-30,36.3,44.3,69.6,93.2,100.1,107.4,114.5
Buche,30,335,12-01,38.5,46.5,70.7,93.2,100.3,107.5,113.9
Buche,30,336,12-02,40.7,48.9,71.6,93.3,100.5,107.9,114.6
Buche,30,337,12-03,42.8,51.3,72.6,93.3,100.5,108.0,115.1
Buche,30,338,12-04,45.1,53.7,73.5,93.4,100.5,107.6,114.8
Buche,30,339,12-05,47.7,56.2,75.0,93.5,100.5,107.7,114.9
Buche,30,340,12-06,50.4,58.8,76.4,93.7,100.8,107.9,114.1
Buche,30,341,12-07,53.1,61.7,77.9,93.8,101.2,108.1,113.5
Buche,30,342,12-08,55.7,64.8,79.3,93.8,101.3,108.0,113.3
Buche,30,343,12-09,58.4,67.7,80.4,93.8,101.2,107.7,113.0
Buche,30,344,12-10,60.8,69.9,81.4,93.9,101.5,108.0,113.1
Buche,30,345,12-11,62.8,72.4,82.3,94.3,102.0,108.5,114.1
Buche,30,346,12-12,65.0,73.7,83.2,94.8,103.0,109.7,115.3
Buche,30,347,12-13,67.5,74.8,83.8,95.4,103.6,110.9,116.8
Buche,30,348,12-14,68.6,75.8,84.6,95.7,104.1,111.9,117.9
Buche,30,349,12-15,69.2,76.6,85.3,96.1,104.5,111.9,118.3
Buche,30,350,12-16,70.2,77.3,86.0,96.5,104.6,111.7,117.8
Buche,30,351,12-17,70.8,78.0,86.6,96.8,104.8,111.5,117.5
Buche,30,352,12-18,71.6,78.6,87.3,97.3,104.9,112.4,118.2
Buche,30,353,12-19,72.2,79.3,87.5,97.6,105.1,113.3,118.7
Buche,30,354,12-20,72.9,80.1,88.1,97.9,105.1,113.5,119.1
Buche,30,355,12-21,73.7,80.7,88.7,98.3,105.1,113.9,119.5
Buche,30,356,12-22,74.3,81.2,89.3,98.5,105.4,114.2,119.7
Buche,30,357,12-23,75.0,81.7,90.0,98.8,105.6,114.7,120.0
Buche,30,358,12-24,75.6,82.3,90.8,99,106.0,115.2,120.8
Buche,30,359,12-25,76.0,83.0,91.2,99.1,106.5,115.6,121.4
Buche,30,360,12-26,76.3,83.6,91.4,99.4,106.6,116.1,122.1
Buche,30,361,12-27,76.6,83.8,91.6,99.7,106.8,116.7,122.8
Buche,30,362,12-28,77.0,84.0,91.8,100.2,107.0,117.7,123.4
Buche,30,363,12-29,77.4,84.3,92.2,100.6,107.4,118.7,124.4
Buche,30,364,12-30,77.9,84.9,92.4,101.1,107.3,119.1,125.1
Buche,30,365,12-31,78.6,85.1,92.5,101.1,107.2,119.6,
Buche,60,1,01-01,75.5,91.0,95.6,99.7,104.1,111.1,116.7
Buche,60,2,01-02,75.5,90.9,95.6,99.7,103.9,110.7,117.2
Buche,60,3,01-03,75.8,90.7,95.4,99.5,103.7,110.3,120.0
Buche,60,4,01-04,76.0,90.6,95.2,99.3,103.5,110.0,120.1
Buche,60,5,01-05,76.2,90.4,95.0,99.1,103.3,109.8,119.4
Buche,60,6,01-06,76.4,90.2,94.9,98.9,103.4,109.6,118.7
Buche,60,7,01-07,76.5,90.0,94.7,98.8,103.5,109.6,118.5
Buche,60,8,01-08,76.7,89.8,94.6,98.8,103.6,109.4,118.0
Buche,60,9,01-09,76.8,89.8,94.7,99,103.6,109.1,117.4
Buche,60,10,01-10,76.9,89.7,94.8,99,103.5,108.9,117.0
Buche,60,11,01-11,77.0,89.8,94.9,99.1,103.6,109.1,117.6
Buche,60,12,01-12,77.2,89.6,95.0,99.2,103.6,109.3,118.1
Buche,60,13,01-13,77.3,89.5,95.0,99.2,103.5,109.1,118.1
Buche,60,14,01-14,77.5,89.4,95.0,99,103.4,108.1,117.4
Buche,60,15,01-15,77.6,89.0,94.8,98.7,103.3,107.6,116.8
Buche,60,16,01-16,77.8,88.9,94.7,98.4,103.2,107.4,116.9
Buche,60,17,01-17,77.9,88.8,94.7,98.3,103.2,107.6,117.0
Buche,60,18,01-18,78.1,88.8,94.4,98.1,103.2,107.0,116.8
Buche,60,19,01-19,78.3,88.8,94.4,98,103.0,107.1,117.1
Buche,60,20,01-20,78.6,88.8,94.3,98,102.9,107.6,117.3
Buche,60,21,01-21,79.3,88.8,94.3,97.9,103.0,107.8,117.5
Buche,60,22,01-22,79.9,88.8,94.4,98,103.1,108.0,117.3
Buche,60,23,01-23,80.3,88.8,94.5,98.2,103.4,108.3,115.8
Buche,60,24,01-24,80.8,88.8,94.7,98.5,103.6,108.6,116.5
Buche,60,25,01-25,81.2,88.8,95.0,98.7,103.8,109.2,117.5
Buche,60,26,01-26,81.7,88.9,95.2,99,103.8,109.2,117.9
Buche,60,27,01-27,82.1,89.0,95.5,99.3,103.7,109.1,118.0
Buche,60,28,01-28,82.4,89.1,95.7,99.4,103.6,109.4,118.3
Buche,60,29,01-29,82.7,89.1,95.8,99.3,103.6,109.9,118.9
Buche,60,30,01-30,83.0,89.1,95.9,99.3,103.6,110.3,119.3
Buche,60,31,01-31,83.3,89.1,95.9,99.3,103.8,110.3,119.0
Buche,60,32,02-01,83.5,89.1,95.9,99.4,104.0,110.2,118.5
Buche,60,33,02-02,83.7,89.1,96.0,99.5,104.0,110.1,117.8
Buche,60,34,02-03,83.9,89.1,96.1,99.6,103.9,110.0,117.3
Buche,60,35,02-04,84.1,89.0,96.1,99.8,104.0,109.9,117.2
Buche,60,36,02-05,84.2,89.0,96.0,99.9,104.2,110.0,117.0
Buche,60,37,02-06,84.4,88.9,96.0,100.1,104.1,109.7,116.9
Buche,60,38,02-07,84.8,88.8,95.9,100.3,104.0,109.5,116.1
Buche,60,39,02-08,85.3,88.9,95.8,100.3,104.0,109.2,115.3
Buche,60,40,02-09,85.6,89.0,95.8,100.3,104.0,108.5,114.6
Buche,60,41,02-10,85.6,89.1,95.8,100.3,104.0,108.5,114.2
Buche,60,42,02-11,85.7,89.1,95.6,100.2,103.8,108.3,113.9
Buche,60,43,02-12,85.7,89.2,95.6,100,103.8,108.2,114.1
Buche,60,44,02-13,85.8,89.3,95.5,100,103.8,108.3,113.1
Buche,60,45,02-14,85.9,89.4,95.2,100,103.8,107.6,112.2
Buche,60,46,02-15,86.2,89.7,95.1,99.8,103.8,107.7,112.9
Buche,60,47,02-16,86.5,90.0,95.1,99.7,103.8,107.6,113.0
Buche,60,48,02-17,86.8,90.2,95.0,99.6,103.9,107.3,112.7
Buche,60,49,02-18,87.2,90.4,95.0,99.5,103.9,106.8,112.1
Buche,60,50,02-19,87.6,90.7,94.9,99.5,103.8,106.5,111.6
Buche,60,51,02-20,88.0,91.0,94.8,99.5,103.7,106.1,111.2
Buche,60,52,02-21,88.4,91.2,94.9,99.4,103.6,105.9,111.0
Buche,60,53,02-22,88.9,91.5,94.8,99.4,103.5,105.9,110.9
Buche,60,54,02-23,89.4,91.8,94.8,99.3,103.4,105.9,111.1
Buche,60,55,02-24,89.9,92.1,94.9,99.2,103.2,105.7,111.1
Buche,60,56,02-25,90.3,92.4,94.9,99,102.9,105.6,111.3
Buche,60,57,02-26,90.9,92.7,95.0,98.8,102.8,105.6,111.2
Buche,60,58,02-27,91.1,92.9,95.1,98.7,102.9,105.6,111.6
Buche,60,59,02-28,91.3,92.9,95.1,98.6,102.9,105.7,111.9
Buche,60,60,03-01,91.4,92.9,95.1,98.5,102.8,105.7,112.0
Buche,60,61,03-02,91.6,93.0,95.0,98.5,102.7,105.7,112.0
Buche,60,62,03-03,91.6,93.0,95.0,98.4,102.8,105.7,111.9
Buche,60,63,03-04,91.6,93.1,95.0,98.4,102.8,105.7,111.0
Buche,60,64,03-05,91.6,93.1,95.0,98.2,102.7,106.0,111.5
Buche,60,65,03-06,91.6,93.1,95.1,98.1,102.8,106.4,111.9
Buche,60,66,03-07,91.3,92.9,95.1,97.9,102.9,106.6,111.2
Buche,60,67,03-08,91.1,92.9,95.0,97.9,103.0,106.7,111.0
Buche,60,68,03-09,90.9,92.9,95.0,97.9,103.1,107.0,111.8
Buche,60,69,03-10,90.7,92.8,94.9,97.9,103.1,107.2,111.9
Buche,60,70,03-11,90.5,92.6,94.8,97.8,103.1,107.3,112.1
Buche,60,71,03-12,90.3,92.5,94.8,97.8,103.2,107.5,112.1
Buche,60,72,03-13,90.1,92.3,94.7,97.8,103.2,107.5,112.3
Buche,60,73,03-14,89.8,92.2,94.6,97.8,103.1,107.5,112.3
Buche,60,74,03-15,89.6,92.0,94.6,97.8,103.1,107.5,112.1
Buche,60,75,03-16,89.5,91.7,94.5,97.9,103.1,107.6,111.9
Buche,60,76,03-17,89.3,91.5,94.5,98,103.3,107.6,111.7
Buche,60,77,03-18,89.1,91.2,94.5,98.1,103.4,107.7,111.7
Buche,60,78,03-19,88.9,91.0,94.5,98.2,103.5,107.7,111.1
Buche,60,79,03-20,88.6,90.7,94.5,98.2,103.5,107.8,110.8
Buche,60,80,03-21,88.4,90.4,94.5,98.2,103.6,107.7,110.9
Buche,60,81,03-22,88.2,90.2,94.5,98.2,103.7,107.9,111.1
Buche,60,82,03-23,88.0,89.9,94.4,98.1,103.6,108.0,111.3
Buche,60,83,03-24,87.9,89.8,94.4,98.2,103.5,107.7,111.1
Buche,60,84,03-25,87.7,89.8,94.3,98.5,103.5,107.2,110.3
Buche,60,85,03-26,87.5,89.7,94.4,98.6,103.4,106.8,109.7
Buche,60,86,03-27,87.3,89.7,94.3,98.7,103.2,106.4,109.3
Buche,60,87,03-28,87.2,89.5,94.3,98.6,103.0,106.2,108.7
Buche,60,88,03-29,87.0,89.3,94.2,98.6,102.9,105.7,108.4
Buche,60,89,03-30,86.8,89.4,94.1,98.5,102.7,105.6,109.2
Buche,60,90,03-31,86.6,89.5,94.1,98.4,102.5,105.7,109.1
Buche,60,91,04-01,86.4,89.5,94.1,98.3,102.6,105.7,109.0
Buche,60,92,04-02,86.2,89.4,94.0,98.2,102.6,105.8,109.6
Buche,60,93,04-03,86.0,89.4,93.9,98.1,102.8,105.9,109.8
Buche,60,94,04-04,85.8,89.3,93.7,98.1,103.0,106.0,109.9
Buche,60,95,04-05,85.6,89.1,93.6,98.1,103.2,106.0,109.8
Buche,60,96,04-06,85.5,89.0,93.5,98,103.2,106.0,110.0
Buche,60,97,04-07,85.4,88.9,93.4,98,103.1,106.1,110.5
Buche,60,98,04-08,85.2,88.8,93.3,97.8,102.9,106.0,110.6
Buche,60,99,04-09,85.0,88.6,93.1,97.6,102.9,106.1,111.1
Buche,60,100,04-10,84.8,88.4,93.0,97.5,102.6,105.9,110.8
Buche,60,101,04-11,84.5,88.2,92.8,97.3,102.4,105.6,110.6
Buche,60,102,04-12,84.2,87.9,92.6,97.1,102.1,105.5,110.3
Buche,60,103,04-13,83.8,87.4,92.4,96.7,101.8,105.1,110.2
Buche,60,104,04-14,83.4,86.7,92.1,96.3,101.6,104.7,110.0
Buche,60,105,04-15,82.8,86.0,91.9,95.8,101.2,104.4,109.8
Buche,60,106,04-16,82.3,85.7,91.6,95.4,100.9,104.4,109.6
Buche,60,107,04-17,81.7,85.5,91.3,95,100.7,104.3,109.5
Buche,60,108,04-18,81.1,85.2,91.0,94.7,100.5,104.3,108.8
Buche,60,109,04-19,80.6,84.7,90.5,94.4,100.2,104.3,107.9
Buche,60,110,04-20,80.5,84.1,90.0,93.9,100.1,103.9,107.6
Buche,60,111,04-21,80.2,83.6,89.5,93.7,99.7,103.5,107.4
Buche,60,112,04-22,79.7,83.0,89.1,93.4,99.3,103.0,106.5
Buche,60,113,04-23,79.2,82.5,88.7,93.1,98.8,102.6,106.1
Buche,60,114,04-24,78.9,82.1,88.3,92.6,98.3,102.4,106.3
Buche,60,115,04-25,78.4,81.6,87.7,92.2,97.8,102.2,106.3
Buche,60,116,04-26,77.8,81.3,87.3,91.7,97.6,102.1,105.9
Buche,60,117,04-27,77.3,80.9,87.0,91.4,97.4,102.0,105.3
Buche,60,118,04-28,76.7,80.4,86.5,91.2,97.4,102.2,105.6
Buche,60,119,04-29,74.8,79.6,86.0,90.9,97.4,102.2,105.2
Buche,60,120,04-30,73.0,78.8,85.4,90.7,97.5,102.2,105.1
Buche,60,121,05-01,71.1,77.9,84.9,90.6,97.6,102.2,105.1
Buche,60,122,05-02,69.3,76.9,84.3,90.4,97.7,102.2,105.1
Buche,60,123,05-03,67.4,75.9,83.7,90.2,97.7,102.5,105.1
Buche,60,124,05-04,65.6,74.7,82.9,89.9,97.7,102.6,105.1
Buche,60,125,05-05,63.8,73.6,82.0,89.5,97.6,102.6,105.0
Buche,60,126,05-06,62.0,71.8,81.1,89.5,97.6,102.5,105.0
Buche,60,127,05-07,60.3,70.1,80.2,89.5,97.3,102.3,104.9
Buche,60,128,05-08,58.5,68.3,79.3,89.5,97.2,102.3,104.9
Buche,60,129,05-09,56.5,66.4,78.4,89.5,97.2,102.2,105.0
Buche,60,130,05-10,54.2,64.5,77.5,89.5,97.4,102.4,105.3
Buche,60,131,05-11,51.9,62.6,76.6,89.1,97.6,102.9,106.9
Buche,60,132,05-12,49.8,60.9,75.6,88.6,97.8,103.5,107.5
Buche,60,133,05-13,47.6,59.2,74.6,88.2,98.0,103.8,107.9
Buche,60,134,05-14,45.2,57.3,73.7,87.8,98.2,104.0,107.7
Buche,60,135,05-15,42.7,55.7,72.9,87.4,98.5,103.9,107.6
Buche,60,136,05-16,40.3,53.8,71.9,86.8,98.6,104.0,108.8
Buche,60,137,05-17,37.9,52.0,70.8,86.1,98.5,104.2,109.5
Buche,60,138,05-18,35.5,50.3,69.7,85.3,98.3,103.9,109.1
Buche,60,139,05-19,34.4,49.5,68.7,84.6,98.1,103.9,109.7
Buche,60,140,05-20,33.2,48.8,67.6,83.9,98.2,104.4,111.3
Buche,60,141,05-21,32.3,48.0,66.4,83,98.3,104.9,112.5
Buche,60,142,05-22,32.4,47.4,65.5,82,98.4,105.6,113.2
Buche,60,143,05-23,32.2,46.5,64.6,81,98.4,105.8,114.2
Buche,60,144,05-24,31.6,45.9,63.7,80.3,98.4,105.9,114.3
Buche,60,145,05-25,30.7,45.4,62.7,79.8,98.2,105.9,114.9
Buche,60,146,05-26,29.7,44.9,61.7,79,98.1,105.8,115.7
Buche,60,147,05-27,29.1,44.8,60.8,78.1,97.9,105.9,116.1
Buche,60,148,05-28,29.4,44.7,59.9,77.2,97.7,105.8,116.2
Buche,60,149,05-29,29.7,44.5,58.9,76.2,97.2,105.6,115.8
Buche,60,150,05-30,29.9,44.3,58.0,75.2,96.2,105.4,115.4
Buche,60,151,05-31,29.7,44.2,56.8,74.4,95.4,104.9,113.7
Buche,60,152,06-01,29.4,43.7,55.5,73.7,94.5,104.4,113.0
Buche,60,153,06-02,28.9,43.1,54.2,72.8,93.5,103.8,112.6
Buche,60,154,06-03,28.5,42.5,52.8,72.1,92.4,103.4,112.7
Buche,60,155,06-04,28.0,41.6,51.3,71.2,91.2,103.2,112.9
Buche,60,156,06-05,27.6,40.7,49.8,70.8,90.3,102.6,111.7
Buche,60,157,06-06,27.2,39.7,48.3,70.3,89.4,101.9,110.9
Buche,60,158,06-07,26.8,38.7,46.8,69.5,88.6,101.1,110.6
Buche,60,159,06-08,26.4,37.1,45.9,68.6,87.5,100.3,109.6
Buche,60,160,06-09,26.2,35.4,44.9,67.6,86.1,99.0,107.6
Buche,60,161,06-10,25.8,34.1,44.3,66.7,84.9,97.6,105.7
Buche,60,162,06-11,24.4,33.1,43.3,65.7,83.7,96.0,104.4
Buche,60,163,06-12,23.4,32.4,42.4,64.8,82.5,95.0,102.9
Buche,60,164,06-13,22.9,31.7,41.4,63.7,81.3,94.1,102.4
Buche,60,165,06-14,22.9,30.8,40.5,62.5,80.2,93.6,101.3
Buche,60,166,06-15,22.9,29.9,39.7,61.5,78.8,93.2,100.3
Buche,60,167,06-16,22.5,28.6,38.6,60.2,77.3,92.5,100.1
Buche,60,168,06-17,21.1,27.3,37.7,59.1,75.8,91.7,100.0
Buche,60,169,06-18,19.7,26.1,36.9,57.9,74.3,91.0,99.9
Buche,60,170,06-19,18.5,25.0,36.1,56.9,73.3,90.5,99.7
Buche,60,171,06-20,17.9,24.3,35.4,55.6,72.1,90.1,99.4
Buche,60,172,06-21,17.5,23.5,35.0,54.2,71.2,89.9,99.2
Buche,60,173,06-22,17.1,23.0,34.5,52.6,70.6,89.6,99.4
Buche,60,174,06-23,16.8,22.5,33.7,50.7,70.2,89.3,98.8
Buche,60,175,06-24,16.4,22.0,32.9,49.2,69.9,89.1,98.5
Buche,60,176,06-25,15.9,21.6,32.1,47.5,69.3,88.8,98.7
Buche,60,177,06-26,15.5,21.2,31.4,45.8,68.8,88.6,99.1
Buche,60,178,06-27,15.0,20.8,31.1,44.4,68.2,88.4,99.7
Buche,60,179,06-28,14.5,20.4,30.2,43.5,67.6,88.0,100.2
Buche,60,180,06-29,14.0,20.1,29.2,42.3,67.0,88.6,101.0
Buche,60,181,06-30,13.4,19.4,27.9,41.1,66.2,88.8,101.7
Buche,60,182,07-01,12.9,18.6,26.7,40,65.6,88.8,102.6
Buche,60,183,07-02,12.4,17.8,25.8,38.8,65.1,89.0,103.2
Buche,60,184,07-03,11.8,17.1,24.9,37.8,64.7,89.5,104.2
Buche,60,185,07-04,10.9,16.4,23.9,36.8,64.2,89.6,105.2
Buche,60,186,07-05,10.2,15.7,23.1,36,64.1,89.3,105.8
Buche,60,187,07-06,9.5,15.2,22.5,35.3,64.2,88.9,105.8
Buche,60,188,07-07,9.2,14.9,21.8,35,64.3,88.3,106.0
Buche,60,189,07-08,9.0,14.6,21.0,34.7,64.4,87.4,106.1
Buche,60,190,07-09,8.8,14.2,20.6,34,64.0,86.1,106.1
Buche,60,191,07-10,8.4,13.5,20.3,34,63.8,84.7,106.2
Buche,60,192,07-11,7.9,13.0,19.9,34.3,63.2,83.0,106.0
Buche,60,193,07-12,7.6,12.4,19.6,34.8,62.3,81.9,105.5
Buche,60,194,07-13,7.5,12.0,19.5,35.1,61.2,80.5,105.0
Buche,60,195,07-14,7.4,11.6,19.7,35.4,59.8,78.9,104.2
Buche,60,196,07-15,7.3,11.6,20.0,35.4,58.9,77.9,103.0
Buche,60,197,07-16,7.3,11.6,20.2,35.6,57.9,77.7,101.7
Buche,60,198,07-17,7.3,11.6,20.2,35.7,57.5,77.2,100.2
Buche,60,199,07-18,7.3,11.6,20.5,36,57.3,76.7,98.9
Buche,60,200,07-19,7.3,11.7,21.0,36.9,57.2,75.9,97.6
Buche,60,201,07-20,7.3,11.8,21.5,37.9,57.1,75.1,96.3
Buche,60,202,07-21,7.2,11.9,22.0,38.7,56.6,74.3,94.8
Buche,60,203,07-22,7.2,11.9,22.3,39.4,56.2,73.3,93.2
Buche,60,204,07-23,7.2,11.9,22.4,39.9,56.0,72.0,91.1
Buche,60,205,07-24,7.1,12.0,22.5,40.4,56.1,70.8,89.0
Buche,60,206,07-25,7.1,12.1,22.5,40.6,56.0,70.0,86.9
Buche,60,207,07-26,7.0,12.1,22.3,40.8,55.7,69.2,85.1
Buche,60,208,07-27,6.8,12.0,22.5,40.7,55.6,68.8,83.3
Buche,60,209,07-28,6.5,11.9,23.7,41.2,55.6,68.9,82.4
Buche,60,210,07-29,6.3,11.8,24.5,41.8,55.5,69.1,81.1
Buche,60,211,07-30,6.0,12.0,25.0,41.8,55.0,69.0,79.8
Buche,60,212,07-31,5.7,12.6,25.5,41.6,55.0,69.3,78.6
Buche,60,213,08-01,5.5,13.1,25.6,41.2,55.2,68.6,77.1
Buche,60,214,08-02,5.2,13.4,25.7,41.1,55.2,68.5,75.8
Buche,60,215,08-03,4.9,13.7,26.0,40.9,55.2,68.6,74.6
Buche,60,216,08-04,4.6,13.8,26.0,41.1,54.9,68.3,73.6
Buche,60,217,08-05,4.3,13.8,26.0,41.3,55.0,67.1,72.4
Buche,60,218,08-06,4.0,13.7,25.9,41.3,54.5,66.0,71.3
Buche,60,219,08-07,3.8,13.6,25.6,41.1,54.0,65.3,70.1
Buche,60,220,08-08,3.5,13.4,25.1,40.4,53.3,63.9,68.8
Buche,60,221,08-09,3.3,13.3,24.7,39.8,52.7,62.6,67.4
Buche,60,222,08-10,3.1,13.2,24.4,39.4,52.0,61.5,66.0
Buche,60,223,08-11,2.9,13.1,24.1,38.5,51.0,60.4,64.7
Buche,60,224,08-12,2.7,13.0,24.0,37.5,50.0,59.1,64.0
Buche,60,225,08-13,2.5,12.9,23.7,36.5,48.9,57.8,63.3
Buche,60,226,08-14,2.3,12.8,23.7,35.8,47.7,56.6,62.5
Buche,60,227,08-15,2.2,13.0,23.7,35.5,46.7,55.7,61.5
Buche,60,228,08-16,2.3,13.2,23.3,35,45.6,55.6,61.5
Buche,60,229,08-17,2.2,13.4,22.1,33.8,45.3,55.5,61.2
Buche,60,230,08-18,2.1,13.6,20.9,32.7,45.4,55.1,60.9
Buche,60,231,08-19,2.0,13.5,20.0,31.6,45.4,55.0,60.3
Buche,60,232,08-20,1.8,12.9,19.0,30.8,45.0,54.6,59.9
Buche,60,233,08-21,1.7,12.5,18.5,30.2,44.9,55.1,60.0
Buche,60,234,08-22,1.6,12.0,18.1,29.4,45.3,54.8,60.1
Buche,60,235,08-23,1.5,11.6,17.3,28.7,45.7,54.5,60.1
Buche,60,236,08-24,1.8,11.2,16.6,27.5,45.9,53.9,59.9
Buche,60,237,08-25,1.8,10.8,16.0,26.5,45.4,53.4,59.9
Buche,60,238,08-26,1.7,10.5,15.5,25.4,45.0,53.0,60.0
Buche,60,239,08-27,1.6,10.2,14.9,24.1,44.1,52.3,59.9
Buche,60,240,08-28,1.7,9.9,14.5,23.5,43.5,51.6,59.6
Buche,60,241,08-29,1.8,10.0,14.7,23,43.3,51.6,60.5
Buche,60,242,08-30,1.9,10.2,15.0,23,43.1,51.6,61.4
Buche,60,243,08-31,2.0,10.4,15.2,23.4,43.3,51.6,62.4
Buche,60,244,09-01,2.6,11.0,15.5,23.9,43.6,51.7,62.8
Buche,60,245,09-02,3.2,11.4,15.9,24.7,43.8,52.1,63.1
Buche,60,246,09-03,3.8,11.7,16.1,24.9,43.9,52.6,63.2
Buche,60,247,09-04,4.4,11.8,16.2,24.8,44.5,52.9,63.7
Buche,60,248,09-05,4.7,11.8,16.2,25,45.2,53.1,63.5
Buche,60,249,09-06,5.2,11.8,16.3,25.2,45.0,52.4,63.1
Buche,60,250,09-07,5.7,11.7,16.3,25.3,44.7,52.3,63.2
Buche,60,251,09-08,6.2,11.8,16.3,25.4,44.5,52.2,64.7
Buche,60,252,09-09,6.7,11.9,16.3,25.3,44.4,52.7,65.8
Buche,60,253,09-10,7.3,11.9,16.3,25.2,43.6,52.5,66.4
Buche,60,254,09-11,7.8,12.1,16.4,25.3,43.6,52.9,66.9
Buche,60,255,09-12,8.3,12.2,16.5,25.5,43.4,53.6,67.3
Buche,60,256,09-13,8.4,12.4,16.8,26.7,43.3,54.4,67.5
Buche,60,257,09-14,8.7,12.7,17.1,27.9,43.8,55.1,67.8
Buche,60,258,09-15,9.1,13.1,17.5,29.1,44.8,56.0,68.8
Buche,60,259,09-16,9.4,13.5,18.2,30.6,46.0,57.4,69.7
Buche,60,260,09-17,9.5,13.9,19.0,31.6,47.3,59.3,72.2
Buche,60,261,09-18,9.5,13.8,19.2,32.4,48.1,60.7,73.0
Buche,60,262,09-19,9.5,13.7,19.2,32.8,49.0,61.9,73.6
Buche,60,263,09-20,9.6,13.5,19.1,33.2,50.0,63.7,74.3
Buche,60,264,09-21,9.0,13.2,18.9,33.7,50.8,65.2,74.9
Buche,60,265,09-22,8.5,12.9,18.7,33.9,51.5,66.9,76.4
Buche,60,266,09-23,7.9,12.7,18.6,34.4,52.3,67.9,78.1
Buche,60,267,09-24,7.4,12.7,18.5,34.9,52.8,68.8,79.4
Buche,60,268,09-25,6.9,12.7,18.4,35.5,53.7,69.7,80.1
Buche,60,269,09-26,6.5,12.7,18.3,36.2,55.1,70.9,81.1
Buche,60,270,09-27,6.4,12.6,18.4,37.4,56.3,72.0,82.2
Buche,60,271,09-28,6.2,12.6,18.4,38.7,57.6,72.9,82.3
Buche,60,272,09-29,6.1,12.6,18.5,40,58.9,73.3,83.0
Buche,60,273,09-30,6.1,12.7,19.5,41.4,60.6,74.8,83.9
Buche,60,274,10-01,6.1,12.7,20.1,43.2,61.7,75.7,84.7
Buche,60,275,10-02,6.1,12.7,21.1,44.8,63.0,76.4,85.6
Buche,60,276,10-03,6.1,12.7,22.1,45.6,64.4,77.0,86.4
Buche,60,277,10-04,6.2,12.5,23.0,46.2,65.5,77.9,87.2
Buche,60,278,10-05,6.3,12.4,23.8,46.7,66.3,79.4,88.3
Buche,60,279,10-06,6.5,12.2,23.9,46.9,67.1,80.4,89.3
Buche,60,280,10-07,6.7,12.1,23.8,47.1,67.8,80.7,88.5
Buche,60,281,10-08,6.9,12.0,23.4,47.2,68.2,81.0,88.4
Buche,60,282,10-09,7.1,12.2,24.0,47.6,68.8,81.6,88.5
Buche,60,283,10-10,7.4,12.4,25.1,48.1,69.0,81.9,88.9
Buche,60,284,10-11,7.7,12.4,26.2,48.9,69.4,82.3,89.8
Buche,60,285,10-12,8.0,12.4,27.4,49.8,69.8,82.4,89.9
Buche,60,286,10-13,8.3,12.4,28.3,50.6,70.4,82.8,90.0
Buche,60,287,10-14,8.7,12.3,29.2,51.5,70.9,83.2,90.1
Buche,60,288,10-15,9.1,12.2,30.4,52.2,70.7,83.2,90.3
Buche,60,289,10-16,9.3,12.1,31.8,53,70.6,83.2,90.2
Buche,60,290,10-17,9.5,12.7,33.0,53.5,71.0,83.4,89.8
Buche,60,291,10-18,9.7,13.0,34.3,53.9,71.5,83.7,89.2
Buche,60,292,10-19,9.9,13.1,35.6,54.4,72.1,83.9,88.8
Buche,60,293,10-20,10.4,13.6,35.9,55.1,72.3,83.2,88.9
Buche,60,294,10-21,11.0,14.2,36.4,55.3,72.3,82.8,89.1
Buche,60,295,10-22,11.5,14.7,36.8,55.7,72.4,82.8,89.7
Buche,60,296,10-23,11.8,15.2,37.0,55.9,72.6,83.2,90.3
Buche,60,297,10-24,12.0,15.7,37.8,56.4,72.9,83.5,91.0
Buche,60,298,10-25,12.2,16.1,38.5,56.9,73.0,83.1,90.6
Buche,60,299,10-26,12.4,16.6,39.5,57.5,73.4,82.9,90.5
Buche,60,300,10-27,12.5,17.1,40.8,58.2,73.9,82.8,90.5
Buche,60,301,10-28,12.6,17.5,42.4,58.8,74.4,82.8,90.4
Buche,60,302,10-29,12.8,17.6,43.1,59.4,74.9,82.9,90.7
Buche,60,303,10-30,12.9,17.8,43.5,59.9,75.8,83.1,90.8
Buche,60,304,10-31,13.0,18.1,43.9,60.1,76.7,83.4,90.8
Buche,60,305,11-01,13.5,19.0,44.5,60.5,77.6,83.7,91.0
Buche,60,306,11-02,14.0,20.0,45.3,61.2,78.2,84.1,91.2
Buche,60,307,11-03,14.5,21.9,46.5,61.8,79.0,84.5,91.5
Buche,60,308,11-04,14.9,23.6,47.2,62.5,79.7,85.0,91.9
Buche,60,309,11-05,15.3,24.9,48.0,63.3,80.0,85.5,92.3
Buche,60,310,11-06,15.6,25.5,49.1,64.2,80.3,85.9,92.8
Buche,60,311,11-07,15.9,26.2,50.2,65.2,80.6,86.3,93.3
Buche,60,312,11-08,16.2,27.1,51.3,66.2,81.0,86.9,93.6
Buche,60,313,11-09,15.9,27.4,52.4,67.1,81.8,88.1,94.2
Buche,60,314,11-10,15.7,27.5,53.5,68.1,83.0,89.4,95.0
Buche,60,315,11-11,15.6,27.6,54.4,69.1,84.2,90.5,95.2
Buche,60,316,11-12,15.6,27.8,55.3,70.1,85.0,91.2,95.5
Buche,60,317,11-13,15.7,28.0,55.8,71.1,85.8,91.8,95.8
Buche,60,318,11-14,15.9,28.1,56.4,72.2,86.4,92.5,96.2
Buche,60,319,11-15,16.1,28.3,56.9,73.4,87.1,93.1,96.6
Buche,60,320,11-16,16.4,28.4,57.7,74.7,87.8,93.7,97.3
Buche,60,321,11-17,16.6,28.5,58.3,75.9,88.5,94.1,98.2
Buche,60,322,11-18,16.9,28.6,59.1,77.3,89.2,95.0,99.7
Buche,60,323,11-19,17.1,28.7,60.1,78.7,89.7,95.5,100.2
Buche,60,324,11-20,17.4,29.2,61.1,80,90.5,96.0,100.4
Buche,60,325,11-21,17.3,29.4,62.1,81.2,91.2,96.4,100.5
Buche,60,326,11-22,17.2,30.7,63.1,82.3,92.0,96.7,100.6
Buche,60,327,11-23,17.2,31.4,64.1,83.3,92.6,96.9,100.7
Buche,60,328,11-24,18.3,32.7,65.2,84.2,93.3,97.2,100.9
Buche,60,329,11-25,20.8,34.3,66.2,85,94.1,97.9,101.6
Buche,60,330,11-26,23.2,36.1,66.8,85.7,94.7,98.6,103.3
Buche,60,331,11-27,25.7,38.1,67.5,86.5,95.4,99.5,104.3
Buche,60,332,11-28,28.2,40.1,68.4,87.3,96.1,100.1,105.0
Buche,60,333,11-29,30.8,42.4,69.1,88,96.3,100.2,104.7
Buche,60,334,11-30,33.3,44.8,69.8,88.6,96.2,100.2,104.7
Buche,60,335,12-01,35.9,47.0,70.7,89.2,96.2,100.3,105.1
Buche,60,336,12-02,38.5,49.3,71.8,89.8,96.2,100.5,105.3
Buche,60,337,12-03,41.1,51.6,72.7,90.3,96.4,100.7,105.5
Buche,60,338,12-04,43.7,53.9,74.0,90.7,96.7,100.8,105.7
Buche,60,339,12-05,46.4,56.6,75.5,91,96.7,101.1,106.1
Buche,60,340,12-06,49.3,59.7,76.6,91.3,96.8,101.4,106.6
Buche,60,341,12-07,52.2,62.7,77.8,91.7,97.1,101.8,106.6
Buche,60,342,12-08,55.1,65.6,78.9,92.1,97.4,101.7,106.2
Buche,60,343,12-09,58.0,68.4,79.7,92.3,97.5,101.6,106.7
Buche,60,344,12-10,60.9,70.6,80.7,92.6,97.6,101.9,107.3
Buche,60,345,12-11,63.7,72.6,81.7,92.8,97.8,102.3,107.7
Buche,60,346,12-12,66.8,74.1,82.7,93.2,98.2,102.8,108.9
Buche,60,347,12-13,70.0,75.2,83.4,93.6,98.8,103.6,110.1
Buche,60,348,12-14,71.9,76.0,84.2,93.9,99.2,104.8,111.2
Buche,60,349,12-15,72.3,76.8,85.1,94.4,99.5,105.4,111.9
Buche,60,350,12-16,73.0,77.5,85.9,94.7,99.7,105.7,111.3
Buche,60,351,12-17,73.4,78.1,86.6,95,99.9,105.8,111.2
Buche,60,352,12-18,73.9,78.7,87.2,95.2,100.2,106.1,111.4
Buche,60,353,12-19,74.2,79.0,87.9,95.4,100.4,106.5,111.9
Buche,60,354,12-20,74.6,79.6,88.7,95.6,100.7,106.9,112.2
Buche,60,355,12-21,74.9,80.4,89.4,95.8,100.7,107.1,113.3
Buche,60,356,12-22,75.3,80.9,89.8,95.9,100.8,107.3,113.7
Buche,60,357,12-23,75.6,81.6,90.4,96.2,101.0,107.6,114.2
Buche,60,358,12-24,76.0,82.3,90.8,96.5,101.3,108.0,114.8
Buche,60,359,12-25,76.3,82.8,90.8,96.8,101.6,108.4,115.4
Buche,60,360,12-26,76.4,82.8,90.9,97,101.8,108.8,115.6
Buche,60,361,12-27,76.5,82.9,91.1,97.2,102.0,109.1,116.4
Buche,60,362,12-28,76.7,83.2,91.3,97.5,102.2,109.7,116.5
Buche,60,363,12-29,76.9,83.7,91.5,97.9,102.6,110.5,116.8
Buche,60,364,12-30,77.1,84.5,91.8,98.4,102.7,111.1,117.2
Buche,60,365,12-31,77.4,85.2,91.8,98.6,102.7,111.6,
Fichte,15,1,01-01,72.7,74.8,79.1,84.8,105.8,114.1,127.5
Fichte,15,2,01-02,72.7,75.0,79.2,85.2,105.4,113.8,127.0
Fichte,15,3,01-03,72.7,75.1,79.6,85.9,104.8,113.1,126.2
Fichte,15,4,01-04,72.6,75.1,80.1,86.4,104.3,112.3,125.3
Fichte,15,5,01-05,72.5,75.0,80.4,86.7,103.6,111.5,124.4
Fichte,15,6,01-06,72.3,74.9,80.6,86.9,102.9,111.2,123.8
Fichte,15,7,01-07,72.2,74.8,80.7,87.1,102.4,111.3,124.3
Fichte,15,8,01-08,72.0,74.7,80.7,87.2,102.5,111.6,124.3
Fichte,15,9,01-09,71.8,74.8,80.7,87.3,102.7,111.9,124.1
Fichte,15,10,01-10,71.6,75.0,80.7,87.2,102.5,112.1,123.7
Fichte,15,11,01-11,71.5,75.4,81.0,87.4,102.3,112.1,123.7
Fichte,15,12,01-12,71.3,75.7,81.4,87.6,102.3,112.0,123.8
Fichte,15,13,01-13,71.2,76.1,81.4,87.8,101.8,111.6,123.6
Fichte,15,14,01-14,71.0,76.4,81.4,88.2,101.5,110.8,123.0
Fichte,15,15,01-15,70.8,76.5,81.4,88.5,101.3,110.7,122.4
Fichte,15,16,01-16,70.2,76.4,81.3,88.8,101.2,111.0,122.0
Fichte,15,17,01-17,69.7,76.2,81.2,89.3,101.5,111.5,122.0
Fichte,15,18,01-18,69.5,76.2,81.2,89.8,101.7,111.4,120.5
Fichte,15,19,01-19,69.6,76.4,81.4,90,101.6,111.4,119.8
Fichte,15,20,01-20,69.8,76.7,81.7,90.1,101.6,111.8,119.6
Fichte,15,21,01-21,69.8,76.9,82.3,90.3,101.4,112.4,119.4
Fichte,15,22,01-22,69.9,77.2,82.9,90.5,101.6,112.9,119.9
Fichte,15,23,01-23,69.9,77.6,83.3,90.7,102.1,113.6,120.1
Fichte,15,24,01-24,69.9,78.1,83.5,91,102.4,114.3,120.4
Fichte,15,25,01-25,70.6,78.6,83.8,91.4,102.9,115.1,120.6
Fichte,15,26,01-26,71.3,79.4,84.1,91.9,103.4,115.5,120.8
Fichte,15,27,01-27,72.0,79.9,84.4,92.3,103.7,115.6,120.4
Fichte,15,28,01-28,72.6,80.5,84.8,92.7,103.8,115.3,120.0
Fichte,15,29,01-29,73.2,81.0,85.2,93.1,104.0,115.3,120.8
Fichte,15,30,01-30,73.8,81.3,85.5,93.5,104.5,115.3,121.4
Fichte,15,31,01-31,74.3,81.6,85.7,93.8,105.1,115.2,121.9
Fichte,15,32,02-01,74.8,81.9,85.9,94.3,105.3,115.2,121.7
Fichte,15,33,02-02,75.2,82.3,86.4,94.9,105.6,115.2,121.2
Fichte,15,34,02-03,75.6,82.7,87.0,95.3,105.9,115.1,121.1
Fichte,15,35,02-04,76.0,83.1,87.6,96,106.0,115.2,121.2
Fichte,15,36,02-05,76.4,83.4,88.2,96.6,106.1,115.2,121.2
Fichte,15,37,02-06,76.8,83.8,88.7,97,106.0,115.0,121.0
Fichte,15,38,02-07,76.9,84.1,89.1,97.3,106.3,115.1,121.1
Fichte,15,39,02-08,76.9,84.1,89.3,97.5,106.4,115.0,120.8
Fichte,15,40,02-09,76.9,84.1,89.2,97.7,106.6,114.6,120.3
Fichte,15,41,02-10,76.9,83.8,88.9,97.7,106.8,114.3,119.8
Fichte,15,42,02-11,77.0,83.6,88.4,98,107.0,114.2,119.4
Fichte,15,43,02-12,77.0,83.4,88.1,98.2,107.1,114.6,120.2
Fichte,15,44,02-13,77.1,83.2,87.9,97.9,107.4,114.9,120.7
Fichte,15,45,02-14,76.6,82.9,87.8,97.9,107.5,114.8,121.5
Fichte,15,46,02-15,76.0,82.3,87.9,98,107.8,114.7,122.1
Fichte,15,47,02-16,75.4,81.8,88.1,98.1,108.1,114.7,122.4
Fichte,15,48,02-17,74.9,81.3,88.3,98.3,108.1,115.1,122.9
Fichte,15,49,02-18,74.5,80.6,88.4,98.6,108.2,115.0,122.6
Fichte,15,50,02-19,74.1,79.9,88.6,98.9,108.3,115.0,122.5
Fichte,15,51,02-20,73.7,79.2,88.5,99.1,108.3,115.5,122.8
Fichte,15,52,02-21,73.2,78.5,88.2,99.4,108.3,115.7,123.3
Fichte,15,53,02-22,72.7,77.8,87.7,99.4,108.1,115.7,123.6
Fichte,15,54,02-23,72.3,77.2,87.3,99.2,107.5,115.9,123.8
Fichte,15,55,02-24,71.9,76.7,87.0,98.7,107.5,115.8,123.8
Fichte,15,56,02-25,71.5,76.4,86.8,98.2,107.2,115.9,123.9
Fichte,15,57,02-26,71.2,76.1,86.6,97.7,107.2,116.0,124.1
Fichte,15,58,02-27,70.9,75.8,86.4,97.5,107.0,116.0,124.6
Fichte,15,59,02-28,70.5,75.8,86.2,97.3,107.0,116.1,124.9
Fichte,15,60,03-01,70.1,75.7,86.0,97.2,107.0,115.9,124.9
Fichte,15,61,03-02,69.7,75.8,85.8,97.2,106.9,115.7,125.2
Fichte,15,62,03-03,69.4,75.7,85.6,96.7,106.3,116.0,125.5
Fichte,15,63,03-04,69.4,75.5,85.4,96.3,105.7,115.5,125.2
Fichte,15,64,03-05,69.3,75.2,84.9,96.3,105.0,114.9,125.0
Fichte,15,65,03-06,69.3,75.1,84.4,95.7,104.7,114.6,124.9
Fichte,15,66,03-07,69.2,75.0,83.9,95.2,103.8,114.3,124.8
Fichte,15,67,03-08,69.1,75.0,83.2,94.5,103.3,114.1,124.4
Fichte,15,68,03-09,68.9,75.0,82.5,93.8,102.7,113.9,124.5
Fichte,15,69,03-10,68.6,75.0,81.7,93.1,101.6,113.9,123.7
Fichte,15,70,03-11,68.1,74.9,80.8,92.4,100.6,113.7,123.0
Fichte,15,71,03-12,68.0,74.8,80.1,91.8,99.6,113.1,122.2
Fichte,15,72,03-13,67.9,74.7,79.7,90.9,98.6,112.8,121.6
Fichte,15,73,03-14,67.8,74.4,79.2,90,97.7,112.5,121.7
Fichte,15,74,03-15,67.6,74.0,78.5,89.3,97.2,111.8,121.8
Fichte,15,75,03-16,67.3,73.3,78.1,88.6,96.3,111.7,121.9
Fichte,15,76,03-17,66.8,72.5,77.5,88,95.6,111.3,121.8
Fichte,15,77,03-18,66.2,71.7,76.8,87.4,94.6,110.6,122.2
Fichte,15,78,03-19,65.5,70.7,76.0,86.6,93.6,109.9,122.1
Fichte,15,79,03-20,64.7,69.5,75.3,85.7,92.6,109.2,122.2
Fichte,15,80,03-21,64.0,68.3,74.5,84.7,91.7,109.4,121.9
Fichte,15,81,03-22,63.2,67.2,73.5,83.5,91.3,109.6,121.8
Fichte,15,82,03-23,62.4,66.0,72.5,82.4,91.4,108.9,121.0
Fichte,15,83,03-24,61.3,64.9,71.3,81.2,91.4,108.3,120.2
Fichte,15,84,03-25,60.1,63.7,70.1,79.8,91.6,108.2,119.6
Fichte,15,85,03-26,58.9,62.6,69.0,78.3,91.7,108.3,118.8
Fichte,15,86,03-27,57.7,61.4,67.8,77.4,92.0,108.3,117.6
Fichte,15,87,03-28,56.5,60.2,66.6,76.4,92.0,108.0,116.7
Fichte,15,88,03-29,55.4,59.0,65.2,75.4,91.9,107.0,115.2
Fichte,15,89,03-30,54.3,57.8,64.0,74.4,92.1,106.1,114.3
Fichte,15,90,03-31,53.4,56.6,62.7,73.3,91.8,105.2,113.7
Fichte,15,91,04-01,52.1,55.3,61.4,72.3,91.6,104.2,112.9
Fichte,15,92,04-02,50.8,54.0,60.0,71.4,91.7,103.4,112.2
Fichte,15,93,04-03,49.5,52.8,58.7,71.1,91.7,102.6,111.0
Fichte,15,94,04-04,48.3,51.6,57.4,70.8,91.5,102.1,110.0
Fichte,15,95,04-05,47.2,50.4,55.8,70,91.1,101.2,109.0
Fichte,15,96,04-06,46.2,49.3,54.2,69.2,91.0,100.6,108.4
Fichte,15,97,04-07,45.3,48.1,53.6,68.3,91.0,100.6,108.4
Fichte,15,98,04-08,44.4,47.1,53.0,67.5,90.8,100.5,107.8
Fichte,15,99,04-09,43.6,46.1,52.5,66.6,90.1,100.9,107.9
Fichte,15,100,04-10,42.7,45.0,52.0,65.9,89.3,100.3,108.2
Fichte,15,101,04-11,41.7,44.0,51.4,65.3,88.0,99.5,108.3
Fichte,15,102,04-12,40.7,42.9,51.0,64.6,86.5,98.5,108.5
Fichte,15,103,04-13,39.6,41.9,50.6,63.9,85.0,97.7,108.2
Fichte,15,104,04-14,38.6,40.8,50.2,63.5,83.3,96.5,107.9
Fichte,15,105,04-15,37.7,39.6,49.5,63,81.6,95.5,107.5
Fichte,15,106,04-16,36.8,38.6,48.9,62,79.8,94.7,107.5
Fichte,15,107,04-17,35.9,38.1,48.5,61,78.3,94.7,107.5
Fichte,15,108,04-18,35.1,37.9,48.3,60.1,76.9,94.8,107.6
Fichte,15,109,04-19,34.5,37.7,48.0,59.2,75.3,95.0,107.8
Fichte,15,110,04-20,33.9,37.5,47.8,58.4,74.1,95.1,107.6
Fichte,15,111,04-21,33.5,37.3,47.6,57.8,73.2,95.2,107.2
Fichte,15,112,04-22,33.4,37.1,47.5,57.4,72.3,94.9,106.7
Fichte,15,113,04-23,33.3,36.9,47.5,56.3,71.7,94.7,107.1
Fichte,15,114,04-24,33.1,36.8,47.4,55.5,71.5,94.4,106.9
Fichte,15,115,04-25,32.9,36.6,47.4,55,71.3,93.9,107.5
Fichte,15,116,04-26,32.7,36.5,47.4,54.6,70.8,93.5,108.2
Fichte,15,117,04-27,32.5,36.6,46.6,54.2,70.0,93.0,107.8
Fichte,15,118,04-28,32.3,36.6,45.7,54.1,69.3,93.2,107.7
Fichte,15,119,04-29,32.2,36.7,44.9,54.2,69.3,92.8,106.8
Fichte,15,120,04-30,32.0,36.7,44.1,54.3,69.3,92.8,106.0
Fichte,15,121,05-01,32.2,36.9,43.5,54.4,69.8,93.0,105.0
Fichte,15,122,05-02,32.4,37.1,43.0,54.4,70.2,93.2,104.2
Fichte,15,123,05-03,32.6,37.3,42.6,54.4,70.8,93.4,103.5
Fichte,15,124,05-04,32.8,37.7,42.3,54.3,71.3,93.5,103.0
Fichte,15,125,05-05,32.9,38.1,42.1,54.4,71.8,93.5,102.2
Fichte,15,126,05-06,33.0,38.5,41.9,55,72.3,93.4,101.4
Fichte,15,127,05-07,33.1,38.3,41.6,55.8,72.6,92.6,101.0
Fichte,15,128,05-08,33.1,37.8,41.4,56.2,72.8,91.8,102.7
Fichte,15,129,05-09,33.0,37.3,41.3,56.4,73.6,91.1,103.8
Fichte,15,130,05-10,32.8,36.8,41.1,56.6,74.6,90.8,104.8
Fichte,15,131,05-11,32.3,36.4,40.9,56.7,75.5,90.9,105.6
Fichte,15,132,05-12,31.7,36.1,40.6,56.5,76.0,91.1,106.5
Fichte,15,133,05-13,31.1,35.8,40.2,56.3,76.0,91.6,106.4
Fichte,15,134,05-14,30.5,35.5,39.9,56.3,75.5,92.3,107.0
Fichte,15,135,05-15,30.0,35.3,39.4,56.3,75.1,92.8,107.1
Fichte,15,136,05-16,29.5,35.0,39.0,56.1,74.8,93.8,106.5
Fichte,15,137,05-17,28.9,34.5,38.5,55.8,74.7,94.4,106.1
Fichte,15,138,05-18,28.8,34.1,38.7,55.5,75.0,94.0,105.9
Fichte,15,139,05-19,28.6,33.7,38.7,55,76.0,94.1,105.9
Fichte,15,140,05-20,28.5,33.3,38.7,54.4,76.5,95.5,107.2
Fichte,15,141,05-21,27.9,32.8,38.7,53.8,76.7,96.5,108.2
Fichte,15,142,05-22,27.5,32.5,38.7,53.6,77.2,97.6,109.7
Fichte,15,143,05-23,27.1,32.2,38.8,53.2,77.2,98.4,111.7
Fichte,15,144,05-24,26.7,31.8,38.7,52.7,77.2,99.3,112.9
Fichte,15,145,05-25,26.4,31.3,38.7,52.3,77.1,100.4,114.4
Fichte,15,146,05-26,26.2,31.1,38.4,51.6,77.5,101.3,116.3
Fichte,15,147,05-27,26.1,30.8,38.4,51.1,77.9,102.0,117.5
Fichte,15,148,05-28,26.0,30.7,38.3,51,78.2,102.6,116.2
Fichte,15,149,05-29,25.9,30.7,38.1,51.1,77.8,103.2,115.3
Fichte,15,150,05-30,25.9,30.6,38.0,50.8,77.1,103.3,114.7
Fichte,15,151,05-31,26.0,30.5,37.9,50.6,76.3,103.1,114.3
Fichte,15,152,06-01,26.1,30.3,38.0,50.8,75.7,102.8,113.8
Fichte,15,153,06-02,26.2,30.2,38.1,50.8,75.1,102.3,113.4
Fichte,15,154,06-03,26.3,29.9,38.2,50.5,74.5,101.4,114.1
Fichte,15,155,06-04,26.3,29.7,38.3,50.2,74.5,100.9,114.5
Fichte,15,156,06-05,26.3,29.5,38.5,50,74.5,100.2,114.8
Fichte,15,157,06-06,26.3,29.2,38.7,49.8,74.4,99.5,114.7
Fichte,15,158,06-07,25.8,29.0,38.4,49.7,73.9,99.5,114.7
Fichte,15,159,06-08,25.4,28.8,38.1,49.4,72.3,99.0,114.5
Fichte,15,160,06-09,24.9,28.7,37.7,49.2,71.0,97.1,113.1
Fichte,15,161,06-10,24.5,28.6,37.4,48.9,69.9,95.8,112.0
Fichte,15,162,06-11,24.0,28.3,37.0,48.3,68.3,94.5,111.4
Fichte,15,163,06-12,23.4,28.0,36.6,47.9,67.1,93.6,110.1
Fichte,15,164,06-13,22.9,27.8,36.3,47.5,65.9,92.6,109.4
Fichte,15,165,06-14,22.3,27.6,36.0,47.1,64.6,91.5,108.2
Fichte,15,166,06-15,21.6,27.3,35.7,46.4,63.0,90.4,108.3
Fichte,15,167,06-16,20.9,26.9,35.2,45.5,61.4,89.5,108.4
Fichte,15,168,06-17,20.1,26.6,34.6,44.5,59.8,88.6,108.5
Fichte,15,169,06-18,19.4,26.3,34.1,43.8,58.4,87.7,108.6
Fichte,15,170,06-19,19.3,26.1,33.5,43.1,58.0,86.9,108.5
Fichte,15,171,06-20,19.1,25.9,33.1,42.3,57.7,87.3,108.9
Fichte,15,172,06-21,18.9,25.7,32.6,41.3,57.8,87.5,110.1
Fichte,15,173,06-22,18.6,25.6,32.0,40.3,57.8,87.7,110.9
Fichte,15,174,06-23,18.3,25.3,31.4,39.3,58.1,87.9,110.1
Fichte,15,175,06-24,18.0,25.0,30.9,38.3,58.0,88.0,110.2
Fichte,15,176,06-25,17.7,24.6,30.3,37.4,58.2,87.5,110.3
Fichte,15,177,06-26,17.4,24.2,29.8,36.7,58.3,87.1,110.3
Fichte,15,178,06-27,17.3,24.2,29.2,35.8,58.3,86.7,110.3
Fichte,15,179,06-28,17.2,24.1,28.7,35,58.3,86.2,110.2
Fichte,15,180,06-29,17.1,23.9,28.3,34.3,58.6,86.5,110.8
Fichte,15,181,06-30,17.0,23.8,28.0,33.8,58.5,86.7,110.9
Fichte,15,182,07-01,17.0,23.6,27.5,33.7,58.2,86.9,110.3
Fichte,15,183,07-02,17.0,23.6,27.1,33.6,58.2,87.7,110.0
Fichte,15,184,07-03,17.0,23.4,26.6,33.6,58.1,88.3,110.4
Fichte,15,185,07-04,17.4,23.3,26.1,33.6,58.2,88.8,110.5
Fichte,15,186,07-05,17.8,23.2,25.8,33.7,58.5,89.4,108.9
Fichte,15,187,07-06,18.2,23.0,25.5,33.5,59.4,90.0,108.8
Fichte,15,188,07-07,18.6,22.8,25.3,33.4,60.3,90.5,108.5
Fichte,15,189,07-08,19.0,22.5,25.1,33.1,61.1,90.8,108.2
Fichte,15,190,07-09,18.9,22.3,25.0,32.9,60.8,91.0,107.7
Fichte,15,191,07-10,18.8,22.1,24.7,33.1,60.3,90.0,106.7
Fichte,15,192,07-11,18.8,21.9,24.5,33.3,59.5,88.9,104.9
Fichte,15,193,07-12,18.8,21.8,24.4,33.6,58.9,88.7,103.5
Fichte,15,194,07-13,18.9,21.8,24.3,33.8,58.8,87.9,102.0
Fichte,15,195,07-14,18.9,21.9,24.1,33.9,58.0,87.0,100.1
Fichte,15,196,07-15,18.9,22.1,24.0,34,57.2,86.9,98.8
Fichte,15,197,07-16,18.9,22.3,23.9,34.1,56.7,86.7,97.8
Fichte,15,198,07-17,18.8,22.1,23.8,34.1,56.0,86.8,96.9
Fichte,15,199,07-18,18.6,21.9,23.7,34.5,55.6,86.9,96.9
Fichte,15,200,07-19,18.4,21.8,23.6,35.3,55.1,86.8,96.4
Fichte,15,201,07-20,18.3,21.6,23.5,35.9,54.7,86.6,96.7
Fichte,15,202,07-21,18.2,21.5,23.4,36.2,54.7,86.0,96.8
Fichte,15,203,07-22,18.1,21.3,23.3,36.5,55.4,85.1,96.0
Fichte,15,204,07-23,18.1,21.1,23.2,36.6,56.7,84.2,95.1
Fichte,15,205,07-24,17.6,20.9,23.1,36.8,57.8,83.4,94.7
Fichte,15,206,07-25,17.1,20.6,22.9,36.8,58.5,82.5,94.2
Fichte,15,207,07-26,16.5,20.2,22.7,37,58.5,81.6,93.0
Fichte,15,208,07-27,16.1,19.8,22.5,37.4,58.5,80.7,92.1
Fichte,15,209,07-28,15.7,19.5,22.3,37.7,58.4,79.8,91.3
Fichte,15,210,07-29,15.3,19.1,22.0,38,58.5,79.8,90.6
Fichte,15,211,07-30,14.9,18.7,21.8,38,58.6,79.8,90.4
Fichte,15,212,07-31,14.4,18.3,21.5,37.9,59.3,79.9,90.4
Fichte,15,213,08-01,14.0,17.9,21.4,37.7,59.8,79.6,90.3
Fichte,15,214,08-02,13.5,17.4,21.2,37.7,59.6,79.8,90.9
Fichte,15,215,08-03,13.0,16.9,21.0,37.8,59.9,80.3,91.4
Fichte,15,216,08-04,12.5,16.5,20.9,37.7,60.8,80.8,92.0
Fichte,15,217,08-05,12.1,15.9,20.8,37.6,61.5,80.9,92.1
Fichte,15,218,08-06,11.7,15.4,20.8,37.5,62.5,80.3,91.9
Fichte,15,219,08-07,11.3,14.8,20.8,37,63.4,79.8,91.0
Fichte,15,220,08-08,11.0,14.2,20.8,36.3,64.2,78.7,89.7
Fichte,15,221,08-09,10.5,13.6,20.7,35.5,64.9,78.0,88.6
Fichte,15,222,08-10,10.0,13.2,20.6,34.8,65.5,77.3,87.6
Fichte,15,223,08-11,9.5,12.7,20.5,34.1,65.1,76.5,87.0
Fichte,15,224,08-12,8.9,12.3,20.4,33.6,64.2,75.6,86.2
Fichte,15,225,08-13,8.4,11.8,20.2,32.9,63.2,74.7,85.7
Fichte,15,226,08-14,8.0,11.4,20.1,32.2,62.3,73.9,86.5
Fichte,15,227,08-15,7.9,11.2,19.9,31.6,61.6,73.3,86.8
Fichte,15,228,08-16,7.9,11.2,19.8,30.7,61.4,74.4,87.2
Fichte,15,229,08-17,7.8,11.1,19.6,30,61.3,76.4,89.5
Fichte,15,230,08-18,7.7,11.0,19.5,29.4,61.1,77.3,91.3
Fichte,15,231,08-19,7.5,11.0,19.4,28.9,60.7,77.9,92.9
Fichte,15,232,08-20,7.3,11.0,19.3,28.5,59.8,78.3,95.0
Fichte,15,233,08-21,7.2,11.0,19.1,28,58.9,79.3,96.7
Fichte,15,234,08-22,7.1,10.9,18.9,27.8,58.4,80.6,97.5
Fichte,15,235,08-23,7.0,10.9,18.7,27.6,57.8,81.5,98.1
Fichte,15,236,08-24,6.9,10.8,18.6,27.5,56.4,81.8,98.2
Fichte,15,237,08-25,6.8,10.7,18.2,27.2,55.4,82.3,98.5
Fichte,15,238,08-26,6.6,10.6,17.9,26.8,54.5,82.8,99.1
Fichte,15,239,08-27,6.4,10.5,17.6,26.4,53.5,83.2,99.7
Fichte,15,240,08-28,6.2,10.5,17.2,26,52.8,83.5,100.5
Fichte,15,241,08-29,6.0,10.6,16.9,25.9,52.2,83.4,101.4
Fichte,15,242,08-30,5.9,10.7,16.7,25.8,51.9,83.3,102.4
Fichte,15,243,08-31,5.7,10.8,16.6,25.7,51.7,83.2,103.5
Fichte,15,244,09-01,5.6,11.0,16.4,25.7,51.5,83.1,104.4
Fichte,15,245,09-02,5.9,11.3,16.5,25.7,51.7,83.4,105.3
Fichte,15,246,09-03,6.0,11.6,16.6,25.9,52.0,83.8,105.9
Fichte,15,247,09-04,5.9,12.0,16.7,26.1,52.4,84.5,106.3
Fichte,15,248,09-05,5.7,12.0,16.8,26.5,52.6,83.5,107.2
Fichte,15,249,09-06,5.5,12.1,16.9,27.2,52.8,81.6,106.3
Fichte,15,250,09-07,5.3,12.2,16.9,27.7,53.0,80.0,105.8
Fichte,15,251,09-08,5.1,12.2,17.0,28.1,53.6,79.2,105.1
Fichte,15,252,09-09,5.0,12.3,17.0,28.7,54.1,78.8,103.7
Fichte,15,253,09-10,4.8,12.5,17.0,29.2,54.8,77.7,102.8
Fichte,15,254,09-11,4.7,12.7,17.3,29.8,55.3,76.6,102.0
Fichte,15,255,09-12,4.6,13.0,17.9,30.4,55.8,76.3,101.5
Fichte,15,256,09-13,4.7,13.4,18.4,30.9,56.2,76.1,100.9
Fichte,15,257,09-14,4.8,13.8,18.5,31.9,56.6,75.7,100.4
Fichte,15,258,09-15,4.9,14.2,18.7,32.9,56.9,75.3,100.4
Fichte,15,259,09-16,5.1,14.7,18.9,34.1,57.1,74.9,100.5
Fichte,15,260,09-17,5.4,15.2,19.2,35.4,57.6,74.6,100.5
Fichte,15,261,09-18,5.8,15.5,19.7,36.2,57.8,74.4,100.1
Fichte,15,262,09-19,6.2,15.8,20.1,37.1,58.0,74.3,99.9
Fichte,15,263,09-20,6.6,16.0,20.8,37.9,58.1,74.3,99.8
Fichte,15,264,09-21,7.0,16.2,21.4,38.5,58.4,74.3,100.4
Fichte,15,265,09-22,7.0,16.2,21.8,39.5,58.7,74.2,101.1
Fichte,15,266,09-23,7.0,16.3,22.4,40.4,59.0,74.2,100.9
Fichte,15,267,09-24,6.9,16.3,22.9,41.3,59.1,73.5,100.9
Fichte,15,268,09-25,6.8,16.4,23.4,42.2,59.2,73.2,100.4
Fichte,15,269,09-26,6.7,16.5,24.0,43.1,59.5,73.7,99.8
Fichte,15,270,09-27,6.7,16.5,24.6,43.9,60.0,74.4,99.4
Fichte,15,271,09-28,6.8,16.6,25.3,44.7,60.8,75.2,99.0
Fichte,15,272,09-29,7.0,16.6,26.0,45.4,61.9,75.7,98.8
Fichte,15,273,09-30,7.2,16.7,27.1,46.4,63.2,76.3,98.5
Fichte,15,274,10-01,7.4,16.7,27.5,47.4,64.5,76.8,98.8
Fichte,15,275,10-02,7.6,16.6,27.7,48.5,65.7,76.8,98.6
Fichte,15,276,10-03,7.9,16.6,28.2,49.7,66.9,76.7,98.7
Fichte,15,277,10-04,8.2,16.5,29.0,50.5,67.6,76.9,99.1
Fichte,15,278,10-05,8.6,16.5,29.8,51.4,68.5,77.3,99.4
Fichte,15,279,10-06,9.0,16.4,30.5,52,69.8,78.2,99.4
Fichte,15,280,10-07,9.3,16.3,31.2,52.7,70.7,79.3,99.9
Fichte,15,281,10-08,9.4,16.1,31.8,53.4,71.9,80.4,100.3
Fichte,15,282,10-09,9.5,16.0,32.5,54.2,73.0,81.2,100.6
Fichte,15,283,10-10,9.7,15.9,33.0,55,74.2,82.1,101.2
Fichte,15,284,10-11,9.8,15.7,33.5,56.4,75.1,82.9,99.8
Fichte,15,285,10-12,9.9,15.5,33.9,57.8,75.7,83.6,98.4
Fichte,15,286,10-13,10.1,15.4,34.3,59.1,76.5,84.2,97.3
Fichte,15,287,10-14,10.3,15.2,34.9,60.2,77.2,85.2,96.1
Fichte,15,288,10-15,10.5,15.0,35.9,61.1,77.8,85.9,95.0
Fichte,15,289,10-16,10.7,14.9,36.8,61.8,78.5,86.0,94.8
Fichte,15,290,10-17,10.9,14.7,37.8,62.4,79.1,86.5,94.7
Fichte,15,291,10-18,10.9,14.6,38.8,62.9,79.0,86.3,94.6
Fichte,15,292,10-19,11.0,14.4,39.8,63.5,78.9,86.3,94.9
Fichte,15,293,10-20,11.0,14.3,40.8,63.8,78.6,86.5,96.1
Fichte,15,294,10-21,11.2,14.2,41.9,63.7,78.2,86.2,97.1
Fichte,15,295,10-22,11.3,14.1,43.0,63.8,77.9,85.9,97.8
Fichte,15,296,10-23,11.4,14.0,44.0,64.1,78.0,85.9,98.2
Fichte,15,297,10-24,11.5,14.4,44.9,64.4,78.4,86.1,98.3
Fichte,15,298,10-25,11.5,15.6,45.9,64.8,78.7,86.2,98.2
Fichte,15,299,10-26,11.6,16.8,46.9,65.2,78.6,86.0,98.3
Fichte,15,300,10-27,11.6,18.0,47.9,65.8,78.5,85.9,97.9
Fichte,15,301,10-28,11.8,19.4,49.0,66.4,78.4,85.9,97.5
Fichte,15,302,10-29,12.0,20.8,50.1,67.1,78.6,86.1,97.0
Fichte,15,303,10-30,12.2,22.1,51.1,67.7,79.0,86.5,96.3
Fichte,15,304,10-31,12.4,23.5,52.2,68.1,79.5,87.0,97.1
Fichte,15,305,11-01,12.7,24.8,53.3,68.1,80.3,87.9,98.3
Fichte,15,306,11-02,13.0,26.2,54.4,68.3,80.9,88.5,99.4
Fichte,15,307,11-03,13.4,27.6,55.3,68.6,81.2,89.8,101.3
Fichte,15,308,11-04,13.8,28.9,55.8,68.8,81.6,90.8,103.3
Fichte,15,309,11-05,14.2,30.2,56.2,69,81.7,91.7,104.1
Fichte,15,310,11-06,14.6,31.5,56.7,69.2,82.5,93.0,105.3
Fichte,15,311,11-07,14.9,32.8,57.2,69.5,83.5,94.3,106.5
Fichte,15,312,11-08,15.3,34.1,57.6,70.1,84.0,94.7,107.1
Fichte,15,313,11-09,15.7,35.4,57.8,70.8,85.0,95.8,107.7
Fichte,15,314,11-10,15.9,36.6,58.1,71.6,86.2,96.9,107.6
Fichte,15,315,11-11,16.2,37.8,58.5,72.3,87.4,98.2,108.4
Fichte,15,316,11-12,16.4,38.8,58.9,72.7,88.0,99.1,109.0
Fichte,15,317,11-13,16.6,39.4,59.3,73.2,88.5,99.7,109.5
Fichte,15,318,11-14,16.8,39.1,59.7,73.8,89.0,100.2,110.1
Fichte,15,319,11-15,17.0,38.9,60.1,74.5,89.3,101.1,110.9
Fichte,15,320,11-16,17.2,38.6,60.4,75.1,90.1,101.9,111.6
Fichte,15,321,11-17,17.4,38.2,60.6,75.6,90.6,102.9,112.5
Fichte,15,322,11-18,18.3,38.8,61.1,76.2,91.0,104.2,114.2
Fichte,15,323,11-19,19.2,39.7,61.6,77.1,91.3,105.1,115.3
Fichte,15,324,11-20,20.1,40.6,62.1,77.6,91.9,106.0,115.9
Fichte,15,325,11-21,21.0,41.4,62.9,78.2,92.2,106.5,116.0
Fichte,15,326,11-22,21.8,42.3,63.7,78.7,92.5,107.0,115.8
Fichte,15,327,11-23,22.6,43.1,64.4,79.1,92.9,106.8,115.1
Fichte,15,328,11-24,23.2,43.0,64.9,79.7,93.6,106.9,114.2
Fichte,15,329,11-25,24.0,43.8,65.7,80.4,94.5,107.3,114.2
Fichte,15,330,11-26,25.0,44.5,66.4,81,95.0,107.3,114.7
Fichte,15,331,11-27,26.3,45.4,67.1,81.8,95.4,107.3,114.6
Fichte,15,332,11-28,27.6,46.3,67.7,82.3,96.1,108.2,114.8
Fichte,15,333,11-29,29.0,47.4,68.3,82.8,96.1,108.9,114.6
Fichte,15,334,11-30,30.6,48.6,68.9,83.6,95.9,109.2,115.1
Fichte,15,335,12-01,32.2,49.8,69.5,84.2,96.0,109.7,115.1
Fichte,15,336,12-02,33.9,51.0,70.1,84.9,96.8,110.2,115.6
Fichte,15,337,12-03,35.6,52.3,70.7,85.5,97.6,110.7,116.1
Fichte,15,338,12-04,37.2,53.6,71.2,85.9,98.6,111.7,116.8
Fichte,15,339,12-05,38.9,55.0,71.8,86.2,99.5,112.1,117.1
Fichte,15,340,12-06,40.6,56.5,72.3,86.3,100.1,112.7,117.8
Fichte,15,341,12-07,42.3,58.1,72.9,86.5,100.7,112.9,118.4
Fichte,15,342,12-08,43.4,58.8,73.2,86.5,101.2,112.7,118.7
Fichte,15,343,12-09,44.5,59.2,73.5,86.3,101.5,112.5,119.2
Fichte,15,344,12-10,45.7,59.6,73.6,86,102.2,113.0,119.9
Fichte,15,345,12-11,46.9,60.0,73.7,85.9,103.3,113.7,120.6
Fichte,15,346,12-12,48.3,60.6,73.9,86,104.5,114.7,121.7
Fichte,15,347,12-13,49.8,61.4,74.1,86.2,105.6,115.4,122.9
Fichte,15,348,12-14,51.7,63.2,74.6,86.3,106.3,116.4,123.9
Fichte,15,349,12-15,53.3,64.0,74.7,86.6,106.8,117.0,124.4
Fichte,15,350,12-16,54.7,64.9,74.8,87,107.1,117.0,123.9
Fichte,15,351,12-17,55.9,65.5,74.9,87.4,107.4,117.1,123.6
Fichte,15,352,12-18,57.0,66.1,75.3,87.7,107.5,116.8,123.3
Fichte,15,353,12-19,57.9,66.6,75.5,87.8,108.0,116.2,122.6
Fichte,15,354,12-20,58.7,67.0,75.7,87.5,108.4,115.7,122.4
Fichte,15,355,12-21,59.7,67.6,75.7,87.2,108.3,115.2,122.8
Fichte,15,356,12-22,60.1,67.9,75.8,87,108.2,115.1,122.8
Fichte,15,357,12-23,60.6,68.4,76.0,86.9,108.1,115.3,123.0
Fichte,15,358,12-24,61.0,68.8,76.2,86.8,108.0,115.1,123.0
Fichte,15,359,12-25,61.5,69.3,76.3,86.9,107.9,115.0,123.3
Fichte,15,360,12-26,62.1,69.7,76.5,86.9,108.0,114.6,123.3
Fichte,15,361,12-27,62.8,69.9,76.6,87,108.3,114.6,123.1
Fichte,15,362,12-28,63.4,70.1,76.7,87.3,108.7,114.9,122.1
Fichte,15,363,12-29,64.0,70.4,76.8,87.7,109.3,115.4,121.7
Fichte,15,364,12-30,64.7,70.8,77.3,88.3,108.9,115.1,121.2
Fichte,15,365,12-31,65.4,71.2,77.3,88.8,107.7,114.5,
Fichte,30,1,01-01,87.4,89.3,95.8,101,107.2,115.3,122.4
Fichte,30,2,01-02,87.4,89.3,95.7,101,107.1,114.8,121.8
Fichte,30,3,01-03,87.3,89.3,95.8,101,107.0,114.7,122.4
Fichte,30,4,01-04,87.1,89.3,95.8,100.8,106.8,114.6,121.9
Fichte,30,5,01-05,86.8,89.3,95.6,100.7,106.6,114.1,121.6
Fichte,30,6,01-06,86.6,89.2,95.3,100.5,106.3,113.6,121.5
Fichte,30,7,01-07,86.4,89.1,95.4,100.5,106.0,113.2,121.2
Fichte,30,8,01-08,86.1,89.0,95.3,100.4,105.7,112.8,120.9
Fichte,30,9,01-09,86.2,89.0,95.3,100.3,105.4,112.6,120.5
Fichte,30,10,01-10,86.2,89.2,95.3,100.2,105.2,112.3,120.1
Fichte,30,11,01-11,86.2,89.4,95.5,100.3,105.3,112.0,119.7
Fichte,30,12,01-12,86.2,89.6,95.6,100.4,105.4,112.4,120.3
Fichte,30,13,01-13,86.1,89.8,95.8,100.2,105.4,112.7,120.6
Fichte,30,14,01-14,86.0,89.8,95.7,100,105.5,112.1,119.8
Fichte,30,15,01-15,85.9,89.8,95.4,99.8,105.6,111.5,118.8
Fichte,30,16,01-16,85.8,89.7,94.9,99.3,105.5,110.9,118.4
Fichte,30,17,01-17,85.6,89.4,94.4,99,105.5,110.6,118.5
Fichte,30,18,01-18,85.5,89.3,94.0,98.9,105.3,110.8,119.7
Fichte,30,19,01-19,85.3,89.3,93.8,98.8,105.2,111.1,119.6
Fichte,30,20,01-20,85.1,89.3,93.7,98.8,105.3,111.3,119.3
Fichte,30,21,01-21,84.9,89.4,93.7,98.6,105.3,111.6,119.0
Fichte,30,22,01-22,84.7,89.4,93.8,98.4,105.6,112.1,119.3
Fichte,30,23,01-23,84.6,89.5,93.8,98.5,106.1,112.6,119.2
Fichte,30,24,01-24,84.4,89.6,93.8,98.6,106.6,113.0,120.2
Fichte,30,25,01-25,84.8,89.7,93.9,98.7,106.9,113.8,120.9
Fichte,30,26,01-26,85.2,90.0,94.2,98.8,107.4,114.2,120.7
Fichte,30,27,01-27,85.6,90.3,94.2,98.8,107.9,114.5,120.6
Fichte,30,28,01-28,86.0,90.5,94.3,98.9,108.3,114.8,120.9
Fichte,30,29,01-29,86.2,90.8,94.4,99.2,108.9,115.5,121.6
Fichte,30,30,01-30,86.4,90.6,94.5,99.5,109.3,116.0,122.3
Fichte,30,31,01-31,86.5,90.5,94.6,99.9,109.5,116.4,123.0
Fichte,30,32,02-01,86.7,90.4,94.6,100.1,109.6,116.2,122.5
Fichte,30,33,02-02,86.9,90.4,94.6,100.4,109.7,115.8,121.9
Fichte,30,34,02-03,87.2,90.6,94.9,100.4,109.7,115.5,121.6
Fichte,30,35,02-04,87.5,90.8,95.2,100.4,109.6,115.4,121.6
Fichte,30,36,02-05,87.9,91.0,95.6,100.7,109.5,115.5,121.5
Fichte,30,37,02-06,88.2,91.3,96.0,100.9,109.6,115.5,121.1
Fichte,30,38,02-07,88.5,91.5,96.2,100.9,109.5,115.1,119.8
Fichte,30,39,02-08,87.9,91.5,96.2,100.7,109.4,114.8,118.9
Fichte,30,40,02-09,87.9,91.6,96.1,100.6,109.2,114.6,118.5
Fichte,30,41,02-10,88.3,91.7,96.1,100.4,109.2,114.5,118.4
Fichte,30,42,02-11,88.7,91.7,95.9,100.6,108.9,114.0,118.0
Fichte,30,43,02-12,89.1,91.8,95.7,100.7,108.5,113.2,117.8
Fichte,30,44,02-13,89.5,91.8,95.5,100.7,108.2,112.7,117.1
Fichte,30,45,02-14,89.4,91.7,95.2,100.9,108.0,112.0,116.1
Fichte,30,46,02-15,89.3,91.5,95.0,101,107.7,111.7,116.6
Fichte,30,47,02-16,89.1,91.4,94.9,101.1,107.3,111.4,116.9
Fichte,30,48,02-17,88.9,91.2,94.8,101.1,107.1,111.2,116.5
Fichte,30,49,02-18,88.5,91.1,94.7,100.9,106.8,110.7,115.7
Fichte,30,50,02-19,88.3,91.2,94.6,100.6,106.5,110.4,115.4
Fichte,30,51,02-20,88.1,91.1,94.5,100.4,106.2,110.1,114.9
Fichte,30,52,02-21,88.0,91.1,94.4,100.3,105.8,110.0,114.9
Fichte,30,53,02-22,87.7,91.0,94.3,100.1,105.4,109.9,115.1
Fichte,30,54,02-23,87.4,90.8,93.9,100,105.1,110.0,115.2
Fichte,30,55,02-24,87.1,90.7,93.6,99.8,104.7,109.9,115.9
Fichte,30,56,02-25,86.7,90.5,93.3,99.5,104.4,109.7,116.4
Fichte,30,57,02-26,86.4,90.4,93.0,99.3,104.0,109.5,116.5
Fichte,30,58,02-27,86.1,90.2,92.6,99.2,103.8,109.8,117.1
Fichte,30,59,02-28,86.7,90.0,92.5,99.2,103.6,110.1,117.7
Fichte,30,60,03-01,86.8,89.8,92.3,99.3,103.4,110.3,118.4
Fichte,30,61,03-02,86.6,89.6,92.1,99.3,103.0,110.4,118.6
Fichte,30,62,03-03,86.3,89.5,91.9,99.1,102.7,110.4,118.8
Fichte,30,63,03-04,86.1,89.3,91.7,98.7,102.5,110.6,118.7
Fichte,30,64,03-05,85.9,89.2,91.6,98.4,102.3,110.8,118.4
Fichte,30,65,03-06,85.6,89.0,91.5,98,101.9,111.1,118.7
Fichte,30,66,03-07,85.4,88.8,91.2,97.5,101.5,111.3,118.5
Fichte,30,67,03-08,85.2,88.4,90.9,97.2,101.3,111.3,118.3
Fichte,30,68,03-09,85.0,88.1,90.5,97,101.2,111.6,118.6
Fichte,30,69,03-10,84.9,87.7,90.0,96.6,101.0,111.5,118.5
Fichte,30,70,03-11,84.7,87.0,89.4,96.4,100.9,111.2,117.9
Fichte,30,71,03-12,84.2,86.4,88.9,95.9,100.8,110.9,117.6
Fichte,30,72,03-13,83.7,85.7,88.6,95.4,100.7,110.5,117.2
Fichte,30,73,03-14,83.1,85.0,88.3,94.9,100.6,110.1,117.0
Fichte,30,74,03-15,82.5,84.2,88.0,94.4,100.5,109.8,116.9
Fichte,30,75,03-16,81.9,83.5,87.6,94,100.3,109.5,116.2
Fichte,30,76,03-17,81.2,82.7,87.1,93.6,100.1,109.2,115.5
Fichte,30,77,03-18,80.6,82.0,86.6,93.1,99.9,109.0,115.2
Fichte,30,78,03-19,79.9,81.2,86.2,92.5,99.5,108.4,114.6
Fichte,30,79,03-20,79.1,80.5,85.7,91.8,99.1,107.6,114.0
Fichte,30,80,03-21,78.2,79.8,85.0,91,98.6,107.1,113.2
Fichte,30,81,03-22,77.3,79.0,84.3,90.3,98.2,106.9,112.9
Fichte,30,82,03-23,76.3,78.1,83.6,89.5,97.7,106.7,113.4
Fichte,30,83,03-24,75.3,77.2,82.9,88.8,97.0,106.1,113.4
Fichte,30,84,03-25,74.0,76.0,81.9,88.1,96.2,105.4,113.5
Fichte,30,85,03-26,72.7,74.7,81.1,87.3,95.8,104.5,113.4
Fichte,30,86,03-27,71.4,73.5,80.2,86.7,95.5,103.9,112.9
Fichte,30,87,03-28,70.2,72.4,79.2,85.8,95.1,103.3,112.6
Fichte,30,88,03-29,69.0,71.3,78.2,85,94.5,102.5,112.1
Fichte,30,89,03-30,67.8,70.2,77.0,84.3,93.8,101.7,112.8
Fichte,30,90,03-31,66.8,69.2,75.9,83.6,93.0,101.0,113.5
Fichte,30,91,04-01,65.8,68.2,74.8,83,92.2,100.4,114.2
Fichte,30,92,04-02,64.7,67.2,73.4,82.4,91.4,100.6,114.5
Fichte,30,93,04-03,63.7,66.2,72.0,81.9,90.6,100.7,114.7
Fichte,30,94,04-04,62.7,65.2,70.6,81.3,89.9,100.8,114.9
Fichte,30,95,04-05,61.5,64.1,69.1,80.5,89.0,100.0,115.0
Fichte,30,96,04-06,60.4,63.0,67.6,79.5,88.2,99.4,115.2
Fichte,30,97,04-07,59.3,61.8,66.2,78.6,87.6,99.8,115.3
Fichte,30,98,04-08,58.1,60.8,64.8,77.7,87.0,100.1,115.3
Fichte,30,99,04-09,56.9,59.7,63.5,76.7,86.8,100.1,115.2
Fichte,30,100,04-10,55.7,58.5,62.3,76.1,86.3,100.4,115.9
Fichte,30,101,04-11,54.5,57.1,61.2,75.4,85.9,100.4,116.2
Fichte,30,102,04-12,53.2,55.7,60.1,74.5,85.4,100.4,115.6
Fichte,30,103,04-13,51.9,54.3,59.0,73.6,84.8,100.6,114.7
Fichte,30,104,04-14,51.0,53.0,58.1,73,84.2,100.7,114.1
Fichte,30,105,04-15,49.9,51.8,57.1,72.2,83.1,100.8,113.6
Fichte,30,106,04-16,48.8,50.6,56.1,71.4,81.8,100.8,113.2
Fichte,30,107,04-17,47.7,49.3,55.3,70.5,80.6,100.9,112.8
Fichte,30,108,04-18,46.5,48.2,54.7,69.5,79.7,100.8,112.8
Fichte,30,109,04-19,45.4,47.0,54.2,68.4,78.9,100.8,112.6
Fichte,30,110,04-20,44.3,45.8,53.6,67.5,78.3,100.7,112.3
Fichte,30,111,04-21,43.1,44.7,52.9,66.6,77.8,100.4,111.9
Fichte,30,112,04-22,42.2,43.8,52.5,65.4,77.5,99.3,111.8
Fichte,30,113,04-23,41.4,43.1,52.3,64.4,77.2,98.4,111.5
Fichte,30,114,04-24,40.7,42.5,52.2,63.5,77.1,97.7,111.1
Fichte,30,115,04-25,40.1,41.9,52.2,63.2,77.2,97.9,110.7
Fichte,30,116,04-26,39.5,41.4,52.2,62.9,77.2,98.0,110.3
Fichte,30,117,04-27,38.8,41.0,52.2,62.6,76.9,97.6,110.3
Fichte,30,118,04-28,38.2,40.7,52.1,62.3,77.3,97.4,111.1
Fichte,30,119,04-29,37.7,40.2,51.9,62,77.2,97.2,111.6
Fichte,30,120,04-30,37.1,39.9,51.7,61.4,77.5,96.5,111.4
Fichte,30,121,05-01,37.0,39.8,51.5,61.4,77.8,95.7,111.6
Fichte,30,122,05-02,36.9,39.7,51.4,61.5,78.2,95.1,111.8
Fichte,30,123,05-03,36.8,39.8,51.1,61.7,78.7,94.3,112.2
Fichte,30,124,05-04,36.8,39.9,50.7,61.6,79.3,93.6,112.6
Fichte,30,125,05-05,36.9,40.1,50.4,61.7,80.0,92.9,112.9
Fichte,30,126,05-06,37.1,40.4,50.0,61.8,80.9,92.3,113.2
Fichte,30,127,05-07,37.4,40.6,49.7,62,81.7,91.7,113.4
Fichte,30,128,05-08,37.5,40.8,49.2,62.1,82.2,92.3,113.5
Fichte,30,129,05-09,37.6,40.9,48.7,62.3,82.6,92.9,113.2
Fichte,30,130,05-10,37.6,41.1,48.3,62.4,82.9,93.5,112.9
Fichte,30,131,05-11,37.5,41.1,47.9,62.4,83.9,94.3,112.9
Fichte,30,132,05-12,37.3,40.9,47.4,62.4,85.0,95.0,113.1
Fichte,30,133,05-13,37.0,40.6,46.7,62.4,86.1,95.7,112.9
Fichte,30,134,05-14,36.6,40.2,46.0,62.4,86.9,96.3,112.8
Fichte,30,135,05-15,36.1,39.7,45.4,62.1,87.7,96.8,112.7
Fichte,30,136,05-16,35.6,39.2,44.7,61.6,88.4,97.0,113.0
Fichte,30,137,05-17,35.2,38.5,44.0,61.1,89.1,96.8,113.3
Fichte,30,138,05-18,34.7,37.7,43.7,61.1,89.2,96.4,112.4
Fichte,30,139,05-19,34.2,36.9,43.5,61.4,89.3,96.2,111.8
Fichte,30,140,05-20,33.7,36.2,43.2,61.4,89.4,97.5,112.8
Fichte,30,141,05-21,32.8,35.2,42.8,61,89.4,98.5,113.0
Fichte,30,142,05-22,31.9,34.5,42.4,60.3,89.3,99.7,113.3
Fichte,30,143,05-23,31.1,33.9,41.9,59.4,89.1,100.9,114.1
Fichte,30,144,05-24,30.3,33.4,41.4,58.4,88.7,101.9,114.2
Fichte,30,145,05-25,29.4,32.9,41.0,57.5,88.3,102.9,114.2
Fichte,30,146,05-26,28.4,32.4,40.8,56.9,88.2,103.6,114.8
Fichte,30,147,05-27,27.4,31.9,40.8,56.6,88.0,104.1,115.2
Fichte,30,148,05-28,26.4,31.7,40.8,56.4,87.8,103.5,114.9
Fichte,30,149,05-29,25.5,31.5,40.9,56.2,87.6,102.9,114.2
Fichte,30,150,05-30,24.6,31.4,41.0,56.2,87.4,102.2,113.7
Fichte,30,151,05-31,23.7,31.3,41.1,56.3,86.4,101.5,112.9
Fichte,30,152,06-01,22.8,31.2,41.2,56.5,85.1,100.9,111.9
Fichte,30,153,06-02,22.0,31.2,41.3,56.6,84.0,100.2,111.4
Fichte,30,154,06-03,21.2,31.2,41.4,56.5,83.0,99.6,111.8
Fichte,30,155,06-04,20.5,31.2,41.3,56.3,81.9,99.2,112.3
Fichte,30,156,06-05,19.8,31.3,41.2,56.3,81.0,99.1,112.2
Fichte,30,157,06-06,19.1,31.4,41.1,56.4,80.0,99.0,111.5
Fichte,30,158,06-07,18.4,31.5,40.5,56.1,79.4,99.3,111.5
Fichte,30,159,06-08,17.7,31.6,40.1,55.6,78.8,99.5,111.6
Fichte,30,160,06-09,17.2,31.8,39.8,55.1,78.3,98.5,109.8
Fichte,30,161,06-10,16.7,32.0,39.6,54.7,77.8,97.6,108.5
Fichte,30,162,06-11,16.3,31.9,39.5,54.6,77.5,96.5,107.4
Fichte,30,163,06-12,16.0,31.7,39.5,54.7,77.3,95.2,105.8
Fichte,30,164,06-13,16.1,31.6,39.5,54.7,77.2,94.0,105.0
Fichte,30,165,06-14,16.2,31.5,39.3,54.7,77.2,92.8,104.3
Fichte,30,166,06-15,16.6,31.4,38.9,54.3,77.1,91.8,103.9
Fichte,30,167,06-16,16.8,31.1,38.2,53.6,76.9,91.1,103.8
Fichte,30,168,06-17,17.1,30.6,37.5,52.7,76.6,90.4,103.8
Fichte,30,169,06-18,17.5,30.2,36.9,51.8,76.2,89.9,103.9
Fichte,30,170,06-19,17.8,29.7,36.6,50.9,75.8,89.9,103.9
Fichte,30,171,06-20,18.1,29.2,36.4,50,76.1,90.3,104.0
Fichte,30,172,06-21,18.4,28.7,36.2,48.9,76.9,90.6,104.3
Fichte,30,173,06-22,18.7,28.0,35.8,47.9,77.6,90.9,104.5
Fichte,30,174,06-23,19.0,27.4,35.5,47.2,78.1,91.3,103.7
Fichte,30,175,06-24,19.2,27.3,35.2,46.5,78.5,91.5,103.0
Fichte,30,176,06-25,19.3,27.2,34.9,45.8,79.2,91.7,102.7
Fichte,30,177,06-26,19.5,27.1,34.6,44.9,79.9,91.8,102.4
Fichte,30,178,06-27,19.6,27.0,34.3,44,80.1,91.5,102.6
Fichte,30,179,06-28,19.7,26.8,33.9,43.2,80.2,91.0,102.3
Fichte,30,180,06-29,19.7,26.5,33.3,42.8,80.6,91.7,103.0
Fichte,30,181,06-30,19.7,26.2,32.7,42.3,80.9,93.0,104.2
Fichte,30,182,07-01,19.6,25.9,32.1,41.5,80.5,92.7,105.0
Fichte,30,183,07-02,19.4,25.6,31.5,40.7,80.0,92.7,105.9
Fichte,30,184,07-03,18.8,25.1,31.1,39.9,79.5,92.9,107.0
Fichte,30,185,07-04,18.2,24.6,30.8,39.1,79.3,94.7,108.2
Fichte,30,186,07-05,17.4,24.1,30.6,38.7,78.8,96.2,108.4
Fichte,30,187,07-06,16.6,23.7,30.4,38.4,78.3,97.5,108.3
Fichte,30,188,07-07,15.9,23.3,30.4,38.1,77.9,98.5,108.4
Fichte,30,189,07-08,15.1,22.8,30.2,37.8,77.6,99.3,108.6
Fichte,30,190,07-09,14.4,22.3,29.7,37.4,77.2,99.4,108.6
Fichte,30,191,07-10,13.8,21.9,29.2,37.4,76.1,99.0,108.6
Fichte,30,192,07-11,13.4,21.6,28.7,37.8,74.5,98.6,108.3
Fichte,30,193,07-12,13.0,21.3,28.3,38,72.8,98.4,108.0
Fichte,30,194,07-13,12.6,21.1,27.9,38.1,71.6,98.2,107.7
Fichte,30,195,07-14,12.3,20.3,27.5,38,70.2,97.0,107.0
Fichte,30,196,07-15,12.0,19.5,27.2,38.2,68.6,95.7,106.6
Fichte,30,197,07-16,11.8,18.8,26.9,38.4,67.8,95.6,107.3
Fichte,30,198,07-17,11.7,18.1,26.7,38.7,67.2,95.6,107.0
Fichte,30,199,07-18,11.5,17.6,26.8,39.2,67.0,95.6,107.0
Fichte,30,200,07-19,11.4,17.1,27.0,39.7,66.5,94.9,107.1
Fichte,30,201,07-20,11.2,16.7,27.3,40.3,66.1,93.5,106.8
Fichte,30,202,07-21,11.1,16.3,27.4,41,66.3,93.6,106.8
Fichte,30,203,07-22,11.0,15.9,27.3,41.9,66.5,94.3,106.3
Fichte,30,204,07-23,10.9,15.5,27.3,42.8,66.9,94.7,106.4
Fichte,30,205,07-24,10.7,15.2,27.1,43.8,67.0,93.6,106.2
Fichte,30,206,07-25,10.6,14.8,26.8,44.2,67.3,92.8,106.0
Fichte,30,207,07-26,10.5,14.5,26.6,44.7,67.8,92.0,105.8
Fichte,30,208,07-27,10.4,14.2,26.4,45.1,68.4,91.5,105.7
Fichte,30,209,07-28,10.3,14.0,26.1,46.3,68.9,90.7,105.2
Fichte,30,210,07-29,10.2,13.7,25.9,47.4,69.4,90.4,106.1
Fichte,30,211,07-30,9.9,13.8,25.7,48,69.9,90.1,107.1
Fichte,30,212,07-31,9.6,13.8,25.6,48.2,70.4,89.9,108.2
Fichte,30,213,08-01,9.4,13.9,25.4,48.5,70.9,89.5,109.1
Fichte,30,214,08-02,9.3,14.0,25.2,48.8,70.9,90.0,110.0
Fichte,30,215,08-03,9.2,13.9,25.1,49.2,71.6,91.1,111.0
Fichte,30,216,08-04,9.2,13.8,25.2,49.4,72.9,92.4,111.5
Fichte,30,217,08-05,9.2,13.6,25.2,49.5,73.6,92.4,111.0
Fichte,30,218,08-06,9.2,13.5,25.1,49.8,73.9,92.3,110.8
Fichte,30,219,08-07,9.2,13.4,24.7,49.8,73.9,92.3,110.6
Fichte,30,220,08-08,9.2,13.3,24.3,49.5,73.7,91.7,109.9
Fichte,30,221,08-09,9.1,13.2,23.9,49.1,73.5,91.5,109.1
Fichte,30,222,08-10,8.9,13.3,23.5,48.7,73.3,91.3,108.2
Fichte,30,223,08-11,8.6,13.4,23.3,48.2,73.0,90.4,107.4
Fichte,30,224,08-12,8.3,13.6,23.1,47.7,72.8,89.7,105.9
Fichte,30,225,08-13,8.1,13.7,23.0,47.1,72.7,89.1,104.4
Fichte,30,226,08-14,8.4,13.9,23.2,46.5,72.4,88.4,103.3
Fichte,30,227,08-15,8.7,14.1,23.5,46.2,71.8,87.9,102.4
Fichte,30,228,08-16,9.0,14.3,23.6,45.8,71.5,87.8,103.0
Fichte,30,229,08-17,9.3,14.5,23.7,44.6,71.1,89.1,103.9
Fichte,30,230,08-18,9.7,14.8,23.8,43.4,70.8,89.9,103.4
Fichte,30,231,08-19,10.0,14.8,23.8,42.3,71.3,90.8,102.7
Fichte,30,232,08-20,10.3,14.8,23.8,41.2,71.7,91.9,102.2
Fichte,30,233,08-21,10.5,14.9,23.7,40.1,72.0,92.9,102.0
Fichte,30,234,08-22,10.6,15.1,23.8,39.1,72.4,93.3,102.3
Fichte,30,235,08-23,10.7,15.2,23.8,38,72.4,93.6,102.6
Fichte,30,236,08-24,10.7,15.3,23.6,37,71.5,93.8,102.8
Fichte,30,237,08-25,10.8,15.4,23.5,36.1,70.8,94.5,103.0
Fichte,30,238,08-26,10.7,15.4,23.5,34.9,70.2,95.1,103.2
Fichte,30,239,08-27,10.5,15.4,23.5,33.7,69.6,95.7,103.3
Fichte,30,240,08-28,10.3,15.4,23.4,32.6,69.2,96.3,103.2
Fichte,30,241,08-29,10.0,15.3,23.4,32.2,68.8,96.7,103.2
Fichte,30,242,08-30,9.8,15.2,23.4,31.8,68.5,97.1,103.1
Fichte,30,243,08-31,9.6,15.0,23.4,31.4,68.6,97.5,103.1
Fichte,30,244,09-01,10.1,14.9,23.3,31.1,68.2,97.8,103.2
Fichte,30,245,09-02,10.4,15.0,23.3,31.4,68.2,98.0,103.4
Fichte,30,246,09-03,10.2,15.2,22.9,31.9,68.3,98.6,103.8
Fichte,30,247,09-04,10.0,15.2,22.6,32.7,69.0,99.2,104.0
Fichte,30,248,09-05,9.8,15.3,22.1,33.6,69.7,99.5,103.6
Fichte,30,249,09-06,9.6,15.3,21.7,34.5,70.7,99.0,103.1
Fichte,30,250,09-07,9.4,15.3,21.3,35.6,71.5,98.5,102.7
Fichte,30,251,09-08,9.3,15.2,20.9,36.6,71.6,98.3,102.4
Fichte,30,252,09-09,9.1,15.1,20.6,37.7,71.8,98.2,102.9
Fichte,30,253,09-10,9.0,14.8,20.4,38.7,72.0,98.0,103.0
Fichte,30,254,09-11,9.1,14.6,20.2,40.2,72.8,97.7,102.5
Fichte,30,255,09-12,9.1,14.4,20.0,41.7,73.8,97.5,102.0
Fichte,30,256,09-13,9.3,14.5,20.8,43.2,74.8,97.2,101.6
Fichte,30,257,09-14,9.4,14.7,21.1,44.7,75.4,96.7,101.2
Fichte,30,258,09-15,9.7,14.9,21.5,46.2,76.2,96.4,101.4
Fichte,30,259,09-16,10.1,15.2,21.9,48,77.1,96.1,101.7
Fichte,30,260,09-17,10.7,15.5,22.9,50.1,77.9,95.8,102.9
Fichte,30,261,09-18,11.4,15.9,23.8,51.7,78.9,95.6,104.1
Fichte,30,262,09-19,12.2,16.2,24.6,53.5,79.8,95.3,104.9
Fichte,30,263,09-20,13.1,16.5,25.3,55.3,80.7,95.8,105.5
Fichte,30,264,09-21,13.4,16.8,25.9,57,81.7,96.1,106.5
Fichte,30,265,09-22,13.6,16.8,26.3,58.3,82.4,96.7,108.4
Fichte,30,266,09-23,13.8,16.9,26.6,59.2,82.9,96.9,109.5
Fichte,30,267,09-24,14.0,17.2,26.8,59.7,82.9,97.0,110.3
Fichte,30,268,09-25,14.1,17.4,27.1,60.4,83.0,97.1,110.0
Fichte,30,269,09-26,14.3,17.6,27.3,61,82.8,97.4,110.3
Fichte,30,270,09-27,14.7,18.0,27.7,61.8,82.8,97.8,111.0
Fichte,30,271,09-28,15.2,18.4,28.2,63,83.3,97.9,111.8
Fichte,30,272,09-29,15.5,18.7,28.9,64.3,83.9,97.8,112.0
Fichte,30,273,09-30,15.9,19.2,30.7,66.1,84.9,98.3,112.2
Fichte,30,274,10-01,16.0,19.7,32.5,67.3,85.2,98.6,112.5
Fichte,30,275,10-02,16.0,20.1,34.2,68.6,85.6,98.7,112.5
Fichte,30,276,10-03,16.0,20.5,35.3,70,85.9,98.7,112.5
Fichte,30,277,10-04,15.9,20.9,37.0,71.3,86.6,98.8,112.6
Fichte,30,278,10-05,15.8,21.3,38.6,72.6,87.2,99.2,113.9
Fichte,30,279,10-06,15.6,21.5,40.0,73.6,87.8,99.6,114.5
Fichte,30,280,10-07,15.3,21.7,40.8,74.5,88.3,100.2,114.0
Fichte,30,281,10-08,14.9,22.0,41.6,75.1,89.0,101.1,113.4
Fichte,30,282,10-09,14.6,22.2,42.8,75.6,89.7,102.1,113.4
Fichte,30,283,10-10,14.2,22.3,43.3,76,90.1,102.4,113.6
Fichte,30,284,10-11,13.9,22.4,44.9,76.1,90.9,103.0,114.7
Fichte,30,285,10-12,13.6,22.4,46.8,76.6,91.7,103.2,114.2
Fichte,30,286,10-13,13.3,22.4,48.9,77.4,92.5,103.5,114.1
Fichte,30,287,10-14,13.0,22.2,51.1,78.3,93.3,103.9,114.0
Fichte,30,288,10-15,12.8,22.2,53.3,79,93.9,104.0,114.1
Fichte,30,289,10-16,12.7,22.2,55.4,79.8,94.6,104.1,114.0
Fichte,30,290,10-17,12.2,22.1,57.3,80.6,95.2,104.1,113.5
Fichte,30,291,10-18,11.8,22.1,59.3,81,95.5,104.2,113.0
Fichte,30,292,10-19,11.5,22.0,61.5,81.4,95.5,104.3,112.7
Fichte,30,293,10-20,11.2,22.0,62.4,81.6,95.6,103.8,112.8
Fichte,30,294,10-21,11.0,22.1,63.4,81.7,95.8,103.9,113.2
Fichte,30,295,10-22,10.9,22.2,64.5,81.8,95.9,103.9,113.4
Fichte,30,296,10-23,10.9,22.4,65.1,81.9,96.1,103.9,113.9
Fichte,30,297,10-24,10.9,23.3,65.7,82.1,96.2,104.1,114.3
Fichte,30,298,10-25,10.9,24.8,66.3,82.3,96.1,104.1,113.1
Fichte,30,299,10-26,11.0,26.3,67.0,82.6,96.1,104.3,112.6
Fichte,30,300,10-27,11.2,27.7,67.8,83.1,96.4,104.2,112.3
Fichte,30,301,10-28,11.3,29.0,68.6,83.6,96.3,103.8,112.1
Fichte,30,302,10-29,11.4,30.4,69.3,84.1,96.2,103.6,111.7
Fichte,30,303,10-30,11.6,31.8,70.8,84.7,96.3,103.7,111.7
Fichte,30,304,10-31,11.8,33.2,71.4,85.5,96.4,103.7,110.5
Fichte,30,305,11-01,12.4,34.7,71.9,86.3,96.7,103.9,110.5
Fichte,30,306,11-02,13.1,36.1,72.4,86.9,97.0,104.1,111.0
Fichte,30,307,11-03,13.7,37.6,72.9,87.4,97.4,104.5,111.3
Fichte,30,308,11-04,14.4,38.9,73.4,88,97.7,105.0,112.3
Fichte,30,309,11-05,15.0,40.2,73.9,88.6,98.0,105.2,112.6
Fichte,30,310,11-06,15.7,41.5,74.4,89.3,98.5,105.6,113.0
Fichte,30,311,11-07,16.3,42.7,74.8,89.9,99.0,106.1,113.7
Fichte,30,312,11-08,16.9,44.0,74.9,90.4,99.4,106.6,114.2
Fichte,30,313,11-09,17.5,45.1,74.9,91,99.6,108.3,115.3
Fichte,30,314,11-10,18.0,46.0,74.9,91.7,100.0,108.8,116.2
Fichte,30,315,11-11,18.5,47.0,75.0,92.4,100.4,109.5,116.9
Fichte,30,316,11-12,19.0,47.7,75.0,93,100.8,110.3,117.3
Fichte,30,317,11-13,19.4,47.8,75.1,93.5,101.3,110.5,117.5
Fichte,30,318,11-14,19.9,47.0,75.3,94,101.8,110.6,117.6
Fichte,30,319,11-15,20.4,46.4,75.6,94.3,102.4,110.7,117.7
Fichte,30,320,11-16,20.9,45.8,76.0,94.4,102.6,110.9,118.1
Fichte,30,321,11-17,21.3,45.3,76.5,94.4,102.8,111.2,118.4
Fichte,30,322,11-18,22.6,46.7,77.0,94.6,103.2,112.0,119.4
Fichte,30,323,11-19,23.9,48.4,77.5,94.7,103.7,112.3,119.8
Fichte,30,324,11-20,25.2,50.0,78.2,94.7,104.0,112.4,120.1
Fichte,30,325,11-21,26.0,51.7,78.8,94.8,104.1,112.5,120.1
Fichte,30,326,11-22,26.9,53.3,79.3,94.9,104.3,112.5,120.4
Fichte,30,327,11-23,27.7,55.0,79.9,94.7,104.2,112.3,120.5
Fichte,30,328,11-24,28.9,56.8,80.5,94.6,104.3,112.1,120.8
Fichte,30,329,11-25,31.8,58.5,81.2,94.6,104.3,112.1,121.6
Fichte,30,330,11-26,34.6,60.3,82.0,94.7,104.5,112.7,122.1
Fichte,30,331,11-27,37.4,62.1,82.7,94.7,104.9,112.8,121.9
Fichte,30,332,11-28,40.3,63.9,83.4,95,105.2,112.8,121.4
Fichte,30,333,11-29,43.4,65.8,84.2,95.1,105.4,111.8,120.1
Fichte,30,334,11-30,46.4,67.8,84.9,95.2,105.3,111.5,119.8
Fichte,30,335,12-01,49.4,69.7,85.6,95.2,105.2,111.4,119.6
Fichte,30,336,12-02,52.5,72.0,86.4,95.4,105.3,111.3,119.7
Fichte,30,337,12-03,55.3,74.1,87.1,95.4,105.4,111.6,120.1
Fichte,30,338,12-04,58.1,76.2,87.8,95.6,105.4,112.0,120.7
Fichte,30,339,12-05,60.8,78.5,88.4,95.9,105.4,112.1,121.1
Fichte,30,340,12-06,63.7,80.9,88.8,96.2,105.5,112.5,121.2
Fichte,30,341,12-07,66.8,83.2,89.2,96.6,105.5,112.6,121.4
Fichte,30,342,12-08,69.1,83.6,89.5,97,105.5,112.0,120.7
Fichte,30,343,12-09,71.4,83.8,89.7,97.2,105.2,111.5,120.2
Fichte,30,344,12-10,73.6,84.0,89.8,97.7,105.0,111.3,120.1
Fichte,30,345,12-11,75.7,84.1,89.9,98,104.9,111.3,119.6
Fichte,30,346,12-12,78.0,84.3,90.4,98.4,105.3,111.9,119.4
Fichte,30,347,12-13,80.3,84.5,90.8,99.1,105.7,112.7,119.9
Fichte,30,348,12-14,82.1,84.7,91.0,99.7,106.3,113.3,119.5
Fichte,30,349,12-15,82.2,84.9,91.2,100,106.6,113.9,119.0
Fichte,30,350,12-16,82.4,85.0,91.4,100.1,106.8,113.6,118.8
Fichte,30,351,12-17,82.6,85.1,91.5,100.1,106.8,113.5,118.8
Fichte,30,352,12-18,82.7,85.1,91.6,99.9,106.7,113.7,119.8
Fichte,30,353,12-19,82.7,85.0,91.6,99.8,106.7,113.9,120.7
Fichte,30,354,12-20,82.6,84.9,91.6,99.5,106.8,114.2,120.7
Fichte,30,355,12-21,82.5,84.9,91.6,99.2,107.2,114.3,121.3
Fichte,30,356,12-22,82.5,84.8,91.6,99.2,107.1,114.4,121.4
Fichte,30,357,12-23,82.6,84.9,91.7,99.3,107.2,114.5,121.3
Fichte,30,358,12-24,82.9,85.0,91.7,99.3,107.3,114.5,121.0
Fichte,30,359,12-25,83.2,84.9,91.8,99.4,107.5,114.6,120.9
Fichte,30,360,12-26,83.3,84.8,91.8,99.4,107.7,114.4,121.1
Fichte,30,361,12-27,83.2,84.7,91.9,99.4,108.0,114.7,121.6
Fichte,30,362,12-28,83.0,84.6,92.1,99.4,108.4,115.2,122.5
Fichte,30,363,12-29,82.9,84.5,92.3,99.7,108.9,115.9,123.6
Fichte,30,364,12-30,82.9,84.4,92.4,99.7,109.3,116.8,124.7
Fichte,30,365,12-31,82.9,84.5,92.4,99.6,109.8,117.5,
Fichte,60,1,01-01,83.5,87.7,93.5,98.5,104.8,109.9,113.1
Fichte,60,2,01-02,83.7,87.7,93.4,98.6,104.7,109.6,112.5
Fichte,60,3,01-03,83.9,87.6,93.5,98.6,104.5,109.1,113.7
Fichte,60,4,01-04,84.0,87.5,93.5,98.6,104.3,108.6,113.8
Fichte,60,5,01-05,84.1,87.4,93.6,98.5,103.9,108.2,113.3
Fichte,60,6,01-06,84.1,87.2,93.6,98.4,103.6,107.8,112.8
Fichte,60,7,01-07,84.1,87.0,93.5,98.3,103.4,107.5,112.4
Fichte,60,8,01-08,84.1,87.0,93.5,98.1,103.1,107.3,112.0
Fichte,60,9,01-09,84.1,87.2,93.5,97.9,103.0,107.1,111.5
Fichte,60,10,01-10,84.0,87.3,93.5,97.7,102.9,106.9,111.5
Fichte,60,11,01-11,84.0,87.4,93.6,97.8,102.8,106.6,111.4
Fichte,60,12,01-12,83.9,87.6,93.8,97.7,102.8,107.0,111.8
Fichte,60,13,01-13,83.8,87.8,93.7,97.5,102.6,107.3,112.1
Fichte,60,14,01-14,83.8,88.0,93.6,97.6,102.4,107.0,111.9
Fichte,60,15,01-15,83.7,88.3,93.5,97.5,102.0,106.5,111.3
Fichte,60,16,01-16,83.6,88.1,93.3,97.1,101.3,106.1,110.8
Fichte,60,17,01-17,83.5,88.1,93.2,96.9,100.8,105.9,110.6
Fichte,60,18,01-18,83.4,88.3,93.2,96.6,100.4,105.5,110.6
Fichte,60,19,01-19,83.8,88.5,93.2,96.6,100.2,105.1,110.8
Fichte,60,20,01-20,84.2,88.8,93.2,96.5,100.2,105.1,110.7
Fichte,60,21,01-21,84.6,89.0,93.2,96.4,100.2,105.1,110.5
Fichte,60,22,01-22,84.8,89.2,93.2,96.3,100.0,105.2,110.7
Fichte,60,23,01-23,85.0,89.4,93.1,96.3,100.2,105.6,110.1
Fichte,60,24,01-24,85.3,89.6,93.0,96.4,100.5,105.9,110.4
Fichte,60,25,01-25,85.5,89.8,92.8,96.4,100.8,106.5,111.0
Fichte,60,26,01-26,85.7,90.1,92.9,96.5,101.1,106.8,111.2
Fichte,60,27,01-27,85.9,90.3,93.0,96.6,101.3,107.0,111.3
Fichte,60,28,01-28,86.1,90.4,93.0,96.8,101.4,107.1,111.5
Fichte,60,29,01-29,86.2,90.4,93.0,97,101.5,107.4,111.7
Fichte,60,30,01-30,86.3,90.5,93.0,97.3,101.5,107.6,111.7
Fichte,60,31,01-31,86.3,90.5,93.0,97.4,101.6,107.8,111.6
Fichte,60,32,02-01,86.2,90.6,93.1,97.6,101.6,107.2,111.1
Fichte,60,33,02-02,86.1,90.5,93.0,97.8,101.6,106.7,110.4
Fichte,60,34,02-03,85.9,90.4,93.1,97.8,101.6,106.3,109.9
Fichte,60,35,02-04,85.7,90.2,93.2,97.8,101.6,106.0,109.7
Fichte,60,36,02-05,85.5,90.1,93.2,97.8,101.7,105.8,109.7
Fichte,60,37,02-06,85.2,89.9,93.1,97.8,101.8,105.6,109.6
Fichte,60,38,02-07,84.8,89.7,93.1,97.9,101.8,105.5,108.9
Fichte,60,39,02-08,84.0,89.5,93.1,97.9,101.5,105.4,108.1
Fichte,60,40,02-09,83.7,89.3,93.2,97.8,101.2,104.9,107.7
Fichte,60,41,02-10,83.6,89.2,93.2,97.7,101.0,104.6,107.4
Fichte,60,42,02-11,83.4,89.1,93.2,97.6,100.9,104.1,107.4
Fichte,60,43,02-12,83.2,89.0,93.3,97.5,100.6,103.9,107.1
Fichte,60,44,02-13,83.0,88.9,93.3,97.3,100.3,103.6,106.6
Fichte,60,45,02-14,82.9,88.9,93.3,97.1,100.1,103.0,106.0
Fichte,60,46,02-15,82.7,88.8,93.2,96.8,99.9,103.0,106.1
Fichte,60,47,02-16,82.6,88.6,93.1,96.6,99.7,103.0,106.5
Fichte,60,48,02-17,82.4,88.5,93.0,96.4,99.4,102.9,106.5
Fichte,60,49,02-18,82.3,88.2,92.9,96.2,99.2,102.8,106.5
Fichte,60,50,02-19,82.2,88.1,92.8,96,99.1,102.8,106.6
Fichte,60,51,02-20,82.3,87.9,92.6,95.8,99.0,102.8,106.7
Fichte,60,52,02-21,82.4,87.7,92.4,95.6,98.9,102.9,106.9
Fichte,60,53,02-22,82.6,87.5,92.2,95.5,99.0,103.0,107.3
Fichte,60,54,02-23,82.9,87.2,91.8,95.3,99.0,103.1,107.6
Fichte,60,55,02-24,83.2,87.1,91.4,95.2,99.0,103.2,108.1
Fichte,60,56,02-25,83.6,86.9,91.2,95,98.9,103.3,108.6
Fichte,60,57,02-26,83.9,86.7,90.9,94.8,98.8,103.4,108.8
Fichte,60,58,02-27,84.4,86.5,90.7,94.6,98.8,103.5,109.0
Fichte,60,59,02-28,84.7,86.4,90.3,94.5,99.0,103.9,109.4
Fichte,60,60,03-01,84.6,86.3,90.2,94.4,99.0,104.1,110.1
Fichte,60,61,03-02,84.4,86.0,90.0,94.2,99.0,104.2,110.6
Fichte,60,62,03-03,84.1,85.8,89.8,94,99.0,104.3,110.5
Fichte,60,63,03-04,83.7,85.6,89.5,93.8,98.7,104.3,110.4
Fichte,60,64,03-05,83.3,85.4,89.3,93.7,98.5,104.3,110.3
Fichte,60,65,03-06,82.9,85.3,89.1,93.6,98.3,104.5,110.3
Fichte,60,66,03-07,82.4,85.2,88.8,93.5,98.1,104.4,110.3
Fichte,60,67,03-08,82.0,85.2,88.6,93.3,98.0,104.2,110.1
Fichte,60,68,03-09,81.5,85.2,88.3,93.1,97.9,104.2,110.2
Fichte,60,69,03-10,80.9,85.2,88.0,92.9,97.9,104.2,110.2
Fichte,60,70,03-11,80.2,84.9,87.7,92.5,97.7,104.1,109.8
Fichte,60,71,03-12,79.5,84.6,87.4,92.1,97.6,103.9,109.4
Fichte,60,72,03-13,78.9,84.4,87.1,91.7,97.3,103.7,109.1
Fichte,60,73,03-14,78.4,84.1,86.8,91.3,97.0,103.5,108.8
Fichte,60,74,03-15,77.8,83.7,86.5,90.9,96.7,103.3,108.7
Fichte,60,75,03-16,77.2,83.2,86.1,90.6,96.4,103.0,108.2
Fichte,60,76,03-17,76.7,82.7,85.6,90.2,96.1,102.5,107.6
Fichte,60,77,03-18,76.1,82.1,85.1,89.8,95.8,102.0,107.3
Fichte,60,78,03-19,75.4,81.5,84.6,89.3,95.4,101.4,107.2
Fichte,60,79,03-20,74.6,80.7,84.1,88.7,94.8,100.6,106.8
Fichte,60,80,03-21,73.7,80.0,83.4,88.1,94.3,100.0,106.2
Fichte,60,81,03-22,72.7,79.3,82.8,87.4,93.8,99.8,105.7
Fichte,60,82,03-23,71.7,78.6,82.0,86.8,93.3,99.7,105.5
Fichte,60,83,03-24,70.6,77.8,81.2,86.1,92.9,99.4,105.5
Fichte,60,84,03-25,69.6,76.9,80.4,85.4,92.2,99.1,105.3
Fichte,60,85,03-26,68.5,75.8,79.5,84.6,91.6,98.5,105.1
Fichte,60,86,03-27,67.5,74.7,78.7,83.9,91.1,98.1,104.6
Fichte,60,87,03-28,66.4,73.6,77.9,83.3,90.7,97.8,104.1
Fichte,60,88,03-29,65.3,72.5,77.1,82.6,90.1,97.2,103.5
Fichte,60,89,03-30,64.4,71.3,76.1,82.1,89.5,96.6,103.1
Fichte,60,90,03-31,63.4,70.2,75.1,81.5,88.9,96.3,103.2
Fichte,60,91,04-01,62.4,69.2,74.1,80.9,88.4,95.9,103.3
Fichte,60,92,04-02,61.2,68.0,73.1,80.3,88.1,96.0,103.4
Fichte,60,93,04-03,59.8,66.9,72.0,79.7,87.6,96.0,103.2
Fichte,60,94,04-04,58.4,65.7,71.0,79,87.1,96.1,103.1
Fichte,60,95,04-05,57.0,64.7,69.8,78.3,86.5,96.1,102.9
Fichte,60,96,04-06,55.6,63.6,68.7,77.5,85.9,96.2,102.8
Fichte,60,97,04-07,54.2,62.6,67.6,76.8,85.3,96.5,102.7
Fichte,60,98,04-08,52.9,61.6,66.6,76.1,84.8,96.9,102.6
Fichte,60,99,04-09,51.6,60.6,65.7,75.5,84.8,97.2,102.4
Fichte,60,100,04-10,50.3,59.4,64.7,75,84.7,97.5,102.7
Fichte,60,101,04-11,49.1,58.2,63.7,74.5,84.5,97.4,102.8
Fichte,60,102,04-12,47.9,56.8,62.7,73.8,84.3,97.1,102.7
Fichte,60,103,04-13,46.8,55.5,61.7,73.1,84.1,96.9,102.3
Fichte,60,104,04-14,45.7,54.2,60.9,72.4,84.0,96.7,101.8
Fichte,60,105,04-15,44.6,52.8,60.2,71.7,83.8,96.5,101.3
Fichte,60,106,04-16,43.4,51.5,59.3,70.9,83.5,96.3,100.9
Fichte,60,107,04-17,42.5,50.4,58.5,70,83.2,96.0,100.4
Fichte,60,108,04-18,41.7,49.6,57.8,69.1,82.8,95.8,100.0
Fichte,60,109,04-19,40.8,48.9,57.1,68,82.4,95.6,100.2
Fichte,60,110,04-20,40.1,48.2,56.5,67,81.9,95.2,100.0
Fichte,60,111,04-21,39.5,47.6,55.9,66,81.4,94.7,99.8
Fichte,60,112,04-22,39.1,47.0,55.4,64.9,80.7,93.9,99.6
Fichte,60,113,04-23,38.8,46.6,54.9,63.9,80.2,93.1,99.4
Fichte,60,114,04-24,38.4,46.2,54.5,62.9,79.7,92.4,99.1
Fichte,60,115,04-25,38.1,45.9,54.2,62,79.8,91.8,98.8
Fichte,60,116,04-26,37.7,45.7,53.8,61.2,79.8,91.5,98.4
Fichte,60,117,04-27,37.4,45.4,53.5,60.3,79.6,91.2,98.1
Fichte,60,118,04-28,37.0,45.2,53.0,59.5,79.8,90.9,98.2
Fichte,60,119,04-29,36.7,45.0,52.5,58.9,79.6,90.6,98.5
Fichte,60,120,04-30,36.4,44.8,52.0,58.1,79.4,90.3,98.2
Fichte,60,121,05-01,36.6,44.7,51.6,57.5,79.2,90.0,98.3
Fichte,60,122,05-02,36.9,44.6,51.3,57.1,79.1,89.6,98.4
Fichte,60,123,05-03,37.1,44.6,50.9,56.8,79.0,89.2,98.6
Fichte,60,124,05-04,37.3,44.6,50.4,56.4,79.0,88.8,98.8
Fichte,60,125,05-05,37.6,44.8,49.9,56.2,79.0,88.3,99.1
Fichte,60,126,05-06,37.8,44.9,49.5,56,79.0,87.8,99.4
Fichte,60,127,05-07,37.7,44.9,49.0,56,78.9,87.4,99.7
Fichte,60,128,05-08,37.7,44.6,48.5,55.9,78.8,87.6,100.1
Fichte,60,129,05-09,37.6,44.2,47.9,56,78.8,87.9,100.3
Fichte,60,130,05-10,37.5,43.7,47.4,56.1,78.9,88.1,100.4
Fichte,60,131,05-11,37.1,43.3,46.9,56.3,79.4,88.5,100.3
Fichte,60,132,05-12,36.6,42.7,46.4,56.4,80.1,89.1,100.9
Fichte,60,133,05-13,36.2,42.1,45.8,56.4,80.8,89.5,101.1
Fichte,60,134,05-14,35.7,41.4,45.1,56.4,81.5,90.1,101.3
Fichte,60,135,05-15,35.3,40.6,44.5,56.3,81.7,90.6,101.4
Fichte,60,136,05-16,34.8,39.8,43.8,56,82.0,91.0,101.6
Fichte,60,137,05-17,34.4,39.0,43.1,55.7,82.2,91.0,102.5
Fichte,60,138,05-18,34.2,38.4,42.7,55.7,82.0,90.8,102.3
Fichte,60,139,05-19,33.9,37.8,42.2,55.5,82.4,91.2,102.0
Fichte,60,140,05-20,33.6,37.1,41.7,55.3,82.7,92.0,102.9
Fichte,60,141,05-21,32.8,36.4,41.2,54.9,83.0,93.0,103.4
Fichte,60,142,05-22,32.2,35.8,40.7,54.3,83.2,93.9,103.8
Fichte,60,143,05-23,31.6,35.3,40.1,53.6,83.3,94.9,104.6
Fichte,60,144,05-24,31.1,34.7,39.6,52.9,83.2,95.7,104.9
Fichte,60,145,05-25,30.6,34.1,39.0,52,83.1,96.5,105.2
Fichte,60,146,05-26,30.1,33.4,38.4,51.2,83.3,97.2,106.0
Fichte,60,147,05-27,29.6,32.8,38.0,50.3,83.5,97.8,106.7
Fichte,60,148,05-28,29.1,32.3,37.6,49.5,83.8,97.6,106.9
Fichte,60,149,05-29,28.6,31.7,37.2,48.7,84.1,97.3,106.6
Fichte,60,150,05-30,28.2,31.3,36.8,47.8,84.2,97.0,106.3
Fichte,60,151,05-31,27.7,30.8,36.5,46.9,83.9,96.6,106.1
Fichte,60,152,06-01,27.3,30.4,36.2,46.1,83.2,96.0,105.2
Fichte,60,153,06-02,26.9,29.9,36.0,45.5,82.5,95.5,104.7
Fichte,60,154,06-03,26.5,29.5,35.8,44.8,81.9,94.7,104.8
Fichte,60,155,06-04,26.1,29.1,35.6,44.3,81.3,94.0,105.4
Fichte,60,156,06-05,25.8,28.7,35.5,43.9,80.8,93.6,105.7
Fichte,60,157,06-06,25.5,28.3,35.4,43.6,80.2,93.2,105.2
Fichte,60,158,06-07,25.0,27.7,35.0,43.2,79.7,92.7,105.1
Fichte,60,159,06-08,24.5,27.3,34.6,43,79.1,92.6,105.0
Fichte,60,160,06-09,24.1,26.8,34.2,42.7,78.5,91.9,103.7
Fichte,60,161,06-10,23.8,26.3,33.9,42.4,77.9,91.0,102.6
Fichte,60,162,06-11,23.3,25.8,33.7,42.2,77.4,90.0,101.7
Fichte,60,163,06-12,22.8,25.3,33.4,41.9,77.0,88.9,100.5
Fichte,60,164,06-13,22.3,24.9,33.2,41.6,76.7,88.0,99.8
Fichte,60,165,06-14,21.7,24.4,32.9,41.4,76.4,86.9,99.2
Fichte,60,166,06-15,21.2,24.0,32.6,41.3,75.9,85.9,98.4
Fichte,60,167,06-16,20.7,23.7,32.1,41.1,75.2,85.0,98.3
Fichte,60,168,06-17,20.3,23.5,31.8,41,74.5,84.2,98.3
Fichte,60,169,06-18,19.8,23.4,31.5,40.8,73.6,83.4,98.3
Fichte,60,170,06-19,19.5,23.1,31.2,40.6,72.8,82.7,98.3
Fichte,60,171,06-20,19.2,22.9,31.0,40.4,71.9,82.5,98.3
Fichte,60,172,06-21,19.1,22.7,30.7,40.1,70.9,83.0,98.4
Fichte,60,173,06-22,18.9,22.5,30.4,39.9,69.9,83.4,98.7
Fichte,60,174,06-23,18.7,22.3,30.0,39.7,68.9,83.8,98.3
Fichte,60,175,06-24,18.4,22.2,29.6,39.4,68.0,84.1,97.7
Fichte,60,176,06-25,18.1,22.1,29.2,39.1,67.0,84.1,97.5
Fichte,60,177,06-26,17.8,21.9,28.8,38.6,66.0,84.1,97.3
Fichte,60,178,06-27,17.6,21.8,28.3,37.9,65.5,84.1,97.0
Fichte,60,179,06-28,17.6,21.7,28.0,37.1,64.8,83.2,96.6
Fichte,60,180,06-29,17.5,21.7,27.6,36.7,64.8,82.7,96.3
Fichte,60,181,06-30,17.4,21.6,27.2,36.3,64.7,82.5,97.2
Fichte,60,182,07-01,17.3,21.6,26.7,35.7,64.5,82.6,97.6
Fichte,60,183,07-02,17.3,21.5,26.2,35.3,64.3,82.9,98.1
Fichte,60,184,07-03,17.3,21.4,25.7,34.9,64.0,83.4,98.7
Fichte,60,185,07-04,17.3,21.3,25.2,34.4,63.8,84.6,99.3
Fichte,60,186,07-05,17.3,21.1,24.8,33.9,63.5,85.6,99.4
Fichte,60,187,07-06,17.3,20.8,24.5,33.4,63.2,86.9,99.2
Fichte,60,188,07-07,17.3,20.4,24.0,32.9,62.9,88.1,99.0
Fichte,60,189,07-08,17.3,20.0,23.5,32.5,62.6,89.0,98.9
Fichte,60,190,07-09,17.3,19.7,23.2,32.1,62.3,89.8,98.7
Fichte,60,191,07-10,17.2,19.4,22.9,32.1,62.1,90.1,98.6
Fichte,60,192,07-11,17.1,19.1,22.6,32.2,62.0,89.7,98.3
Fichte,60,193,07-12,17.0,18.8,22.3,32.1,62.0,89.3,97.8
Fichte,60,194,07-13,16.9,18.6,22.0,31.9,62.0,88.9,97.4
Fichte,60,195,07-14,16.9,18.3,21.9,31.6,61.7,88.1,96.5
Fichte,60,196,07-15,16.8,18.0,21.7,31.5,61.4,87.4,95.4
Fichte,60,197,07-16,16.8,17.9,21.5,31.5,62.2,87.1,95.4
Fichte,60,198,07-17,16.8,17.8,21.3,31.6,62.9,86.8,95.7
Fichte,60,199,07-18,16.6,17.8,21.2,32,63.3,86.9,96.1
Fichte,60,200,07-19,16.3,17.7,21.2,32.4,63.1,87.1,96.5
Fichte,60,201,07-20,16.1,17.6,21.3,32.9,62.9,87.3,95.7
Fichte,60,202,07-21,15.9,17.5,21.3,33.6,62.6,87.3,95.4
Fichte,60,203,07-22,15.6,17.5,21.4,34.5,63.0,87.2,94.8
Fichte,60,204,07-23,15.4,17.3,21.5,35.3,63.7,87.2,94.7
Fichte,60,205,07-24,15.2,17.1,21.6,36,64.3,86.5,94.8
Fichte,60,206,07-25,14.9,16.9,21.6,36.6,64.9,86.0,94.8
Fichte,60,207,07-26,14.8,16.7,21.5,37.2,65.3,85.0,94.4
Fichte,60,208,07-27,14.6,16.5,21.6,37.7,65.7,84.2,94.2
Fichte,60,209,07-28,14.4,16.2,21.6,38.8,66.0,83.5,93.3
Fichte,60,210,07-29,14.2,16.0,21.5,39.8,66.6,82.9,93.7
Fichte,60,211,07-30,13.9,15.7,21.4,40.4,67.2,82.4,94.3
Fichte,60,212,07-31,13.7,15.8,21.8,40.8,67.7,81.9,95.0
Fichte,60,213,08-01,13.5,15.8,22.0,41.4,68.4,81.4,95.6
Fichte,60,214,08-02,13.3,15.9,22.1,41.9,68.9,81.4,96.2
Fichte,60,215,08-03,13.0,15.9,22.1,42.6,69.7,82.2,97.1
Fichte,60,216,08-04,12.8,16.0,22.1,43,71.0,83.4,98.7
Fichte,60,217,08-05,12.6,16.0,22.1,43.3,72.0,84.3,98.9
Fichte,60,218,08-06,12.4,16.0,22.1,43.4,72.3,85.1,98.5
Fichte,60,219,08-07,12.2,15.9,21.9,43.4,72.6,85.6,98.1
Fichte,60,220,08-08,12.0,15.7,21.7,43.1,72.8,85.3,97.7
Fichte,60,221,08-09,11.9,15.5,21.6,42.7,73.1,85.1,97.4
Fichte,60,222,08-10,11.7,15.3,21.5,42.3,73.4,84.8,96.8
Fichte,60,223,08-11,11.5,15.1,21.4,41.6,73.0,84.4,96.4
Fichte,60,224,08-12,11.4,15.0,21.4,41.1,72.3,83.8,95.5
Fichte,60,225,08-13,11.2,14.8,21.4,40.5,71.5,83.2,94.3
Fichte,60,226,08-14,11.1,14.8,21.4,40.1,70.6,82.5,93.5
Fichte,60,227,08-15,10.9,14.9,21.6,39.8,70.0,81.9,92.9
Fichte,60,228,08-16,10.8,14.9,21.5,39.5,69.8,81.8,92.7
Fichte,60,229,08-17,10.8,14.9,21.6,38.7,69.9,82.4,94.3
Fichte,60,230,08-18,10.8,15.0,21.5,37.7,69.7,83.0,94.3
Fichte,60,231,08-19,10.8,15.0,21.4,36.6,69.5,83.6,94.1
Fichte,60,232,08-20,10.9,14.7,21.0,35.5,69.2,84.2,94.2
Fichte,60,233,08-21,10.9,14.5,20.6,34.6,68.7,85.0,94.3
Fichte,60,234,08-22,10.9,14.2,20.4,33.7,68.3,85.6,94.4
Fichte,60,235,08-23,10.9,14.0,20.2,32.8,67.9,85.9,94.2
Fichte,60,236,08-24,10.9,13.7,20.0,32.1,67.0,85.6,93.3
Fichte,60,237,08-25,11.0,13.3,19.8,31.4,66.1,85.4,92.9
Fichte,60,238,08-26,11.0,13.0,19.6,30.8,65.3,85.2,92.8
Fichte,60,239,08-27,11.0,12.7,19.3,30.1,64.5,85.1,92.6
Fichte,60,240,08-28,11.0,12.5,19.1,29.3,63.7,85.1,92.6
Fichte,60,241,08-29,11.0,12.3,18.9,28.5,63.0,84.9,92.6
Fichte,60,242,08-30,11.0,12.2,18.8,27.8,62.4,84.7,92.7
Fichte,60,243,08-31,10.9,12.2,18.7,27.2,61.9,84.6,92.9
Fichte,60,244,09-01,10.9,12.4,18.6,27.3,61.0,84.5,93.1
Fichte,60,245,09-02,11.0,12.7,18.5,27.7,60.2,84.6,93.3
Fichte,60,246,09-03,11.1,12.9,18.4,27.9,59.8,84.8,93.7
Fichte,60,247,09-04,11.1,13.0,18.2,28.4,60.2,85.0,94.1
Fichte,60,248,09-05,11.2,13.2,18.1,29.2,60.7,85.6,94.4
Fichte,60,249,09-06,11.1,13.3,18.0,30.1,61.3,85.6,93.9
Fichte,60,250,09-07,11.1,13.5,18.0,31.1,62.1,85.3,93.5
Fichte,60,251,09-08,10.9,13.6,17.9,32.3,63.0,85.6,93.4
Fichte,60,252,09-09,10.8,13.8,17.9,33.5,63.9,86.0,93.2
Fichte,60,253,09-10,10.7,14.0,17.9,34.6,64.9,86.4,93.0
Fichte,60,254,09-11,10.9,14.1,17.9,35.9,66.0,86.3,92.8
Fichte,60,255,09-12,11.0,14.3,18.0,37.1,66.9,86.2,92.6
Fichte,60,256,09-13,11.2,14.5,18.3,38.2,68.0,85.9,92.4
Fichte,60,257,09-14,11.4,14.7,18.9,39.3,68.5,85.7,92.2
Fichte,60,258,09-15,11.6,15.0,19.5,40.6,69.1,85.5,92.2
Fichte,60,259,09-16,11.9,15.3,20.3,42,69.7,85.4,92.4
Fichte,60,260,09-17,12.3,15.7,21.7,43.6,70.3,85.5,93.3
Fichte,60,261,09-18,12.7,16.0,22.9,45.2,70.9,85.6,94.3
Fichte,60,262,09-19,13.0,16.3,23.9,46.8,71.3,85.9,95.0
Fichte,60,263,09-20,13.4,16.5,24.8,48.6,71.9,86.3,95.5
Fichte,60,264,09-21,13.7,16.7,25.5,49.8,73.2,86.8,96.0
Fichte,60,265,09-22,13.9,16.7,26.1,50.7,74.4,87.6,97.2
Fichte,60,266,09-23,14.1,16.7,26.7,51.7,75.3,88.4,98.0
Fichte,60,267,09-24,14.2,16.7,27.2,52.5,75.3,89.3,98.4
Fichte,60,268,09-25,14.4,16.7,27.6,53.1,75.2,89.4,98.5
Fichte,60,269,09-26,14.6,16.7,28.0,53.6,75.5,89.7,98.3
Fichte,60,270,09-27,14.8,16.9,28.5,54.1,75.7,90.1,98.8
Fichte,60,271,09-28,15.0,17.0,28.9,54.9,76.1,90.0,99.3
Fichte,60,272,09-29,15.3,17.2,29.4,55.8,76.6,89.8,99.7
Fichte,60,273,09-30,15.5,17.7,30.3,57,77.2,90.3,100.2
Fichte,60,274,10-01,15.4,18.0,31.1,57.8,77.8,90.6,100.7
Fichte,60,275,10-02,15.3,18.3,32.0,58.9,78.4,90.9,101.2
Fichte,60,276,10-03,15.2,18.5,32.7,60.2,78.9,91.3,101.6
Fichte,60,277,10-04,15.1,18.7,33.1,61.6,79.5,91.7,102.1
Fichte,60,278,10-05,14.9,19.0,33.7,62.9,80.3,92.6,103.1
Fichte,60,279,10-06,14.6,19.1,34.2,63.9,81.1,93.4,103.9
Fichte,60,280,10-07,14.3,19.2,34.1,65.1,82.0,93.9,103.9
Fichte,60,281,10-08,13.9,19.4,34.0,66.1,83.1,94.4,103.5
Fichte,60,282,10-09,13.6,19.5,34.2,67.2,84.1,95.1,103.5
Fichte,60,283,10-10,13.3,19.7,34.2,67.8,85.0,95.7,103.7
Fichte,60,284,10-11,13.1,19.7,34.8,68.4,85.8,96.5,104.3
Fichte,60,285,10-12,12.8,19.7,35.8,68.9,86.7,96.9,104.1
Fichte,60,286,10-13,12.6,19.7,36.9,69.9,87.6,97.1,103.8
Fichte,60,287,10-14,12.3,19.6,38.1,70.9,88.5,97.2,103.7
Fichte,60,288,10-15,12.1,19.8,39.4,71.9,89.2,97.5,103.7
Fichte,60,289,10-16,12.0,20.0,40.7,72.8,89.1,97.5,103.8
Fichte,60,290,10-17,11.7,20.1,42.1,73.9,89.0,97.5,103.2
Fichte,60,291,10-18,11.5,20.1,43.4,74.6,89.0,97.5,102.4
Fichte,60,292,10-19,11.3,20.1,44.7,75.3,89.0,97.5,101.5
Fichte,60,293,10-20,11.1,19.9,45.8,75.5,88.9,96.7,101.2
Fichte,60,294,10-21,11.0,20.0,46.8,76.3,88.8,96.3,101.1
Fichte,60,295,10-22,10.9,20.0,47.8,76.7,88.6,95.9,101.0
Fichte,60,296,10-23,10.9,20.1,48.7,77.1,88.4,96.0,101.3
Fichte,60,297,10-24,10.8,20.5,49.6,77.4,88.2,96.3,101.7
Fichte,60,298,10-25,10.8,22.1,51.0,77.8,87.8,95.9,101.3
Fichte,60,299,10-26,10.9,23.7,52.7,78.1,87.4,95.7,101.1
Fichte,60,300,10-27,10.9,25.2,54.3,78.2,87.1,95.6,101.1
Fichte,60,301,10-28,11.0,26.6,56.0,78.3,86.8,95.5,101.1
Fichte,60,302,10-29,11.1,28.1,57.6,78.5,86.7,95.1,101.0
Fichte,60,303,10-30,11.2,29.6,59.4,78.9,86.7,95.2,101.0
Fichte,60,304,10-31,11.3,31.2,60.7,79.3,86.7,95.0,100.7
Fichte,60,305,11-01,11.4,32.8,61.8,79.9,87.1,95.1,100.7
Fichte,60,306,11-02,11.6,34.4,62.9,80,87.5,95.3,101.3
Fichte,60,307,11-03,11.9,36.0,64.0,79.9,87.9,95.4,101.8
Fichte,60,308,11-04,12.3,37.5,65.0,79.8,88.3,95.8,102.7
Fichte,60,309,11-05,12.6,38.9,66.1,79.7,88.9,95.9,102.9
Fichte,60,310,11-06,13.0,40.3,67.1,79.8,89.4,96.3,103.2
Fichte,60,311,11-07,13.4,41.7,68.1,80.1,90.0,96.6,103.7
Fichte,60,312,11-08,13.7,43.1,69.2,80.4,90.3,97.0,104.2
Fichte,60,313,11-09,14.1,44.4,70.0,80.9,91.2,98.0,104.6
Fichte,60,314,11-10,14.4,45.7,70.9,81.3,91.9,99.1,105.6
Fichte,60,315,11-11,14.7,46.8,71.8,81.9,92.6,100.1,106.0
Fichte,60,316,11-12,15.0,47.9,72.8,82.6,93.4,100.5,106.2
Fichte,60,317,11-13,15.2,48.6,73.8,83.2,93.9,100.6,106.2
Fichte,60,318,11-14,15.5,48.0,74.1,83.8,94.4,100.7,106.1
Fichte,60,319,11-15,15.8,47.5,74.3,84.4,94.9,101.0,106.2
Fichte,60,320,11-16,16.1,47.0,74.7,85.1,95.3,101.3,106.5
Fichte,60,321,11-17,16.3,46.6,75.0,85.7,95.6,101.6,106.7
Fichte,60,322,11-18,17.8,47.9,75.4,86.4,95.8,102.5,107.5
Fichte,60,323,11-19,19.3,49.2,75.9,87,96.2,102.8,107.7
Fichte,60,324,11-20,20.8,50.5,76.5,87.7,96.6,103.1,107.9
Fichte,60,325,11-21,22.2,52.1,77.2,88.2,96.5,103.1,107.7
Fichte,60,326,11-22,23.5,53.6,78.0,88.7,96.5,103.1,107.3
Fichte,60,327,11-23,24.8,55.2,78.7,89.3,96.6,103.2,107.0
Fichte,60,328,11-24,26.6,57.1,79.3,89.9,96.6,103.3,106.7
Fichte,60,329,11-25,30.1,59.0,80.1,90.5,96.8,103.9,107.3
Fichte,60,330,11-26,33.5,60.9,80.9,91.1,97.1,104.3,108.0
Fichte,60,331,11-27,36.9,62.8,81.5,91.5,97.3,104.6,108.2
Fichte,60,332,11-28,40.3,64.7,82.4,92.1,97.7,104.9,108.3
Fichte,60,333,11-29,43.7,66.6,83.3,92.5,97.3,104.5,108.1
Fichte,60,334,11-30,47.0,68.5,84.2,92.8,97.3,103.9,107.7
Fichte,60,335,12-01,50.4,70.4,85.0,93,97.3,103.7,107.6
Fichte,60,336,12-02,53.6,72.5,85.8,93.1,97.5,103.9,107.9
Fichte,60,337,12-03,56.9,74.5,86.6,93.1,97.7,104.1,108.3
Fichte,60,338,12-04,60.1,76.6,87.3,93.2,98.0,104.4,109.0
Fichte,60,339,12-05,63.4,79.0,88.1,93.3,98.3,104.6,109.3
Fichte,60,340,12-06,66.7,81.4,88.7,93.3,98.7,105.0,109.3
Fichte,60,341,12-07,69.9,83.7,89.3,93.5,99.1,105.3,109.4
Fichte,60,342,12-08,71.9,84.3,89.8,93.7,99.4,105.1,109.4
Fichte,60,343,12-09,74.0,84.8,90.2,93.8,99.4,105.0,109.7
Fichte,60,344,12-10,76.0,85.4,90.5,93.9,99.4,105.0,110.0
Fichte,60,345,12-11,78.0,85.6,90.7,94.2,99.5,105.1,110.2
Fichte,60,346,12-12,80.0,85.8,91.1,94.6,99.8,105.4,110.4
Fichte,60,347,12-13,82.1,86.0,91.5,95.2,100.4,106.1,110.9
Fichte,60,348,12-14,83.5,85.8,91.9,95.7,100.9,106.3,111.0
Fichte,60,349,12-15,83.3,85.7,92.0,96.2,101.2,106.1,110.8
Fichte,60,350,12-16,83.2,85.5,92.4,96.4,101.3,106.0,110.5
Fichte,60,351,12-17,83.0,85.4,92.8,96.6,101.2,106.0,110.5
Fichte,60,352,12-18,82.9,85.3,92.8,96.5,101.2,106.0,110.9
Fichte,60,353,12-19,82.7,85.2,92.9,96.3,101.3,106.2,111.2
Fichte,60,354,12-20,82.6,85.2,92.8,96.2,101.2,106.5,111.2
Fichte,60,355,12-21,82.5,85.2,92.7,96.1,101.1,106.8,112.0
Fichte,60,356,12-22,82.5,85.3,92.8,96.1,101.0,106.9,112.1
Fichte,60,357,12-23,82.5,85.4,92.9,96.2,101.2,106.9,112.1
Fichte,60,358,12-24,82.5,85.5,93.0,96.4,101.2,107.0,111.9
Fichte,60,359,12-25,82.4,85.2,93.2,96.6,101.3,107.0,111.9
Fichte,60,360,12-26,82.4,85.0,93.2,96.9,101.3,106.9,112.1
Fichte,60,361,12-27,82.4,84.7,93.4,97,101.5,107.0,112.4
Fichte,60,362,12-28,82.4,84.5,93.6,97.2,101.6,107.2,112.2
Fichte,60,363,12-29,82.4,84.3,93.8,97.4,101.9,107.5,112.1
Fichte,60,364,12-30,82.4,84.2,94.1,97.8,102.3,107.8,112.0
Fichte,60,365,12-31,82.4,84.1,94.3,98.1,102.8,108.0,
