Baumart,Tiefe_cm,Tag_des_Jahres,Datum_MM_DD,Min,Q10,Q25,Median,Q75,Q90,Max
Buche,15,1,01-01,78.3,78.3,94.3,95.3,99.3,110.0,110.0
Buche,15,2,01-02,77.9,77.9,94.2,95.4,99.1,109.6,109.6
Buche,15,3,01-03,77.4,77.4,94.1,95.4,98.8,109.1,109.1
Buche,15,4,01-04,76.9,76.9,94.0,95.3,98.6,108.5,108.5
Buche,15,5,01-05,76.3,76.3,93.9,95.2,98.6,107.9,107.9
Buche,15,6,01-06,75.6,75.6,93.7,95.3,98.7,107.5,107.5
Buche,15,7,01-07,74.9,74.9,93.6,95.4,98.7,107.1,107.1
Buche,15,8,01-08,74.5,74.5,93.7,95.5,98.8,107.4,107.4
Buche,15,9,01-09,74.1,74.1,93.8,95.6,98.9,107.6,107.6
Buche,15,10,01-10,73.6,73.6,93.8,95.8,99.0,107.5,107.5
Buche,15,11,01-11,73.1,73.1,93.6,95.9,99.2,107.8,107.8
Buche,15,12,01-12,72.6,72.6,93.4,95.9,99.3,107.8,107.8
Buche,15,13,01-13,72.1,72.1,93.2,96,99.4,107.7,107.7
Buche,15,14,01-14,72.7,72.7,93.2,96.1,99.6,107.8,107.8
Buche,15,15,01-15,72.5,72.5,93.3,96.1,99.8,107.7,107.7
Buche,15,16,01-16,72.7,72.7,93.3,96.2,99.7,107.2,107.2
Buche,15,17,01-17,73.2,73.2,93.5,96.6,99.7,107.2,107.2
Buche,15,18,01-18,73.9,73.9,93.7,96.9,100.5,107.4,107.4
Buche,15,19,01-19,74.6,74.6,93.9,97.2,100.6,107.2,107.2
Buche,15,20,01-20,75.1,75.1,94.1,97.4,101.1,107.1,107.1
Buche,15,21,01-21,75.8,75.8,94.3,97.7,101.5,107.4,107.4
Buche,15,22,01-22,76.6,76.6,94.5,97.8,101.6,107.3,107.3
Buche,15,23,01-23,74.7,74.7,94.5,98,101.9,107.3,107.3
Buche,15,24,01-24,72.7,72.7,94.8,98.2,102.1,107.3,107.3
Buche,15,25,01-25,71.0,71.0,95.1,98.5,102.3,107.5,107.5
Buche,15,26,01-26,69.4,69.4,95.4,98.6,102.3,107.5,107.5
Buche,15,27,01-27,67.8,67.8,95.6,98.7,102.4,108.1,108.1
Buche,15,28,01-28,65.9,65.9,95.6,98.7,102.2,107.5,107.5
Buche,15,29,01-29,64.2,64.2,95.6,98.6,102.3,107.3,107.3
Buche,15,30,01-30,62.5,62.5,95.7,98.5,102.3,107.1,107.1
Buche,15,31,01-31,63.9,63.9,95.8,98.5,102.2,107.3,107.3
Buche,15,32,02-01,65.5,65.5,95.9,98.5,102.3,107.5,107.5
Buche,15,33,02-02,67.1,67.1,96.0,98.8,102.7,107.6,107.6
Buche,15,34,02-03,67.2,67.2,95.8,99,102.9,107.8,107.8
Buche,15,35,02-04,67.4,67.4,95.9,99.3,103.3,107.9,107.9
Buche,15,36,02-05,67.5,67.5,96.0,99.5,103.6,108.0,108.0
Buche,15,37,02-06,67.7,67.7,96.0,99.5,103.6,107.8,107.8
Buche,15,38,02-07,67.8,67.8,95.9,99.4,103.1,107.3,107.3
Buche,15,39,02-08,67.9,67.9,95.9,99.3,103.4,107.2,107.2
Buche,15,40,02-09,67.9,67.9,95.6,99.4,103.4,107.0,107.0
Buche,15,41,02-10,68.0,68.0,95.3,99.5,103.4,106.8,106.8
Buche,15,42,02-11,68.0,68.0,95.0,99.7,103.6,107.1,107.1
Buche,15,43,02-12,70.9,70.9,94.9,99.9,103.8,107.2,107.2
Buche,15,44,02-13,73.8,73.8,94.4,100.1,103.9,107.6,107.6
Buche,15,45,02-14,76.6,76.6,93.9,100.2,103.9,107.6,107.6
Buche,15,46,02-15,79.2,79.2,94.0,100.2,103.9,107.6,107.6
Buche,15,47,02-16,82.1,82.1,94.0,100.3,103.8,107.3,107.3
Buche,15,48,02-17,85.0,85.0,94.1,100.3,104.0,107.6,107.6
Buche,15,49,02-18,87.9,87.9,94.1,100.3,104.1,107.6,107.6
Buche,15,50,02-19,91.0,91.0,94.1,100.5,104.4,108.0,108.1
Buche,15,51,02-20,91.0,91.0,94.0,100.6,104.7,108.2,108.3
Buche,15,52,02-21,91.1,91.1,94.0,100.6,104.8,108.4,108.4
Buche,15,53,02-22,91.1,91.1,94.1,100.4,104.5,108.3,108.3
Buche,15,54,02-23,91.1,91.1,94.1,100.1,104.2,107.9,107.9
Buche,15,55,02-24,90.9,90.9,93.9,99.9,103.7,107.5,107.6
Buche,15,56,02-25,90.8,90.8,93.7,99.6,103.3,107.6,107.6
Buche,15,57,02-26,90.8,90.8,93.8,99.4,103.1,107.3,107.4
Buche,15,58,02-27,90.9,90.9,93.8,99.3,102.8,107.1,107.1
Buche,15,59,02-28,91.2,91.2,94.1,99.3,102.4,106.8,106.8
Buche,15,60,03-01,91.4,91.4,94.4,99.3,102.0,106.4,106.4
Buche,15,61,03-02,91.6,91.6,94.7,99.3,101.8,105.9,106.0
Buche,15,62,03-03,91.9,91.9,95.0,99.1,101.7,105.9,106.0
Buche,15,63,03-04,92.4,92.4,95.6,99.1,101.8,106.0,106.0
Buche,15,64,03-05,92.8,92.8,96.2,99.1,101.9,106.3,106.3
Buche,15,65,03-06,93.1,93.2,96.8,99.1,102.0,106.6,106.6
Buche,15,66,03-07,93.5,93.5,96.8,99.2,102.2,106.8,106.8
Buche,15,67,03-08,93.8,93.8,96.8,99.4,102.5,106.9,106.9
Buche,15,68,03-09,94.1,94.1,96.9,99.7,102.6,106.9,107.0
Buche,15,69,03-10,94.3,94.3,97.0,99.9,102.4,106.7,106.8
Buche,15,70,03-11,94.2,94.2,97.1,99.9,102.2,106.3,106.3
Buche,15,71,03-12,94.1,94.1,97.2,99.9,101.9,105.8,105.8
Buche,15,72,03-13,93.9,93.9,97.4,99.8,101.7,105.2,105.2
Buche,15,73,03-14,93.8,93.8,97.4,99.8,101.6,104.8,104.8
Buche,15,74,03-15,94.1,94.1,97.5,99.9,101.5,104.4,104.4
Buche,15,75,03-16,94.4,94.4,97.7,99.9,101.4,104.2,104.2
Buche,15,76,03-17,94.7,94.7,98.0,100,101.6,104.0,104.0
Buche,15,77,03-18,94.6,94.6,98.2,100.2,101.6,103.9,103.9
Buche,15,78,03-19,94.7,94.7,98.3,100.3,101.6,103.7,103.7
Buche,15,79,03-20,94.8,94.8,98.1,100.3,101.6,103.7,103.7
Buche,15,80,03-21,94.8,94.8,98.0,100.2,101.6,104.0,104.0
Buche,15,81,03-22,94.7,94.7,97.8,100.1,101.5,104.3,104.3
Buche,15,82,03-23,94.6,94.6,97.7,100.1,101.5,104.0,104.0
Buche,15,83,03-24,94.3,94.3,97.3,99.8,101.1,103.9,103.9
Buche,15,84,03-25,94.0,94.0,96.9,99.6,100.7,103.1,103.1
Buche,15,85,03-26,93.8,93.8,96.5,99.3,100.4,102.5,102.5
Buche,15,86,03-27,93.7,93.7,96.4,99,99.9,102.1,102.1
Buche,15,87,03-28,93.7,93.7,96.2,98.6,99.5,101.5,101.5
Buche,15,88,03-29,93.7,93.7,96.0,98.2,99.4,101.7,101.7
Buche,15,89,03-30,93.7,93.7,95.9,97.8,99.4,101.7,101.7
Buche,15,90,03-31,93.7,93.7,95.7,97.5,99.3,102.5,102.5
Buche,15,91,04-01,93.8,93.8,95.5,97.4,99.3,102.9,102.9
Buche,15,92,04-02,93.9,93.9,95.3,97.8,99.7,103.3,103.3
Buche,15,93,04-03,93.8,93.8,95.1,98,99.9,103.7,103.7
Buche,15,94,04-04,93.4,93.4,94.8,98.2,100.1,103.9,103.9
Buche,15,95,04-05,93.1,93.1,94.5,98.2,100.1,103.9,103.9
Buche,15,96,04-06,92.7,92.7,94.3,98,99.9,104.4,104.4
Buche,15,97,04-07,92.6,92.6,94.2,97.8,99.9,104.8,104.8
Buche,15,98,04-08,91.9,91.9,93.7,97.6,100.1,105.0,105.0
Buche,15,99,04-09,91.5,91.5,93.6,97.4,100.1,105.3,105.3
Buche,15,100,04-10,91.1,91.1,93.4,97.2,100.4,105.5,105.5
Buche,15,101,04-11,90.8,90.8,93.3,96.9,100.8,105.7,105.7
Buche,15,102,04-12,90.4,90.4,93.2,96.6,100.9,105.9,105.9
Buche,15,103,04-13,90.0,90.0,93.0,96.3,101.0,106.0,106.0
Buche,15,104,04-14,88.3,88.3,92.8,96,101.2,106.2,106.2
Buche,15,105,04-15,88.1,88.1,92.6,96,101.4,106.6,106.6
Buche,15,106,04-16,87.8,87.8,92.4,95.9,101.7,106.8,106.8
Buche,15,107,04-17,87.5,87.5,92.1,95.9,101.9,107.0,107.0
Buche,15,108,04-18,87.1,87.1,91.8,95.9,101.6,106.7,106.7
Buche,15,109,04-19,86.6,86.6,91.7,95.8,101.3,106.7,106.7
Buche,15,110,04-20,86.0,86.0,91.5,95.8,101.4,106.5,106.5
Buche,15,111,04-21,85.2,85.2,91.1,95.7,101.2,106.2,106.2
Buche,15,112,04-22,84.3,84.3,90.7,95.1,101.0,106.0,106.0
Buche,15,113,04-23,83.3,83.3,90.3,94.8,101.0,106.1,106.1
Buche,15,114,04-24,82.9,82.9,89.9,94.5,101.4,106.4,106.4
Buche,15,115,04-25,82.4,82.4,89.9,94.4,101.9,107.3,107.3
Buche,15,116,04-26,82.1,82.1,89.7,94.5,102.4,107.5,107.5
Buche,15,117,04-27,81.9,81.9,89.3,94.6,102.5,107.6,107.6
Buche,15,118,04-28,82.1,82.1,89.3,94.7,102.6,107.8,107.8
Buche,15,119,04-29,81.8,81.8,88.9,94.9,102.9,107.7,107.7
Buche,15,120,04-30,81.5,81.5,88.5,95.2,103.1,108.0,108.0
Buche,15,121,05-01,81.1,81.1,87.8,95.4,103.2,108.0,108.0
Buche,15,122,05-02,80.7,80.7,87.4,95.5,103.4,108.0,108.0
Buche,15,123,05-03,80.1,80.1,86.8,95.3,103.5,107.9,107.9
Buche,15,124,05-04,80.8,80.8,86.2,95.4,103.4,107.9,107.9
Buche,15,125,05-05,79.9,79.9,85.4,95.3,103.4,107.8,107.8
Buche,15,126,05-06,79.0,79.0,84.4,95.5,103.3,108.0,108.0
Buche,15,127,05-07,78.0,78.0,84.8,95.8,103.6,109.1,109.1
Buche,15,128,05-08,77.1,77.1,84.4,95.8,103.8,109.8,109.8
Buche,15,129,05-09,76.2,76.2,83.6,95.9,104.2,110.9,110.9
Buche,15,130,05-10,75.3,75.3,83.4,96.4,105.3,112.2,112.2
Buche,15,131,05-11,74.6,74.6,83.5,96.7,107.0,119.2,119.2
Buche,15,132,05-12,74.0,74.0,82.5,96.7,108.6,121.6,121.6
Buche,15,133,05-13,73.5,73.5,82.3,96.6,109.3,122.9,122.9
Buche,15,134,05-14,72.5,72.5,82.0,96.7,109.4,124.1,124.1
Buche,15,135,05-15,71.3,71.3,81.3,96.8,109.5,124.7,124.7
Buche,15,136,05-16,70.5,70.5,80.5,96.8,109.4,125.1,125.1
Buche,15,137,05-17,69.4,69.4,79.6,96.6,109.2,125.6,125.6
Buche,15,138,05-18,68.5,68.5,78.7,96.7,109.2,126.1,126.1
Buche,15,139,05-19,67.5,67.5,77.9,96.6,109.2,126.6,126.6
Buche,15,140,05-20,66.5,66.5,77.0,96.4,108.9,126.6,126.6
Buche,15,141,05-21,65.6,65.6,76.2,96.1,109.5,129.5,129.5
Buche,15,142,05-22,64.6,64.6,75.1,95.9,110.2,136.4,136.4
Buche,15,143,05-23,63.5,63.5,74.6,95.8,111.1,140.8,140.8
Buche,15,144,05-24,62.5,62.5,74.6,95.5,111.8,142.4,142.4
Buche,15,145,05-25,61.4,61.4,75.1,95.2,112.4,143.2,143.2
Buche,15,146,05-26,60.2,60.2,75.6,95.3,112.8,143.8,143.8
Buche,15,147,05-27,58.9,58.9,74.6,95.1,113.0,144.0,144.0
Buche,15,148,05-28,57.6,57.6,74.4,95.2,113.2,143.6,143.6
Buche,15,149,05-29,56.3,56.3,74.2,95.6,113.0,142.4,142.4
Buche,15,150,05-30,55.0,55.0,73.5,95,112.0,141.0,141.0
Buche,15,151,05-31,53.6,53.6,73.1,94.4,110.3,134.8,134.8
Buche,15,152,06-01,52.2,52.2,73.4,94.2,108.8,132.9,132.9
Buche,15,153,06-02,50.7,50.7,72.8,93.7,108.1,132.1,132.1
Buche,15,154,06-03,49.2,49.2,71.9,92.9,107.5,132.2,132.2
Buche,15,155,06-04,47.7,47.7,70.7,91.6,106.4,131.9,131.9
Buche,15,156,06-05,45.7,45.7,69.9,90.4,105.7,131.5,131.5
Buche,15,157,06-06,43.7,43.7,69.2,89.7,105.8,131.2,131.2
Buche,15,158,06-07,41.5,41.5,68.5,88.4,105.2,130.8,130.8
Buche,15,159,06-08,39.4,39.4,68.0,87.2,104.3,130.4,130.4
Buche,15,160,06-09,37.4,37.4,67.3,85.8,103.2,130.1,130.1
Buche,15,161,06-10,35.4,35.4,66.6,84.8,101.2,126.8,126.8
Buche,15,162,06-11,33.6,33.6,65.9,84.1,99.5,119.6,119.6
Buche,15,163,06-12,32.0,32.0,64.5,84.2,98.6,115.1,115.1
Buche,15,164,06-13,30.6,30.6,62.7,83.9,97.8,113.8,113.8
Buche,15,165,06-14,29.3,29.3,60.3,83.3,97.0,112.8,112.8
Buche,15,166,06-15,28.0,28.0,58.1,82.1,96.0,111.6,111.6
Buche,15,167,06-16,26.8,26.8,55.8,80.8,94.8,110.0,110.0
Buche,15,168,06-17,25.8,25.8,53.6,79.5,93.5,109.0,109.0
Buche,15,169,06-18,24.8,24.8,51.5,77.8,93.0,108.5,108.5
Buche,15,170,06-19,24.0,24.0,49.4,76.2,92.8,107.9,107.9
Buche,15,171,06-20,23.6,23.6,46.8,74.4,92.5,106.5,106.5
Buche,15,172,06-21,23.2,23.2,45.2,72.7,91.5,105.6,105.6
Buche,15,173,06-22,22.8,22.8,43.8,71.2,90.4,104.0,104.0
Buche,15,174,06-23,22.5,22.5,42.7,70.1,89.6,101.7,101.7
Buche,15,175,06-24,22.4,22.4,41.7,69.4,89.1,99.7,99.7
Buche,15,176,06-25,22.3,22.3,40.5,68.4,88.8,98.2,98.2
Buche,15,177,06-26,22.1,22.1,39.2,67,88.4,97.8,97.8
Buche,15,178,06-27,22.2,22.2,38.1,65.8,88.6,102.8,102.8
Buche,15,179,06-28,22.5,22.5,36.8,64.1,87.6,103.6,103.6
Buche,15,180,06-29,22.7,22.7,35.8,62.4,86.6,103.7,103.7
Buche,15,181,06-30,22.9,22.9,34.8,60.4,85.6,103.5,103.5
Buche,15,182,07-01,23.0,23.0,33.8,58.2,84.7,103.2,103.2
Buche,15,183,07-02,23.2,23.2,33.0,55.6,83.5,103.0,103.0
Buche,15,184,07-03,23.2,23.2,32.9,53.4,82.6,102.5,102.5
Buche,15,185,07-04,23.6,23.6,32.8,51.4,81.5,102.7,102.7
Buche,15,186,07-05,24.1,24.1,33.0,49.7,80.5,103.0,103.0
Buche,15,187,07-06,24.7,24.7,33.1,48.4,80.1,103.4,103.4
Buche,15,188,07-07,25.1,25.1,33.3,47.8,79.9,103.5,103.5
Buche,15,189,07-08,25.5,25.5,33.3,47,78.8,103.0,103.0
Buche,15,190,07-09,25.9,25.9,33.4,46.4,77.2,102.0,102.0
Buche,15,191,07-10,25.8,25.8,33.4,46.4,75.6,101.0,101.0
Buche,15,192,07-11,25.7,25.7,33.0,46.6,74.7,99.9,99.9
Buche,15,193,07-12,25.6,25.6,32.6,46.2,74.0,99.2,99.2
Buche,15,194,07-13,25.6,25.6,32.2,45.4,73.6,98.7,98.7
Buche,15,195,07-14,25.4,25.4,31.8,44.5,73.2,98.7,98.7
Buche,15,196,07-15,25.4,25.4,31.3,44.4,72.7,98.2,98.2
Buche,15,197,07-16,25.4,25.4,31.1,44.6,71.6,96.4,96.4
Buche,15,198,07-17,25.0,25.0,30.9,44.3,70.0,89.3,89.3
Buche,15,199,07-18,24.3,24.3,30.4,45.4,69.9,86.8,86.8
Buche,15,200,07-19,23.8,23.8,30.1,46.7,69.9,84.9,84.9
Buche,15,201,07-20,23.4,23.4,29.9,47.8,70.3,83.9,83.9
Buche,15,202,07-21,23.0,23.0,29.8,48.9,70.4,83.1,83.1
Buche,15,203,07-22,22.5,22.5,29.7,49.7,70.1,82.1,82.1
Buche,15,204,07-23,22.1,22.1,29.2,51.1,70.0,81.4,81.4
Buche,15,205,07-24,21.3,21.3,28.8,53.1,70.5,80.7,80.7
Buche,15,206,07-25,20.5,20.5,28.2,54.2,71.5,80.2,80.2
Buche,15,207,07-26,19.6,19.6,27.8,55.1,71.7,79.4,79.4
Buche,15,208,07-27,18.9,18.9,27.7,55,71.8,79.3,79.3
Buche,15,209,07-28,18.2,18.2,27.7,55.3,71.9,79.5,79.5
Buche,15,210,07-29,17.7,17.7,27.6,54.7,71.1,78.7,78.7
Buche,15,211,07-30,17.2,17.2,27.5,54.2,70.5,77.8,77.8
Buche,15,212,07-31,16.7,16.7,27.4,53,69.6,76.9,76.9
Buche,15,213,08-01,16.2,16.2,27.2,52.5,68.7,75.7,75.7
Buche,15,214,08-02,15.8,15.8,27.0,52.2,67.5,75.5,75.5
Buche,15,215,08-03,15.3,15.3,26.8,51.9,66.0,74.8,74.8
Buche,15,216,08-04,14.7,14.7,26.6,50.8,64.6,74.1,74.1
Buche,15,217,08-05,14.2,14.2,26.4,49.4,63.0,73.7,73.7
Buche,15,218,08-06,14.0,14.0,26.2,48.5,61.6,73.4,73.4
Buche,15,219,08-07,14.0,14.0,25.9,47.1,60.2,72.7,72.7
Buche,15,220,08-08,14.3,14.3,25.8,45.4,58.8,72.0,72.0
Buche,15,221,08-09,14.6,14.6,25.8,44.7,58.2,71.2,71.2
Buche,15,222,08-10,14.9,14.9,25.9,44.3,58.0,70.7,70.7
Buche,15,223,08-11,15.1,15.1,26.7,44.5,57.8,70.8,70.8
Buche,15,224,08-12,15.0,15.0,26.3,44,56.8,70.5,70.5
Buche,15,225,08-13,15.2,15.2,26.5,42.7,55.2,69.8,69.8
Buche,15,226,08-14,15.4,15.4,27.3,42.2,53.5,68.8,68.8
Buche,15,227,08-15,15.7,15.7,27.9,41.5,52.0,67.9,67.9
Buche,15,228,08-16,16.4,16.4,28.2,40.7,50.7,66.6,66.6
Buche,15,229,08-17,17.7,17.7,28.7,40.4,50.1,65.3,65.3
Buche,15,230,08-18,19.0,19.0,29.6,41.1,50.5,65.1,65.1
Buche,15,231,08-19,19.7,19.7,30.7,41.9,51.4,65.9,65.9
Buche,15,232,08-20,21.4,21.4,31.8,42.8,52.4,67.0,67.0
Buche,15,233,08-21,23.0,23.0,33.1,43.8,53.1,67.8,67.8
Buche,15,234,08-22,24.5,24.5,34.6,44.9,53.7,67.8,67.8
Buche,15,235,08-23,26.5,26.5,36.1,46,54.5,68.4,68.4
Buche,15,236,08-24,28.4,28.4,37.6,47.1,55.3,69.1,69.1
Buche,15,237,08-25,30.3,30.3,39.0,48.2,56.1,69.6,69.6
Buche,15,238,08-26,32.1,32.1,40.3,49.5,57.3,69.9,69.9
Buche,15,239,08-27,33.7,33.7,41.6,50.7,58.4,70.5,70.5
Buche,15,240,08-28,34.8,34.8,42.6,51.7,59.4,71.3,71.3
Buche,15,241,08-29,35.9,35.9,43.7,52.3,59.6,72.0,72.0
Buche,15,242,08-30,36.9,36.9,44.7,52.5,59.4,72.6,72.6
Buche,15,243,08-31,37.8,37.8,44.9,52.3,59.1,72.7,72.7
Buche,15,244,09-01,38.9,38.9,46.2,52,59.1,72.8,72.8
Buche,15,245,09-02,39.7,39.7,47.0,51.7,59.2,72.8,72.8
Buche,15,246,09-03,40.4,40.4,47.1,51.6,59.1,72.9,72.9
Buche,15,247,09-04,41.1,41.1,47.2,51.6,59.1,73.0,73.0
Buche,15,248,09-05,41.3,41.3,47.3,51.7,59.3,73.2,73.2
Buche,15,249,09-06,40.8,40.8,47.3,51.4,58.9,73.4,73.4
Buche,15,250,09-07,40.3,40.3,47.1,51.1,58.6,73.7,73.7
Buche,15,251,09-08,40.3,40.3,46.6,50.7,57.9,73.2,73.2
Buche,15,252,09-09,39.4,39.4,46.1,50.1,57.1,72.6,72.6
Buche,15,253,09-10,38.5,38.5,45.3,49.4,56.4,72.2,72.2
Buche,15,254,09-11,37.6,37.6,44.5,48.6,55.7,71.5,71.5
Buche,15,255,09-12,36.9,36.9,43.9,48.3,55.4,70.3,70.3
Buche,15,256,09-13,36.2,36.2,43.3,48.2,55.5,69.8,69.8
Buche,15,257,09-14,35.5,35.5,42.8,48.3,55.9,69.4,69.4
Buche,15,258,09-15,34.7,34.7,42.4,48.3,56.2,69.6,69.6
Buche,15,259,09-16,34.0,34.0,42.0,48.4,56.4,69.5,69.5
Buche,15,260,09-17,33.3,33.3,41.5,48.1,56.7,69.5,69.5
Buche,15,261,09-18,32.7,32.7,40.9,48.2,57.3,69.2,69.2
Buche,15,262,09-19,32.1,32.1,41.1,48.8,57.8,68.6,68.6
Buche,15,263,09-20,31.6,31.6,41.3,49.4,58.2,68.0,68.0
Buche,15,264,09-21,31.2,31.2,41.5,49.9,58.5,67.6,67.6
Buche,15,265,09-22,30.8,30.8,41.9,50.7,59.2,67.4,67.4
Buche,15,266,09-23,30.4,30.4,42.5,51.6,59.9,67.4,67.4
Buche,15,267,09-24,30.0,30.0,43.1,52.5,60.5,67.5,67.5
Buche,15,268,09-25,29.6,29.6,43.6,53.4,61.3,67.9,67.9
Buche,15,269,09-26,29.2,29.2,44.0,54.4,62.5,68.6,68.6
Buche,15,270,09-27,28.9,28.9,44.4,55.4,63.7,69.6,69.6
Buche,15,271,09-28,28.6,28.6,44.9,56.4,64.9,70.5,70.5
Buche,15,272,09-29,28.3,28.3,45.6,57.6,66.3,72.1,72.1
Buche,15,273,09-30,28.0,28.0,46.3,58.8,67.8,73.8,73.8
Buche,15,274,10-01,27.8,27.8,47.1,60.1,69.2,75.3,75.3
Buche,15,275,10-02,26.9,26.9,47.6,60.9,70.0,76.6,76.6
Buche,15,276,10-03,26.1,26.1,48.1,61.6,70.6,77.3,77.3
Buche,15,277,10-04,25.4,25.4,48.8,62.3,70.9,77.9,77.9
Buche,15,278,10-05,24.8,24.8,49.6,63.1,71.2,78.0,78.0
Buche,15,279,10-06,24.3,24.3,50.4,63.8,71.4,78.3,78.3
Buche,15,280,10-07,23.8,23.8,51.4,65,71.7,78.5,78.5
Buche,15,281,10-08,23.4,23.4,52.3,65.6,71.6,78.6,78.6
Buche,15,282,10-09,23.1,23.1,52.4,65.7,71.6,78.9,78.9
Buche,15,283,10-10,22.9,22.9,52.6,65.8,71.6,79.1,79.1
Buche,15,284,10-11,22.7,22.7,52.9,66,71.7,79.5,79.5
Buche,15,285,10-12,22.8,22.8,53.3,66.4,72.0,79.7,79.7
Buche,15,286,10-13,22.9,22.9,53.4,66.7,72.4,79.9,79.9
Buche,15,287,10-14,23.1,23.1,53.0,67.1,72.9,80.1,80.1
Buche,15,288,10-15,23.4,23.4,52.0,67.5,73.2,80.2,80.2
Buche,15,289,10-16,23.8,23.8,51.2,67.7,73.2,80.3,80.3
Buche,15,290,10-17,24.6,24.6,51.8,68,73.3,80.4,80.4
Buche,15,291,10-18,25.3,25.3,52.4,68.3,73.6,81.0,81.0
Buche,15,292,10-19,26.0,26.0,52.9,68.7,73.7,80.8,80.8
Buche,15,293,10-20,26.8,26.8,53.4,69.2,74.1,80.6,80.6
Buche,15,294,10-21,27.6,27.6,53.8,69.7,74.9,81.3,81.3
Buche,15,295,10-22,28.4,28.4,54.2,70.3,75.6,82.2,82.2
Buche,15,296,10-23,29.3,29.3,55.1,71.5,76.7,83.1,83.1
Buche,15,297,10-24,30.2,30.2,55.8,73,78.0,84.1,84.1
Buche,15,298,10-25,31.2,31.2,56.5,74.2,79.2,85.2,85.2
Buche,15,299,10-26,32.2,32.2,56.6,75,80.5,86.3,86.3
Buche,15,300,10-27,33.4,33.4,56.7,75.9,81.7,87.4,87.4
Buche,15,301,10-28,34.5,34.5,56.8,76.7,83.1,88.6,88.6
Buche,15,302,10-29,35.6,35.6,56.9,77.5,84.6,90.1,90.1
Buche,15,303,10-30,36.7,36.7,57.0,78,85.8,91.4,91.4
Buche,15,304,10-31,37.7,37.7,57.4,78.8,87.4,92.7,92.7
Buche,15,305,11-01,38.6,38.6,57.2,79.4,88.6,94.1,94.1
Buche,15,306,11-02,39.9,39.9,57.0,79.8,89.7,95.2,95.2
Buche,15,307,11-03,42.2,42.2,58.6,80.7,90.7,96.2,96.2
Buche,15,308,11-04,43.4,43.4,60.7,81.6,91.5,97.1,97.1
Buche,15,309,11-05,44.6,44.6,62.8,82.3,92.4,97.9,97.9
Buche,15,310,11-06,45.5,45.5,63.5,83,93.1,98.8,98.8
Buche,15,311,11-07,47.3,47.3,64.8,84,93.8,99.3,99.3
Buche,15,312,11-08,49.6,49.6,66.1,84.7,94.3,99.9,99.9
Buche,15,313,11-09,52.0,52.0,67.5,85.4,94.7,100.4,100.4
Buche,15,314,11-10,54.3,54.3,68.9,86,95.0,100.2,100.2
Buche,15,315,11-11,55.1,55.1,70.2,86.7,95.3,100.0,100.0
Buche,15,316,11-12,55.9,55.9,71.1,86.7,95.3,99.8,99.8
Buche,15,317,11-13,56.6,56.6,72.0,86.5,95.1,99.6,99.6
Buche,15,318,11-14,57.3,57.3,73.0,86.4,95.1,100.0,100.0
Buche,15,319,11-15,58.0,58.0,74.8,86.8,95.1,100.3,100.3
Buche,15,320,11-16,60.2,60.2,76.5,87.3,95.2,100.7,100.7
Buche,15,321,11-17,62.5,62.5,78.3,87.8,95.2,100.9,100.9
Buche,15,322,11-18,63.3,63.3,79.9,88.3,95.1,100.7,100.7
Buche,15,323,11-19,64.1,64.1,81.7,89.4,95.5,100.7,100.7
Buche,15,324,11-20,64.8,64.8,83.3,90.2,95.7,101.1,101.1
Buche,15,325,11-21,67.2,67.2,85.5,91.2,96.0,101.3,101.3
Buche,15,326,11-22,69.1,69.1,87.5,92.1,96.2,102.0,102.0
Buche,15,327,11-23,69.8,69.8,88.3,92.5,96.4,102.3,102.3
Buche,15,328,11-24,71.5,71.5,89.3,93,96.7,102.9,102.9
Buche,15,329,11-25,72.6,72.6,90.0,93.5,97.1,103.4,103.4
Buche,15,330,11-26,73.8,73.8,90.6,94.1,97.5,103.7,103.7
Buche,15,331,11-27,74.0,74.1,90.8,94.4,98.0,103.9,104.0
Buche,15,332,11-28,73.9,74.0,90.8,94.7,98.8,104.2,104.3
Buche,15,333,11-29,74.1,74.2,90.9,95,99.3,104.8,104.8
Buche,15,334,11-30,74.3,74.4,91.0,95.2,99.8,105.2,105.2
Buche,15,335,12-01,76.0,76.1,91.2,95.4,100.2,105.8,105.9
Buche,15,336,12-02,77.6,77.8,91.3,95.7,100.6,108.5,108.5
Buche,15,337,12-03,79.3,79.4,91.5,95.9,100.9,113.1,113.1
Buche,15,338,12-04,81.0,81.1,91.5,96.2,101.2,114.1,114.2
Buche,15,339,12-05,82.7,82.8,91.6,96.5,101.8,114.5,114.5
Buche,15,340,12-06,82.5,82.6,91.7,96.8,102.1,114.6,114.6
Buche,15,341,12-07,82.4,82.5,91.8,97,102.2,114.5,114.6
Buche,15,342,12-08,83.7,83.8,91.9,97.1,102.0,114.5,114.5
Buche,15,343,12-09,85.1,85.2,91.9,97.2,102.0,114.3,114.3
Buche,15,344,12-10,86.7,86.9,91.8,97,101.8,113.7,113.7
Buche,15,345,12-11,86.7,86.8,91.5,96.9,101.7,113.4,113.5
Buche,15,346,12-12,86.6,86.7,91.3,96.9,102.0,113.5,113.5
Buche,15,347,12-13,86.3,86.4,91.3,97,102.5,113.8,113.8
Buche,15,348,12-14,86.2,86.3,91.1,97.3,102.8,113.8,113.9
Buche,15,349,12-15,86.6,86.7,91.2,97.5,103.1,113.9,114.0
Buche,15,350,12-16,86.6,86.7,91.4,97.6,103.3,113.6,113.7
Buche,15,351,12-17,86.8,86.8,91.3,97.7,103.2,113.5,113.5
Buche,15,352,12-18,87.3,87.3,91.6,97.9,103.0,113.3,113.3
Buche,15,353,12-19,87.4,87.4,91.6,97.8,102.7,113.0,113.0
Buche,15,354,12-20,87.2,87.2,91.6,97.9,102.3,112.5,112.5
Buche,15,355,12-21,86.7,86.7,91.5,98,101.9,111.9,111.9
Buche,15,356,12-22,86.7,86.7,91.6,98,101.9,110.0,110.0
Buche,15,357,12-23,86.6,86.6,91.7,98.2,102.0,105.8,105.8
Buche,15,358,12-24,86.5,86.5,91.8,98.1,101.9,104.5,104.5
Buche,15,359,12-25,86.4,86.4,91.6,98.1,101.6,103.9,103.9
Buche,15,360,12-26,86.3,86.3,91.4,98.1,101.5,103.7,103.7
Buche,15,361,12-27,86.3,86.3,91.3,98.2,101.8,103.7,103.7
Buche,15,362,12-28,86.2,86.2,91.4,98.4,102.2,103.9,103.9
Buche,15,363,12-29,86.0,86.0,91.4,98.6,102.5,104.3,104.3
Buche,15,364,12-30,85.4,85.4,91.2,98.9,102.8,104.8,104.8
Buche,15,365,12-31,84.7,84.7,91.1,98.9,103.0,105.1,
Buche,30,1,01-01,71.6,86.3,93.9,98.7,106.7,121.3,132.5
Buche,30,2,01-02,71.2,86.4,94.0,98.6,106.5,121.0,133.1
Buche,30,3,01-03,70.8,86.7,94.1,98.4,106.3,120.5,132.7
Buche,30,4,01-04,70.2,86.9,94.2,98.3,106.0,120.0,132.3
Buche,30,5,01-05,69.6,87.0,94.2,98.2,105.8,119.3,130.8
Buche,30,6,01-06,68.9,87.1,94.2,98.3,105.5,118.3,129.3
Buche,30,7,01-07,68.3,87.5,94.2,98.2,105.2,117.4,128.1
Buche,30,8,01-08,67.7,87.8,94.3,98.2,105.0,117.0,129.0
Buche,30,9,01-09,67.2,88.0,94.4,98.1,104.8,118.2,129.9
Buche,30,10,01-10,66.7,88.1,94.5,98,104.6,118.8,130.6
Buche,30,11,01-11,65.9,88.4,94.6,98.1,104.6,119.5,132.4
Buche,30,12,01-12,65.1,88.6,94.6,98.2,104.6,121.2,135.0
Buche,30,13,01-13,64.4,88.8,94.5,98.1,104.5,123.1,136.8
Buche,30,14,01-14,65.5,89.1,94.5,98.1,104.4,123.4,136.5
Buche,30,15,01-15,65.9,89.3,94.5,98,104.0,123.4,136.0
Buche,30,16,01-16,66.6,89.6,94.4,98,103.2,122.8,134.5
Buche,30,17,01-17,67.5,89.8,94.4,97.7,102.6,121.8,133.8
Buche,30,18,01-18,68.5,90.1,94.5,97.5,102.4,121.4,133.2
Buche,30,19,01-19,69.6,90.3,94.5,97.2,102.0,120.3,132.2
Buche,30,20,01-20,70.5,90.6,94.5,97.1,101.6,119.5,131.9
Buche,30,21,01-21,71.6,90.8,94.6,97.1,101.2,119.1,131.9
Buche,30,22,01-22,72.7,90.9,94.6,97.1,101.0,120.1,131.9
Buche,30,23,01-23,71.0,90.9,94.5,97.2,101.0,120.2,133.3
Buche,30,24,01-24,69.2,90.9,94.6,97.3,101.0,119.9,134.1
Buche,30,25,01-25,67.4,90.9,94.7,97.4,101.0,119.9,135.4
Buche,30,26,01-26,65.9,90.9,94.8,97.4,101.0,120.7,137.2
Buche,30,27,01-27,64.2,90.9,94.9,97.4,101.0,121.7,138.8
Buche,30,28,01-28,62.4,91.0,94.8,97.4,101.0,122.0,138.2
Buche,30,29,01-29,60.8,91.1,94.7,97.4,101.0,120.5,136.7
Buche,30,30,01-30,59.1,91.2,94.7,97.5,101.2,119.6,135.2
Buche,30,31,01-31,61.0,91.3,94.7,97.4,101.5,119.1,133.6
Buche,30,32,02-01,63.0,91.3,94.8,97.3,101.5,117.8,131.5
Buche,30,33,02-02,64.8,91.4,94.8,97.2,101.7,115.9,129.2
Buche,30,34,02-03,64.7,91.3,94.8,97.2,101.9,114.1,127.4
Buche,30,35,02-04,64.6,91.4,94.9,97.3,102.2,112.9,126.0
Buche,30,36,02-05,64.6,91.4,95.0,97.3,102.6,112.5,125.6
Buche,30,37,02-06,64.5,91.5,94.9,97.5,102.8,112.6,125.4
Buche,30,38,02-07,64.5,91.6,94.8,97.5,102.7,112.7,125.2
Buche,30,39,02-08,64.5,91.7,94.7,97.5,102.7,113.3,125.3
Buche,30,40,02-09,64.4,91.8,94.7,97.5,102.7,113.8,124.4
Buche,30,41,02-10,64.5,91.9,94.7,97.5,102.6,114.0,123.2
Buche,30,42,02-11,64.4,92.0,94.7,97.4,102.6,112.9,122.1
Buche,30,43,02-12,67.3,92.0,94.9,97.4,102.4,112.8,119.9
Buche,30,44,02-13,70.3,92.1,94.8,97.4,102.3,112.7,118.3
Buche,30,45,02-14,73.3,92.2,94.7,97.3,102.4,112.5,116.9
Buche,30,46,02-15,76.2,92.3,94.7,97.2,102.5,111.7,115.1
Buche,30,47,02-16,79.3,92.4,94.7,97.1,102.5,110.8,113.4
Buche,30,48,02-17,82.4,92.4,94.8,97.2,102.4,110.2,112.1
Buche,30,49,02-18,85.4,92.5,94.8,97.2,102.3,110.0,111.7
Buche,30,50,02-19,88.6,92.5,94.9,97.3,102.1,110.1,112.0
Buche,30,51,02-20,88.4,92.5,94.9,97.5,102.0,110.3,113.5
Buche,30,52,02-21,88.3,92.6,95.0,97.6,102.2,110.4,114.9
Buche,30,53,02-22,88.2,92.6,95.0,97.6,102.1,110.8,116.3
Buche,30,54,02-23,88.2,92.7,95.1,97.6,101.9,111.1,117.2
Buche,30,55,02-24,88.0,92.8,95.1,97.8,101.8,111.3,117.3
Buche,30,56,02-25,87.9,92.9,95.1,97.8,102.0,111.7,117.9
Buche,30,57,02-26,88.1,93.0,95.1,97.8,102.3,111.8,118.2
Buche,30,58,02-27,88.2,93.0,95.2,97.9,102.6,111.7,118.4
Buche,30,59,02-28,88.3,93.0,95.2,98,102.9,111.3,119.1
Buche,30,60,03-01,88.3,93.0,95.3,98.2,103.2,110.7,118.9
Buche,30,61,03-02,88.3,93.0,95.2,98.3,103.1,109.9,118.2
Buche,30,62,03-03,88.4,93.0,95.1,98.5,103.1,109.2,117.7
Buche,30,63,03-04,88.5,93.0,95.1,98.5,103.3,108.8,117.3
Buche,30,64,03-05,88.7,93.1,95.1,98.6,103.4,109.5,117.8
Buche,30,65,03-06,88.9,93.1,94.9,98.6,103.1,110.5,118.6
Buche,30,66,03-07,89.1,93.1,94.8,98.7,103.0,111.0,119.0
Buche,30,67,03-08,89.5,93.3,94.9,98.8,103.1,111.3,119.2
Buche,30,68,03-09,89.8,93.3,95.0,98.9,103.3,111.5,119.4
Buche,30,69,03-10,90.2,93.3,95.0,99,103.4,111.6,119.2
Buche,30,70,03-11,90.4,93.4,95.0,99,103.3,111.1,118.5
Buche,30,71,03-12,90.5,93.4,95.0,98.8,103.0,110.4,116.4
Buche,30,72,03-13,90.7,93.4,95.0,98.8,102.7,109.6,114.3
Buche,30,73,03-14,90.9,93.5,95.0,98.7,102.5,108.8,112.5
Buche,30,74,03-15,91.2,93.6,94.9,98.6,102.4,108.1,111.5
Buche,30,75,03-16,91.5,93.5,94.9,98.5,102.2,107.4,111.1
Buche,30,76,03-17,91.7,93.5,94.8,98.4,101.6,107.0,110.3
Buche,30,77,03-18,91.7,93.5,94.9,98.3,101.1,106.6,109.6
Buche,30,78,03-19,91.7,93.4,95.0,98.2,100.7,106.1,108.9
Buche,30,79,03-20,91.7,93.4,95.0,98.1,100.5,106.0,108.3
Buche,30,80,03-21,91.7,93.4,95.1,97.9,100.4,106.3,108.3
Buche,30,81,03-22,91.7,93.4,95.1,97.7,100.4,106.5,108.7
Buche,30,82,03-23,91.7,93.4,95.2,97.5,100.4,106.8,108.8
Buche,30,83,03-24,91.7,93.3,95.1,97.3,100.4,106.9,108.9
Buche,30,84,03-25,91.8,93.4,95.0,97.1,100.5,106.1,108.2
Buche,30,85,03-26,91.8,93.5,95.1,97,100.6,105.1,107.7
Buche,30,86,03-27,91.7,93.5,95.0,96.8,100.5,104.4,107.3
Buche,30,87,03-28,91.6,93.2,94.8,96.5,100.2,103.9,106.9
Buche,30,88,03-29,91.5,93.0,94.5,96.3,100.1,103.9,106.8
Buche,30,89,03-30,91.4,92.8,94.4,96.1,100.0,104.0,106.9
Buche,30,90,03-31,91.3,92.6,94.2,95.9,100.0,105.2,108.2
Buche,30,91,04-01,91.2,92.3,94.0,95.8,100.0,106.2,109.1
Buche,30,92,04-02,91.0,92.1,93.9,95.7,100.4,106.7,109.7
Buche,30,93,04-03,90.8,91.8,93.7,95.6,100.8,107.1,110.0
Buche,30,94,04-04,90.4,91.5,93.4,95.6,101.0,107.5,110.0
Buche,30,95,04-05,90.1,91.2,93.3,95.3,101.2,107.7,109.9
Buche,30,96,04-06,89.8,91.0,93.1,95.1,101.3,107.5,110.7
Buche,30,97,04-07,89.6,90.8,93.0,95.2,101.3,107.5,112.3
Buche,30,98,04-08,89.1,90.5,92.8,95.2,101.4,107.9,113.2
Buche,30,99,04-09,88.9,90.2,92.6,95.2,101.5,108.0,113.1
Buche,30,100,04-10,88.6,89.9,92.4,95.2,101.5,108.0,115.3
Buche,30,101,04-11,88.2,89.5,92.1,95.2,101.3,108.3,116.8
Buche,30,102,04-12,87.7,89.0,91.6,95.1,101.6,108.5,117.9
Buche,30,103,04-13,87.0,88.5,91.0,95,101.4,108.4,118.2
Buche,30,104,04-14,85.6,87.0,90.8,95,101.2,108.4,118.0
Buche,30,105,04-15,84.7,86.6,90.6,95,101.2,108.4,117.7
Buche,30,106,04-16,83.7,86.2,90.4,95.2,101.4,108.6,119.1
Buche,30,107,04-17,82.6,85.8,90.1,95.3,101.7,109.7,120.7
Buche,30,108,04-18,81.5,85.2,90.0,95.4,101.9,110.7,122.3
Buche,30,109,04-19,80.4,84.6,89.8,95.5,102.2,111.1,124.4
Buche,30,110,04-20,79.3,83.9,89.6,95.6,102.3,110.5,125.9
Buche,30,111,04-21,78.2,83.0,89.5,95.6,102.4,110.9,127.5
Buche,30,112,04-22,77.0,81.9,89.4,95.8,102.3,112.9,129.7
Buche,30,113,04-23,75.9,80.9,89.5,96,102.3,114.8,132.0
Buche,30,114,04-24,74.4,79.9,89.2,96.3,102.4,115.4,133.9
Buche,30,115,04-25,73.3,78.9,88.9,96.5,103.0,116.6,136.4
Buche,30,116,04-26,72.2,78.3,88.5,96.7,103.4,118.0,136.9
Buche,30,117,04-27,71.0,77.8,88.1,96.6,103.7,118.9,136.4
Buche,30,118,04-28,69.8,77.4,87.8,96.5,103.7,119.0,136.1
Buche,30,119,04-29,68.4,76.9,87.3,96.3,103.5,118.6,135.8
Buche,30,120,04-30,66.9,76.5,86.9,96.2,103.5,119.6,134.5
Buche,30,121,05-01,65.3,75.8,86.2,96,103.4,119.9,133.7
Buche,30,122,05-02,63.8,75.2,85.8,95.9,103.3,119.9,132.9
Buche,30,123,05-03,62.5,74.6,85.6,95.9,103.4,119.9,132.6
Buche,30,124,05-04,61.9,74.7,85.4,95.9,103.6,119.9,133.8
Buche,30,125,05-05,60.8,73.6,85.3,95.9,103.6,120.8,135.3
Buche,30,126,05-06,59.9,72.5,85.6,95.9,103.6,121.3,135.4
Buche,30,127,05-07,59.1,71.6,85.8,95.8,104.1,121.0,134.6
Buche,30,128,05-08,58.2,70.8,85.9,95.7,104.0,120.6,133.5
Buche,30,129,05-09,57.2,69.9,85.8,95.5,103.7,121.4,132.5
Buche,30,130,05-10,56.1,69.0,85.6,95.3,104.8,122.8,132.8
Buche,30,131,05-11,55.0,68.2,85.2,95.1,106.5,125.7,134.5
Buche,30,132,05-12,53.8,67.6,84.8,94.7,107.6,127.2,135.9
Buche,30,133,05-13,52.6,67.0,84.1,94.2,107.9,127.4,135.5
Buche,30,134,05-14,51.8,66.2,83.7,93.6,107.9,128.4,135.1
Buche,30,135,05-15,50.5,65.5,83.4,93.1,107.7,128.8,134.2
Buche,30,136,05-16,49.1,64.4,83.0,93,107.9,128.8,134.7
Buche,30,137,05-17,48.5,63.2,82.3,92.9,107.9,129.1,134.7
Buche,30,138,05-18,47.9,62.0,81.5,92.7,107.9,129.7,135.2
Buche,30,139,05-19,47.2,60.3,80.6,92.5,108.1,130.7,135.9
Buche,30,140,05-20,46.3,58.6,79.5,92.4,108.3,130.1,135.2
Buche,30,141,05-21,45.7,57.2,78.7,92.2,108.8,130.6,136.1
Buche,30,142,05-22,44.9,56.1,77.9,92.2,109.3,133.0,139.6
Buche,30,143,05-23,44.3,55.1,76.9,92.1,110.1,135.5,143.6
Buche,30,144,05-24,44.3,54.4,75.4,91.8,111.0,137.2,145.6
Buche,30,145,05-25,44.2,53.8,74.7,91.2,111.7,137.6,145.7
Buche,30,146,05-26,43.8,53.0,73.3,90.8,112.1,138.5,145.6
Buche,30,147,05-27,43.3,51.9,71.9,90.2,111.7,139.2,147.9
Buche,30,148,05-28,42.9,50.8,70.5,89.6,111.5,138.5,148.6
Buche,30,149,05-29,42.4,49.7,69.4,89.1,111.3,137.1,147.5
Buche,30,150,05-30,41.9,48.9,68.2,88.2,110.0,135.2,144.9
Buche,30,151,05-31,41.4,48.1,67.2,87.4,108.2,131.9,142.8
Buche,30,152,06-01,40.8,47.3,66.1,87.1,107.1,128.7,141.2
Buche,30,153,06-02,40.2,46.5,64.9,86.8,106.3,127.4,140.3
Buche,30,154,06-03,39.6,46.0,63.7,86.2,105.9,127.7,140.6
Buche,30,155,06-04,38.9,45.7,62.2,85.4,105.5,127.5,140.4
Buche,30,156,06-05,38.1,45.1,60.8,84.3,104.6,127.2,139.5
Buche,30,157,06-06,36.6,44.2,59.6,83.3,104.4,126.9,139.2
Buche,30,158,06-07,35.1,43.2,58.5,82.4,104.0,126.6,139.7
Buche,30,159,06-08,33.8,42.9,57.9,81.6,103.5,126.2,139.6
Buche,30,160,06-09,32.7,42.6,57.4,80.6,102.8,125.8,141.5
Buche,30,161,06-10,31.4,42.2,57.0,79.7,102.9,125.7,141.1
Buche,30,162,06-11,30.3,41.2,55.9,78.5,102.4,123.0,137.8
Buche,30,163,06-12,29.0,40.1,54.8,77.8,101.6,120.4,133.9
Buche,30,164,06-13,27.2,38.6,53.7,77.1,100.5,118.6,130.5
Buche,30,165,06-14,25.5,37.2,52.1,76.6,99.4,117.0,128.6
Buche,30,166,06-15,23.9,35.9,50.8,75.7,98.2,115.3,126.8
Buche,30,167,06-16,22.4,34.7,49.4,74.7,96.9,113.6,123.4
Buche,30,168,06-17,21.1,33.5,47.9,73.7,95.7,113.0,121.6
Buche,30,169,06-18,19.8,32.5,46.0,72.6,95.2,112.6,120.8
Buche,30,170,06-19,18.6,31.3,44.8,71.8,94.1,112.1,120.3
Buche,30,171,06-20,17.7,30.4,44.1,70.8,92.3,110.7,117.9
Buche,30,172,06-21,16.7,30.2,43.3,69.1,91.0,109.3,114.9
Buche,30,173,06-22,15.9,29.9,42.8,67.5,89.9,107.7,112.9
Buche,30,174,06-23,15.0,29.4,42.2,66,88.9,105.0,110.3
Buche,30,175,06-24,14.4,28.6,41.6,64.6,87.7,102.9,108.6
Buche,30,176,06-25,13.8,27.8,40.9,63,87.3,101.0,106.7
Buche,30,177,06-26,13.2,27.1,40.1,61.5,86.4,99.5,106.4
Buche,30,178,06-27,12.8,26.2,39.5,60.1,85.1,98.5,108.4
Buche,30,179,06-28,12.5,25.1,38.5,58.7,83.7,96.6,110.4
Buche,30,180,06-29,12.5,24.2,37.3,57.3,82.2,95.0,108.8
Buche,30,181,06-30,12.6,23.5,36.2,55.7,79.5,92.8,107.3
Buche,30,182,07-01,12.6,22.8,35.9,54.7,76.9,91.6,106.6
Buche,30,183,07-02,12.5,22.5,35.8,52.7,74.5,90.3,106.2
Buche,30,184,07-03,12.3,22.3,35.8,51,73.3,89.7,105.9
Buche,30,185,07-04,12.5,22.3,35.2,49.3,72.3,89.5,105.9
Buche,30,186,07-05,12.7,22.5,34.7,47.7,71.4,89.3,106.1
Buche,30,187,07-06,12.8,22.5,34.3,46.3,70.8,88.8,106.4
Buche,30,188,07-07,12.9,22.8,34.3,45.2,70.4,88.1,106.3
Buche,30,189,07-08,12.9,23.1,34.2,44.3,69.3,87.1,105.6
Buche,30,190,07-09,13.0,23.3,33.5,43,68.3,86.1,104.7
Buche,30,191,07-10,12.7,23.2,32.2,41.8,68.1,84.9,106.1
Buche,30,192,07-11,12.6,22.3,31.0,40.6,67.4,83.6,106.9
Buche,30,193,07-12,12.5,21.5,29.6,40,66.6,82.7,107.3
Buche,30,194,07-13,12.7,20.6,28.6,39.8,66.1,82.7,107.8
Buche,30,195,07-14,12.9,19.9,27.8,39.7,66.0,82.4,108.2
Buche,30,196,07-15,13.1,19.4,27.2,39.9,65.1,81.8,108.7
Buche,30,197,07-16,13.3,19.0,26.7,40.5,64.3,80.8,107.5
Buche,30,198,07-17,13.1,18.6,26.2,41.1,64.1,80.2,103.1
Buche,30,199,07-18,12.9,18.2,26.1,41.4,64.2,80.7,99.7
Buche,30,200,07-19,12.5,18.0,26.0,42.1,64.6,81.0,98.3
Buche,30,201,07-20,12.1,17.7,25.9,42.9,65.6,81.2,97.6
Buche,30,202,07-21,11.7,17.5,25.4,43.5,66.7,81.7,97.1
Buche,30,203,07-22,11.5,17.0,24.9,44.3,67.4,82.1,96.5
Buche,30,204,07-23,11.2,16.6,24.4,44.8,67.4,81.7,95.9
Buche,30,205,07-24,10.7,15.9,24.1,46.6,67.7,81.0,95.7
Buche,30,206,07-25,10.1,15.1,23.6,47.3,68.3,81.3,95.7
Buche,30,207,07-26,9.5,14.5,23.5,48.2,69.1,81.6,95.2
Buche,30,208,07-27,8.9,13.6,23.3,49,69.9,82.3,97.2
Buche,30,209,07-28,8.5,12.7,23.1,50,70.8,82.9,98.5
Buche,30,210,07-29,8.1,11.9,23.2,50.5,71.8,83.7,99.2
Buche,30,211,07-30,7.9,11.2,24.0,51.4,72.6,84.4,97.7
Buche,30,212,07-31,7.6,10.8,25.1,52.2,73.3,85.4,96.7
Buche,30,213,08-01,7.3,10.3,25.8,52.4,74.2,85.8,96.4
Buche,30,214,08-02,6.8,9.8,26.0,52.5,74.4,85.4,95.9
Buche,30,215,08-03,6.2,9.1,25.9,52.6,74.1,85.3,95.3
Buche,30,216,08-04,5.7,8.5,25.6,52.5,73.9,85.6,94.9
Buche,30,217,08-05,5.2,8.4,25.3,51.6,73.9,86.0,94.7
Buche,30,218,08-06,5.0,8.5,25.1,51.6,74.1,86.2,95.0
Buche,30,219,08-07,4.8,8.5,24.9,51.5,74.5,86.1,95.2
Buche,30,220,08-08,4.9,8.3,24.6,51,74.8,85.8,94.6
Buche,30,221,08-09,5.0,8.4,24.4,50.9,74.5,85.2,94.1
Buche,30,222,08-10,5.1,8.4,24.5,51.3,74.1,84.4,93.6
Buche,30,223,08-11,5.1,8.3,25.7,51.7,74.4,83.9,93.2
Buche,30,224,08-12,5.2,8.2,25.9,51.9,74.3,83.5,92.8
Buche,30,225,08-13,5.2,8.1,25.7,50.9,73.7,83.1,91.7
Buche,30,226,08-14,5.2,8.0,26.4,51.1,72.8,81.7,90.1
Buche,30,227,08-15,5.4,8.3,26.7,50.8,71.9,80.4,89.0
Buche,30,228,08-16,5.8,9.2,27.0,50.3,70.9,78.9,86.0
Buche,30,229,08-17,6.0,10.3,27.8,49.6,69.9,77.8,83.9
Buche,30,230,08-18,6.2,11.3,28.8,50.2,68.9,76.4,82.4
Buche,30,231,08-19,6.3,11.9,28.0,50.2,68.6,75.8,81.8
Buche,30,232,08-20,6.3,12.3,28.1,50.6,68.6,75.3,81.4
Buche,30,233,08-21,6.2,13.5,28.7,51.7,68.2,75.0,80.7
Buche,30,234,08-22,6.2,14.6,29.6,52.7,68.3,75.6,80.9
Buche,30,235,08-23,6.5,15.6,30.7,53.6,69.2,76.2,81.1
Buche,30,236,08-24,6.8,16.5,31.8,54.5,70.1,76.6,81.3
Buche,30,237,08-25,7.0,16.9,33.3,55.5,70.5,77.1,81.5
Buche,30,238,08-26,7.1,17.1,34.6,55.4,70.6,76.6,81.2
Buche,30,239,08-27,7.3,17.3,35.8,55.6,70.5,76.4,80.6
Buche,30,240,08-28,7.1,17.3,36.9,55.8,70.5,76.4,80.1
Buche,30,241,08-29,6.9,17.2,37.7,55.8,70.4,76.5,79.6
Buche,30,242,08-30,6.7,18.0,38.6,55.4,70.3,76.8,79.6
Buche,30,243,08-31,6.5,18.9,38.4,55,69.7,77.0,79.7
Buche,30,244,09-01,6.3,19.8,39.2,54.7,69.3,77.1,79.7
Buche,30,245,09-02,6.1,20.5,40.4,54.7,69.5,77.1,79.8
Buche,30,246,09-03,5.9,21.2,40.7,55.3,69.9,77.3,80.4
Buche,30,247,09-04,5.7,21.4,41.1,56,70.0,77.7,81.1
Buche,30,248,09-05,5.4,21.0,41.5,56.6,70.2,78.3,81.7
Buche,30,249,09-06,5.2,20.8,41.5,57.2,70.5,78.9,82.4
Buche,30,250,09-07,5.1,20.6,41.6,57.3,70.6,79.4,82.8
Buche,30,251,09-08,5.1,20.7,42.5,58.1,70.5,79.5,82.9
Buche,30,252,09-09,5.2,20.7,42.6,58.4,70.5,79.4,83.0
Buche,30,253,09-10,5.3,20.1,42.6,58.2,70.6,79.3,83.0
Buche,30,254,09-11,5.3,19.5,42.6,57.8,70.3,78.3,81.8
Buche,30,255,09-12,5.1,19.7,42.5,57.5,69.3,77.6,81.1
Buche,30,256,09-13,5.0,20.2,42.7,57.3,68.4,77.0,80.7
Buche,30,257,09-14,4.9,20.7,42.6,57.3,67.6,76.5,80.2
Buche,30,258,09-15,4.8,21.3,42.3,57.4,67.1,76.1,79.8
Buche,30,259,09-16,4.8,22.0,42.0,57.6,66.8,75.7,79.5
Buche,30,260,09-17,4.7,22.6,41.4,57.8,66.4,75.6,79.6
Buche,30,261,09-18,4.7,23.1,41.0,57.7,66.1,75.5,79.6
Buche,30,262,09-19,4.6,22.6,41.6,57.9,65.9,75.1,79.2
Buche,30,263,09-20,4.6,22.1,42.1,58.1,65.9,74.7,78.9
Buche,30,264,09-21,4.6,21.7,42.5,58.5,66.0,74.4,78.8
Buche,30,265,09-22,4.5,21.4,42.8,58.8,65.7,74.3,78.7
Buche,30,266,09-23,4.6,21.1,43.2,58.5,65.4,74.3,78.2
Buche,30,267,09-24,4.6,20.8,43.6,58.2,65.2,74.1,77.7
Buche,30,268,09-25,4.4,20.6,43.9,58.1,65.3,73.8,77.2
Buche,30,269,09-26,4.2,20.0,44.3,58.1,65.5,73.6,76.9
Buche,30,270,09-27,4.0,19.4,44.8,58.5,65.9,73.6,76.7
Buche,30,271,09-28,3.8,18.9,45.4,58.7,66.0,73.5,76.1
Buche,30,272,09-29,3.6,18.5,45.9,59.2,66.1,73.8,76.0
Buche,30,273,09-30,3.5,18.1,46.5,59.7,66.2,74.6,76.6
Buche,30,274,10-01,3.4,17.7,47.1,60.2,66.5,75.4,77.5
Buche,30,275,10-02,3.3,16.7,47.8,60.7,66.9,75.7,78.2
Buche,30,276,10-03,3.4,15.6,48.3,61.4,67.4,75.8,78.4
Buche,30,277,10-04,3.6,15.3,48.8,61.9,67.9,75.8,78.9
Buche,30,278,10-05,3.9,15.0,49.3,62.3,68.6,76.0,79.5
Buche,30,279,10-06,4.1,14.8,50.0,62.8,68.9,76.9,80.4
Buche,30,280,10-07,4.4,14.7,51.1,63.3,69.4,77.4,80.9
Buche,30,281,10-08,4.7,15.0,52.3,63.9,69.8,77.8,81.4
Buche,30,282,10-09,5.0,15.6,52.5,64.2,70.3,78.1,82.0
Buche,30,283,10-10,5.5,16.2,52.7,64.6,70.8,78.6,82.3
Buche,30,284,10-11,6.2,16.8,53.0,65.1,71.4,79.1,82.9
Buche,30,285,10-12,7.0,17.5,53.4,65.9,72.2,79.5,83.6
Buche,30,286,10-13,7.7,18.2,53.8,66.4,72.9,80.0,84.4
Buche,30,287,10-14,8.3,18.3,52.7,67.1,73.5,80.5,85.1
Buche,30,288,10-15,9.4,19.1,51.8,67.7,74.1,80.9,85.8
Buche,30,289,10-16,10.7,19.8,50.8,68.4,74.4,81.4,86.5
Buche,30,290,10-17,11.8,21.2,51.6,68.7,74.8,81.8,87.1
Buche,30,291,10-18,13.0,22.4,52.2,69.1,75.3,82.4,87.6
Buche,30,292,10-19,14.3,23.5,52.9,69.5,75.8,82.6,87.9
Buche,30,293,10-20,15.7,24.6,53.5,70.1,76.3,82.3,87.7
Buche,30,294,10-21,17.0,25.8,53.5,70.5,76.7,82.4,88.4
Buche,30,295,10-22,18.3,27.0,53.5,71,77.2,83.2,89.0
Buche,30,296,10-23,19.4,28.2,54.1,71.7,77.9,84.2,89.5
Buche,30,297,10-24,20.4,28.7,54.8,72.4,78.9,85.2,90.1
Buche,30,298,10-25,21.3,29.3,55.5,73.2,79.8,86.2,90.6
Buche,30,299,10-26,22.2,30.1,55.5,74,80.9,86.6,91.5
Buche,30,300,10-27,23.2,31.0,55.5,75,81.9,87.1,92.4
Buche,30,301,10-28,24.2,31.6,55.3,76,82.9,87.7,93.2
Buche,30,302,10-29,25.1,32.1,55.1,76.9,84.0,88.7,94.4
Buche,30,303,10-30,26.0,32.6,54.8,77.6,85.1,89.4,95.1
Buche,30,304,10-31,26.6,33.0,54.2,78.4,86.0,90.4,96.0
Buche,30,305,11-01,27.2,33.6,53.9,79.1,86.8,91.6,97.1
Buche,30,306,11-02,27.8,34.7,53.6,79.8,87.8,92.7,98.1
Buche,30,307,11-03,28.5,37.4,56.0,80.7,88.7,93.7,98.8
Buche,30,308,11-04,28.6,38.7,58.2,81.6,89.5,94.6,99.5
Buche,30,309,11-05,28.7,39.9,60.3,82.5,90.4,95.4,100.1
Buche,30,310,11-06,28.8,40.6,60.4,83.3,91.2,96.2,100.8
Buche,30,311,11-07,28.9,42.4,61.3,84.3,92.0,97.0,101.7
Buche,30,312,11-08,28.9,44.6,62.4,85,92.7,97.7,102.4
Buche,30,313,11-09,28.8,47.0,63.5,85.7,93.4,98.5,103.4
Buche,30,314,11-10,30.2,49.3,65.2,86.5,93.9,98.8,103.0
Buche,30,315,11-11,31.3,50.2,66.7,87.4,94.5,98.8,102.7
Buche,30,316,11-12,32.4,51.1,67.5,87.9,95.0,98.7,102.5
Buche,30,317,11-13,33.5,52.0,68.3,88.6,95.2,98.6,102.4
Buche,30,318,11-14,34.6,52.8,69.2,89.1,95.3,98.6,102.6
Buche,30,319,11-15,35.7,53.5,70.8,89.7,95.4,98.7,102.0
Buche,30,320,11-16,38.4,55.7,72.8,90.1,95.5,98.9,101.7
Buche,30,321,11-17,41.1,58.1,74.8,90.4,95.7,99.0,101.6
Buche,30,322,11-18,42.3,58.8,76.5,90.8,95.8,98.9,101.3
Buche,30,323,11-19,43.5,59.5,78.0,91.3,95.8,99.0,101.5
Buche,30,324,11-20,44.7,60.2,80.2,91.8,95.9,98.9,102.2
Buche,30,325,11-21,46.8,62.6,82.2,92.3,95.9,99.2,102.5
Buche,30,326,11-22,48.8,64.3,84.1,92.7,95.7,99.6,102.9
Buche,30,327,11-23,51.0,64.9,84.9,92.9,95.7,99.6,103.1
Buche,30,328,11-24,53.2,66.3,85.9,93.2,95.9,99.8,103.3
Buche,30,329,11-25,55.1,67.1,86.9,93.3,96.0,100.0,103.6
Buche,30,330,11-26,57.1,68.0,87.8,93.6,96.2,100.2,104.7
Buche,30,331,11-27,59.2,68.1,88.0,93.7,96.5,100.7,108.0
Buche,30,332,11-28,61.3,67.9,88.0,93.8,96.7,100.9,111.5
Buche,30,333,11-29,63.9,68.3,88.2,93.9,96.7,101.4,114.0
Buche,30,334,11-30,65.0,68.7,88.4,93.9,96.8,103.0,116.0
Buche,30,335,12-01,66.5,70.4,88.8,93.9,96.9,104.2,118.9
Buche,30,336,12-02,67.9,72.2,89.2,94,97.0,105.4,122.6
Buche,30,337,12-03,69.4,73.9,89.6,94.1,97.2,106.1,126.9
Buche,30,338,12-04,70.8,75.6,89.9,94.1,97.4,106.6,130.5
Buche,30,339,12-05,72.5,77.3,90.1,94.2,97.7,107.0,132.3
Buche,30,340,12-06,72.5,77.2,90.0,94.3,98.1,108.1,133.8
Buche,30,341,12-07,72.6,77.0,89.8,94.3,98.2,109.4,136.4
Buche,30,342,12-08,74.2,78.6,89.9,94.5,98.3,109.9,138.7
Buche,30,343,12-09,75.7,80.1,90.2,94.7,98.4,110.2,140.6
Buche,30,344,12-10,77.3,81.8,90.2,94.7,98.5,110.3,140.7
Buche,30,345,12-11,78.1,81.9,90.2,94.7,98.6,110.3,141.4
Buche,30,346,12-12,78.9,82.1,90.2,94.9,99.0,110.8,141.8
Buche,30,347,12-13,79.6,82.3,90.3,95.2,99.4,112.4,143.8
Buche,30,348,12-14,80.0,82.6,90.3,95.5,100.0,114.0,145.6
Buche,30,349,12-15,80.7,83.5,90.5,95.9,100.5,115.0,146.6
Buche,30,350,12-16,81.0,84.3,90.5,96,100.8,115.5,147.0
Buche,30,351,12-17,81.3,85.0,90.8,96.1,100.7,115.4,144.5
Buche,30,352,12-18,82.0,85.8,91.0,96.3,100.9,115.6,142.3
Buche,30,353,12-19,82.3,85.7,90.8,96.3,101.0,115.3,140.1
Buche,30,354,12-20,82.4,85.6,90.6,96.4,101.0,114.0,138.5
Buche,30,355,12-21,82.1,85.6,90.5,96.4,101.1,113.1,136.3
Buche,30,356,12-22,82.3,85.5,90.5,96.5,101.3,112.6,134.4
Buche,30,357,12-23,82.4,85.5,90.5,96.6,101.5,112.7,131.6
Buche,30,358,12-24,82.6,85.6,90.6,96.7,101.6,113.1,129.2
Buche,30,359,12-25,82.4,85.6,90.6,96.8,101.5,113.4,128.6
Buche,30,360,12-26,82.3,85.7,90.7,97,101.3,112.9,128.4
Buche,30,361,12-27,82.2,85.9,90.8,97.1,101.5,112.1,126.8
Buche,30,362,12-28,82.1,86.1,91.0,97.2,101.8,112.5,125.1
Buche,30,363,12-29,82.0,86.3,91.2,97.3,102.2,113.2,124.1
Buche,30,364,12-30,81.6,86.3,91.5,97.6,102.5,114.2,124.3
Buche,30,365,12-31,81.1,86.2,91.5,97.9,102.9,114.6,
Buche,60,1,01-01,66.3,74.2,89.6,101.3,128.6,159.6,162.2
Buche,60,2,01-02,65.9,74.2,89.6,101.1,130.5,159.8,162.4
Buche,60,3,01-03,65.6,74.8,89.6,101,132.4,160.1,162.5
Buche,60,4,01-04,65.1,75.6,89.5,100.8,132.9,160.0,162.5
Buche,60,5,01-05,64.7,76.2,89.5,100.7,133.2,159.9,162.3
Buche,60,6,01-06,64.2,76.7,89.5,100.6,131.8,159.1,161.6
Buche,60,7,01-07,63.7,77.1,89.8,100.5,130.2,156.8,159.2
Buche,60,8,01-08,63.2,77.4,90.1,100.4,128.7,154.4,157.4
Buche,60,9,01-09,62.8,77.7,90.4,100.2,127.2,152.6,155.8
Buche,60,10,01-10,62.3,77.9,90.5,100.1,126.0,151.4,155.9
Buche,60,11,01-11,61.3,78.7,90.8,100.1,125.5,149.8,156.1
Buche,60,12,01-12,60.4,79.4,91.0,100.1,125.0,148.3,156.5
Buche,60,13,01-13,59.6,80.1,91.1,99.7,124.1,147.4,157.0
Buche,60,14,01-14,60.6,80.9,91.1,99.3,123.5,145.9,157.0
Buche,60,15,01-15,61.8,81.7,91.1,98.9,122.6,144.3,157.1
Buche,60,16,01-16,62.9,82.4,91.1,98.5,121.1,142.6,156.9
Buche,60,17,01-17,64.1,83.2,91.1,97.8,117.9,139.8,155.1
Buche,60,18,01-18,65.2,83.9,91.2,97.1,115.6,137.2,153.3
Buche,60,19,01-19,66.5,84.7,91.3,96.4,113.4,134.9,151.1
Buche,60,20,01-20,67.3,85.4,91.3,95.8,111.5,132.5,151.2
Buche,60,21,01-21,68.5,86.1,91.4,95.4,108.8,130.8,151.3
Buche,60,22,01-22,69.7,86.9,91.5,95.1,106.4,130.9,151.4
Buche,60,23,01-23,68.3,87.1,91.5,94.8,103.8,130.9,151.6
Buche,60,24,01-24,66.8,87.1,91.5,94.6,102.1,131.0,151.8
Buche,60,25,01-25,65.4,87.1,91.6,94.4,100.4,131.0,152.1
Buche,60,26,01-26,64.0,87.2,91.6,94.3,100.0,131.8,152.9
Buche,60,27,01-27,62.6,87.4,91.6,94.1,99.9,133.9,155.2
Buche,60,28,01-28,61.1,87.7,91.4,94.1,99.8,136.3,157.3
Buche,60,29,01-29,59.7,88.0,91.3,94,99.8,138.1,159.2
Buche,60,30,01-30,58.3,88.4,91.2,94,99.9,139.4,159.2
Buche,60,31,01-31,60.1,88.3,91.1,94.1,100.9,140.6,158.8
Buche,60,32,02-01,61.9,88.3,90.9,94,102.1,141.2,158.4
Buche,60,33,02-02,63.5,88.3,90.7,94.1,103.0,140.7,156.4
Buche,60,34,02-03,63.2,88.1,90.5,94.2,103.6,139.6,153.8
Buche,60,35,02-04,63.0,87.9,90.3,94.4,104.1,138.6,153.3
Buche,60,36,02-05,62.8,87.8,90.3,94.6,104.6,137.4,153.0
Buche,60,37,02-06,62.6,87.6,90.3,94.9,105.6,138.1,152.3
Buche,60,38,02-07,62.4,87.4,90.4,95.1,106.0,138.4,152.1
Buche,60,39,02-08,62.1,87.3,90.3,95.2,106.2,138.7,152.3
Buche,60,40,02-09,62.3,87.3,90.3,95.3,106.2,139.1,150.2
Buche,60,41,02-10,62.2,87.3,90.3,95.4,105.9,138.8,148.1
Buche,60,42,02-11,61.9,87.3,90.2,95.4,105.5,136.8,146.0
Buche,60,43,02-12,64.4,87.5,90.3,95.5,105.2,134.9,143.9
Buche,60,44,02-13,66.9,87.7,90.4,95.4,105.0,132.9,141.8
Buche,60,45,02-14,69.4,87.9,90.5,95.4,105.0,130.4,139.7
Buche,60,46,02-15,71.9,88.0,90.4,95.3,105.0,128.3,137.5
Buche,60,47,02-16,74.4,88.2,90.2,95.2,104.8,125.6,135.3
Buche,60,48,02-17,77.0,88.1,90.2,95.1,104.6,122.8,132.9
Buche,60,49,02-18,79.6,88.1,90.1,95.1,104.4,120.2,130.6
Buche,60,50,02-19,82.2,88.0,90.3,95.1,104.1,118.4,128.7
Buche,60,51,02-20,81.8,87.9,90.4,95.2,103.4,117.0,129.1
Buche,60,52,02-21,81.4,87.8,90.5,95.6,103.2,116.5,129.5
Buche,60,53,02-22,81.2,87.8,90.7,95.7,103.0,118.9,131.6
Buche,60,54,02-23,81.1,87.7,90.9,95.8,102.9,121.7,134.2
Buche,60,55,02-24,80.7,87.8,91.2,95.9,102.9,124.4,134.9
Buche,60,56,02-25,80.5,88.0,91.3,95.8,105.4,127.2,135.3
Buche,60,57,02-26,80.7,88.2,91.4,95.6,107.5,129.7,137.8
Buche,60,58,02-27,80.9,88.4,91.4,95.6,109.5,131.9,140.0
Buche,60,59,02-28,81.1,88.6,91.4,95.9,110.4,133.7,142.0
Buche,60,60,03-01,81.3,88.6,91.6,96.2,110.9,134.1,143.9
Buche,60,61,03-02,81.5,88.6,91.7,96.5,111.0,133.5,145.6
Buche,60,62,03-03,81.7,88.5,91.8,96.7,111.5,132.9,146.2
Buche,60,63,03-04,82.0,88.4,91.8,96.8,111.6,132.0,145.9
Buche,60,64,03-05,82.4,88.3,91.7,96.8,111.8,131.8,145.5
Buche,60,65,03-06,82.5,88.2,91.6,96.8,111.7,132.4,145.3
Buche,60,66,03-07,82.7,88.0,91.6,96.8,111.6,132.6,145.3
Buche,60,67,03-08,83.1,88.0,91.9,97,111.8,132.8,145.0
Buche,60,68,03-09,83.4,88.0,92.1,97.2,112.3,133.1,147.0
Buche,60,69,03-10,83.8,88.0,92.2,97.3,112.6,133.2,148.5
Buche,60,70,03-11,84.2,88.0,92.2,97.3,112.6,132.5,149.1
Buche,60,71,03-12,84.5,88.0,92.2,97.1,112.1,131.4,147.6
Buche,60,72,03-13,84.8,88.1,92.3,96.8,110.9,130.0,144.9
Buche,60,73,03-14,85.2,88.3,92.3,96.6,110.2,126.9,142.8
Buche,60,74,03-15,85.6,88.5,92.3,96.5,109.7,123.6,142.8
Buche,60,75,03-16,86.0,88.6,92.1,96.3,109.3,120.5,142.7
Buche,60,76,03-17,86.5,88.5,92.0,96.1,106.2,117.3,140.9
Buche,60,77,03-18,86.3,88.5,91.9,96,103.2,114.0,137.7
Buche,60,78,03-19,86.2,88.5,91.8,95.8,100.7,111.0,134.5
Buche,60,79,03-20,86.1,88.5,91.8,95.5,99.7,109.2,133.3
Buche,60,80,03-21,86.1,88.5,91.8,95.1,99.2,110.6,133.2
Buche,60,81,03-22,86.0,88.5,91.7,94.7,98.9,111.6,132.8
Buche,60,82,03-23,85.9,88.6,91.5,94.5,98.6,111.8,132.2
Buche,60,83,03-24,85.8,88.6,91.4,94.4,98.5,111.9,132.0
Buche,60,84,03-25,85.8,88.7,91.3,94.2,98.5,112.1,132.5
Buche,60,85,03-26,86.0,88.7,91.3,94.1,98.5,113.6,134.5
Buche,60,86,03-27,86.3,88.8,91.2,93.9,98.4,113.0,134.7
Buche,60,87,03-28,86.3,88.6,90.9,93.5,98.2,112.2,133.9
Buche,60,88,03-29,86.3,88.6,90.5,93.3,97.6,111.7,130.9
Buche,60,89,03-30,86.4,88.5,90.2,92.9,97.2,111.5,128.6
Buche,60,90,03-31,86.5,88.5,90.0,92.6,97.2,112.4,128.0
Buche,60,91,04-01,86.5,88.5,89.7,92.3,97.2,113.5,127.5
Buche,60,92,04-02,86.5,88.3,89.5,92.1,97.4,114.5,127.9
Buche,60,93,04-03,86.5,88.2,89.2,91.9,97.9,114.7,127.4
Buche,60,94,04-04,86.5,88.0,88.9,91.6,98.1,114.8,124.5
Buche,60,95,04-05,86.3,87.8,88.7,91.5,98.1,114.7,121.6
Buche,60,96,04-06,86.1,87.6,88.4,91.3,98.1,114.6,120.8
Buche,60,97,04-07,86.0,87.4,88.3,91.3,98.0,114.8,121.8
Buche,60,98,04-08,85.6,87.1,88.0,91.2,98.1,116.0,125.0
Buche,60,99,04-09,85.4,86.7,87.8,91.1,98.5,115.7,125.5
Buche,60,100,04-10,85.1,86.2,87.7,91,98.7,113.8,125.9
Buche,60,101,04-11,84.7,85.6,87.6,90.9,98.8,113.4,126.7
Buche,60,102,04-12,84.2,84.9,87.3,90.7,99.0,113.8,128.8
Buche,60,103,04-13,83.7,84.2,87.0,90.5,99.1,114.3,131.3
Buche,60,104,04-14,80.9,81.3,86.8,90.3,98.7,113.6,131.6
Buche,60,105,04-15,80.2,80.6,86.6,90.1,98.7,111.3,128.9
Buche,60,106,04-16,79.5,79.9,86.3,90,98.7,111.0,130.8
Buche,60,107,04-17,78.8,79.2,85.9,89.9,98.8,113.8,134.0
Buche,60,108,04-18,78.1,78.5,85.5,89.8,99.4,116.9,137.1
Buche,60,109,04-19,77.4,77.8,85.1,89.7,100.8,119.7,140.2
Buche,60,110,04-20,76.7,77.0,84.6,89.8,101.4,120.4,142.5
Buche,60,111,04-21,75.9,76.3,84.2,89.6,101.6,121.0,144.7
Buche,60,112,04-22,75.0,75.5,83.7,89.6,101.7,123.1,147.0
Buche,60,113,04-23,74.0,74.7,83.3,89.5,102.6,126.0,149.7
Buche,60,114,04-24,72.5,73.9,82.5,89.3,103.6,128.5,152.3
Buche,60,115,04-25,71.2,73.1,81.8,89.4,103.9,129.8,155.1
Buche,60,116,04-26,70.3,72.3,81.0,89.4,104.2,131.7,157.3
Buche,60,117,04-27,69.4,71.6,80.1,89.3,104.5,134.4,159.3
Buche,60,118,04-28,68.8,70.8,79.3,89.1,104.9,135.3,159.1
Buche,60,119,04-29,68.1,70.1,78.3,88.8,104.5,135.0,158.7
Buche,60,120,04-30,67.4,69.4,77.6,88.5,104.2,135.0,158.6
Buche,60,121,05-01,66.7,68.8,76.5,88.3,103.7,134.9,158.5
Buche,60,122,05-02,66.1,68.2,75.6,88.1,103.2,136.2,157.7
Buche,60,123,05-03,65.6,67.7,75.0,87.9,103.5,136.6,157.3
Buche,60,124,05-04,67.2,69.4,74.1,87.7,103.7,138.7,158.7
Buche,60,125,05-05,66.7,69.0,73.2,87.8,103.7,140.2,161.6
Buche,60,126,05-06,66.1,68.5,72.3,87.8,103.7,143.0,161.5
Buche,60,127,05-07,65.5,68.0,72.0,87.9,103.6,143.1,161.3
Buche,60,128,05-08,64.9,67.4,72.0,87.8,102.8,140.7,159.5
Buche,60,129,05-09,64.3,66.8,72.0,87.6,101.3,137.7,156.6
Buche,60,130,05-10,63.6,66.2,72.1,87.8,101.6,137.0,154.4
Buche,60,131,05-11,62.9,65.5,72.1,88,102.6,136.4,154.1
Buche,60,132,05-12,62.2,64.8,71.9,88,103.2,134.5,153.2
Buche,60,133,05-13,61.7,64.1,71.6,87.9,102.6,132.4,151.0
Buche,60,134,05-14,61.5,63.4,71.7,87.9,101.8,130.7,148.9
Buche,60,135,05-15,61.3,62.6,71.9,87.7,102.2,130.0,146.5
Buche,60,136,05-16,60.7,61.8,72.1,87.7,102.3,129.1,146.5
Buche,60,137,05-17,60.0,61.1,72.2,87.7,102.3,126.3,146.3
Buche,60,138,05-18,59.3,60.4,72.4,87.6,101.8,124.0,145.7
Buche,60,139,05-19,58.1,59.6,72.4,87.5,101.5,123.0,143.6
Buche,60,140,05-20,56.9,58.9,72.0,87.4,101.2,121.6,142.6
Buche,60,141,05-21,55.5,58.1,71.9,87.4,101.3,122.1,141.3
Buche,60,142,05-22,54.2,57.4,71.7,87.5,101.3,122.6,141.9
Buche,60,143,05-23,52.8,56.6,71.2,87.5,100.6,124.4,142.3
Buche,60,144,05-24,51.6,55.9,70.7,87.5,100.4,125.0,142.3
Buche,60,145,05-25,50.4,55.2,70.3,86.9,100.4,126.3,142.3
Buche,60,146,05-26,49.2,54.4,70.0,86.5,101.2,126.1,142.3
Buche,60,147,05-27,48.0,53.7,69.3,86,101.4,124.1,142.5
Buche,60,148,05-28,46.9,52.8,68.2,85.5,101.5,124.1,143.5
Buche,60,149,05-29,45.7,51.9,67.4,85.2,101.5,124.8,144.3
Buche,60,150,05-30,44.7,51.0,66.4,84.3,100.2,124.5,146.1
Buche,60,151,05-31,43.7,50.5,65.6,83.6,99.0,124.9,145.1
Buche,60,152,06-01,42.9,50.1,64.9,83,97.8,125.0,145.8
Buche,60,153,06-02,41.8,49.7,64.3,82.5,96.7,124.7,147.9
Buche,60,154,06-03,40.6,49.3,63.5,81.9,96.8,125.0,149.5
Buche,60,155,06-04,39.4,48.8,62.6,81,96.6,126.5,150.9
Buche,60,156,06-05,38.1,48.3,61.7,80.2,96.1,127.1,149.5
Buche,60,157,06-06,36.7,47.9,60.9,79.8,95.8,127.0,146.7
Buche,60,158,06-07,35.3,47.6,59.9,79.5,95.5,126.8,147.5
Buche,60,159,06-08,34.1,47.2,59.1,79.3,95.3,128.3,150.7
Buche,60,160,06-09,33.0,46.9,58.4,79,95.1,131.5,151.3
Buche,60,161,06-10,31.9,46.5,57.8,78.4,94.9,132.8,152.6
Buche,60,162,06-11,30.9,46.0,57.1,77.5,94.5,132.2,152.3
Buche,60,163,06-12,29.9,45.4,56.4,76.9,94.1,130.6,151.5
Buche,60,164,06-13,28.7,44.6,55.8,76.3,93.5,127.4,148.3
Buche,60,165,06-14,27.5,43.8,55.2,75.9,92.7,123.8,144.7
Buche,60,166,06-15,26.3,42.8,54.5,75.2,90.9,120.4,141.2
Buche,60,167,06-16,25.1,41.8,53.7,74.5,89.5,118.7,137.6
Buche,60,168,06-17,23.9,40.9,52.9,73.7,88.7,116.8,134.7
Buche,60,169,06-18,22.7,40.0,51.8,72.6,87.7,115.1,132.7
Buche,60,170,06-19,21.4,39.1,50.8,71.5,86.9,113.6,129.1
Buche,60,171,06-20,20.5,37.9,49.7,70.2,85.6,110.8,126.5
Buche,60,172,06-21,19.5,36.7,49.1,69.5,84.8,108.5,122.5
Buche,60,173,06-22,18.5,35.6,48.5,68.6,83.9,106.5,118.3
Buche,60,174,06-23,17.6,34.6,47.9,67.6,82.1,104.2,115.2
Buche,60,175,06-24,16.7,33.6,47.3,66.6,80.3,101.0,112.9
Buche,60,176,06-25,16.0,32.7,46.6,65.4,78.9,98.6,110.7
Buche,60,177,06-26,15.3,31.5,45.8,63.7,77.6,97.7,110.4
Buche,60,178,06-27,14.7,30.4,45.1,62.2,76.5,97.1,108.2
Buche,60,179,06-28,14.3,29.2,44.3,60.9,75.0,94.7,106.1
Buche,60,180,06-29,14.0,28.1,43.6,59.5,73.8,90.7,104.2
Buche,60,181,06-30,13.8,27.0,42.9,58.3,72.7,86.5,102.0
Buche,60,182,07-01,13.7,25.9,42.3,57.2,71.5,82.7,99.4
Buche,60,183,07-02,13.5,25.3,41.8,55.8,70.3,79.7,97.1
Buche,60,184,07-03,13.3,25.0,41.3,54.8,69.2,79.3,97.2
Buche,60,185,07-04,13.9,24.7,40.8,53.7,68.5,79.8,97.6
Buche,60,186,07-05,14.5,24.9,40.3,52.7,68.0,79.9,98.1
Buche,60,187,07-06,15.0,24.9,39.8,51.7,67.5,79.8,98.5
Buche,60,188,07-07,15.4,24.9,39.3,51,67.0,79.7,98.9
Buche,60,189,07-08,15.7,24.9,38.9,50.4,66.5,79.5,99.1
Buche,60,190,07-09,15.9,24.9,38.3,49.7,66.0,79.6,99.1
Buche,60,191,07-10,15.8,24.6,37.6,49,65.5,79.5,102.5
Buche,60,192,07-11,15.8,24.3,36.6,47.9,65.0,79.3,106.1
Buche,60,193,07-12,15.8,23.8,35.4,46.8,64.5,79.0,107.7
Buche,60,194,07-13,15.9,23.3,34.3,46.1,64.5,79.4,108.5
Buche,60,195,07-14,15.9,22.8,33.3,45.7,64.5,79.6,109.1
Buche,60,196,07-15,16.1,22.6,32.3,45.4,64.4,79.4,109.7
Buche,60,197,07-16,16.5,22.4,31.6,45.2,64.4,78.9,109.3
Buche,60,198,07-17,16.4,22.2,31.0,44.9,64.2,79.2,107.6
Buche,60,199,07-18,16.3,22.0,30.2,45.2,64.5,79.5,105.9
Buche,60,200,07-19,16.1,21.8,29.4,45.6,65.3,79.9,104.5
Buche,60,201,07-20,15.9,21.7,28.6,45.9,65.9,80.3,103.3
Buche,60,202,07-21,15.7,21.6,27.8,46.3,66.5,81.0,102.4
Buche,60,203,07-22,15.5,21.1,27.0,46.8,67.6,81.6,101.4
Buche,60,204,07-23,15.3,20.4,26.1,46.9,68.0,81.1,100.5
Buche,60,205,07-24,14.4,19.7,25.3,47.8,68.5,80.2,100.6
Buche,60,206,07-25,13.4,18.6,24.5,47.9,68.9,80.7,102.0
Buche,60,207,07-26,12.6,17.7,24.0,48.9,69.4,81.1,101.9
Buche,60,208,07-27,12.0,17.0,23.5,49.5,70.1,81.6,105.3
Buche,60,209,07-28,11.5,16.4,23.1,50.2,70.7,81.9,108.7
Buche,60,210,07-29,11.0,15.8,22.6,50.5,71.3,82.3,109.8
Buche,60,211,07-30,10.6,15.2,22.8,50.7,71.8,82.5,107.0
Buche,60,212,07-31,10.1,14.7,22.8,50.9,72.3,82.7,103.7
Buche,60,213,08-01,9.7,14.2,22.8,51,73.0,83.5,102.6
Buche,60,214,08-02,9.3,13.7,22.8,51.5,73.1,83.2,101.8
Buche,60,215,08-03,8.8,13.2,22.7,51.9,73.3,83.2,100.8
Buche,60,216,08-04,8.3,12.4,22.6,52.2,73.3,83.4,100.0
Buche,60,217,08-05,7.5,11.8,22.3,52.2,73.4,83.8,99.6
Buche,60,218,08-06,7.2,11.5,21.8,52.6,73.3,83.6,101.5
Buche,60,219,08-07,7.0,11.3,21.5,52.3,73.3,83.5,101.4
Buche,60,220,08-08,7.1,11.0,21.1,51.9,72.4,83.3,100.6
Buche,60,221,08-09,7.1,10.8,21.3,52.2,72.4,83.0,100.1
Buche,60,222,08-10,7.2,10.6,21.4,52.5,72.5,82.5,100.2
Buche,60,223,08-11,7.2,10.4,22.6,53.2,72.1,83.1,100.7
Buche,60,224,08-12,7.2,10.2,22.7,53.7,72.5,83.6,101.1
Buche,60,225,08-13,7.1,10.1,22.7,53.7,72.1,83.5,100.1
Buche,60,226,08-14,7.2,10.0,23.5,54.2,71.5,82.7,97.7
Buche,60,227,08-15,7.4,10.1,24.0,54.1,71.1,82.0,96.6
Buche,60,228,08-16,7.5,10.2,24.7,53.9,70.4,81.1,92.0
Buche,60,229,08-17,7.5,10.7,25.8,54,69.8,80.9,88.2
Buche,60,230,08-18,7.6,11.6,27.0,54.6,69.3,80.0,87.3
Buche,60,231,08-19,7.6,12.1,26.8,55.2,69.1,80.1,87.5
Buche,60,232,08-20,7.6,12.9,27.8,56,68.7,80.5,87.7
Buche,60,233,08-21,7.6,14.0,28.9,57.2,68.7,80.2,87.6
Buche,60,234,08-22,7.5,15.0,30.1,58.5,69.2,80.2,87.9
Buche,60,235,08-23,7.4,16.0,31.4,59.7,70.3,81.1,88.6
Buche,60,236,08-24,7.4,16.9,32.8,60.7,71.2,81.6,88.9
Buche,60,237,08-25,7.4,17.6,34.1,61.5,72.0,81.8,89.1
Buche,60,238,08-26,7.5,17.9,35.7,61.9,72.7,81.9,87.2
Buche,60,239,08-27,7.5,18.2,37.5,62,73.2,81.8,86.9
Buche,60,240,08-28,7.1,18.4,39.2,62.3,73.7,81.9,86.9
Buche,60,241,08-29,6.8,18.6,40.1,62,73.6,82.2,87.0
Buche,60,242,08-30,6.5,18.7,41.0,61.8,73.4,82.9,87.1
Buche,60,243,08-31,6.2,19.0,40.7,61.1,73.1,82.7,86.9
Buche,60,244,09-01,6.0,19.5,41.3,60.7,72.3,82.5,86.7
Buche,60,245,09-02,5.8,20.4,42.1,60.4,72.1,82.3,86.6
Buche,60,246,09-03,5.4,21.1,42.2,60,72.1,82.2,86.4
Buche,60,247,09-04,4.9,21.6,42.4,59.6,72.0,82.1,87.5
Buche,60,248,09-05,4.5,21.8,42.2,59.5,72.0,82.0,88.1
Buche,60,249,09-06,4.1,21.8,41.8,59.1,72.1,81.6,87.6
Buche,60,250,09-07,3.8,21.4,41.6,58.8,72.1,81.2,86.6
Buche,60,251,09-08,3.6,21.6,42.1,58.7,71.8,80.4,85.0
Buche,60,252,09-09,3.4,21.6,41.6,58.5,71.8,79.6,84.0
Buche,60,253,09-10,3.3,21.2,40.8,58.1,71.5,79.0,83.0
Buche,60,254,09-11,3.3,20.8,40.2,57,70.5,78.2,81.4
Buche,60,255,09-12,3.2,21.1,39.9,56,69.0,76.6,79.9
Buche,60,256,09-13,3.1,21.6,39.8,55.3,67.5,75.6,79.1
Buche,60,257,09-14,3.1,22.1,39.5,54.9,66.3,74.9,78.4
Buche,60,258,09-15,3.0,22.6,38.8,54.6,65.5,74.4,78.3
Buche,60,259,09-16,2.9,23.2,38.0,54.4,64.8,73.8,78.3
Buche,60,260,09-17,2.8,23.7,37.0,54.2,64.0,73.5,78.2
Buche,60,261,09-18,2.7,24.1,36.2,53.9,63.2,73.1,78.0
Buche,60,262,09-19,2.6,24.4,36.8,53.8,62.9,72.2,77.4
Buche,60,263,09-20,2.5,24.4,37.4,53.6,62.7,71.4,76.6
Buche,60,264,09-21,2.5,24.3,38.2,53.4,62.5,70.7,76.0
Buche,60,265,09-22,2.4,23.8,38.8,53.3,62.4,70.1,75.5
Buche,60,266,09-23,2.3,23.4,39.3,53.3,62.4,69.8,75.5
Buche,60,267,09-24,2.2,23.0,39.8,53.6,62.2,69.6,74.1
Buche,60,268,09-25,2.1,22.6,40.3,53.8,61.9,69.4,73.4
Buche,60,269,09-26,2.0,22.3,40.8,54,61.6,69.3,73.2
Buche,60,270,09-27,1.8,21.9,41.3,54.3,61.6,69.2,73.1
Buche,60,271,09-28,1.7,21.4,41.9,54.4,61.7,69.4,73.2
Buche,60,272,09-29,1.5,20.9,42.5,54.5,62.0,70.2,73.8
Buche,60,273,09-30,1.4,20.4,43.3,54.6,62.2,71.9,77.2
Buche,60,274,10-01,1.3,20.0,44.1,55,62.5,73.5,81.0
Buche,60,275,10-02,1.1,18.9,44.5,55.3,63.0,74.6,83.0
Buche,60,276,10-03,1.0,17.8,44.7,55.5,63.5,75.3,83.9
Buche,60,277,10-04,1.1,16.8,45.3,55.9,64.0,75.8,84.7
Buche,60,278,10-05,1.2,16.0,46.0,56.3,64.5,76.1,84.9
Buche,60,279,10-06,1.5,15.1,46.8,56.7,65.4,76.8,85.4
Buche,60,280,10-07,1.8,14.3,47.9,57.2,66.3,77.1,85.5
Buche,60,281,10-08,2.1,13.7,49.0,57.6,67.2,77.2,85.4
Buche,60,282,10-09,2.5,13.3,49.0,57.9,67.6,77.3,85.4
Buche,60,283,10-10,2.9,12.9,49.0,58.3,68.1,77.3,85.4
Buche,60,284,10-11,3.4,12.7,49.1,58.6,68.6,77.3,85.5
Buche,60,285,10-12,3.9,12.6,49.2,59,69.0,77.5,85.6
Buche,60,286,10-13,4.4,12.5,49.4,59.4,69.3,77.6,85.5
Buche,60,287,10-14,4.9,13.0,48.5,59.7,69.7,77.8,85.5
Buche,60,288,10-15,5.4,13.7,47.9,60,70.2,78.1,85.8
Buche,60,289,10-16,5.9,14.3,47.2,60.4,70.6,78.4,86.0
Buche,60,290,10-17,6.5,16.0,47.6,60.9,70.8,78.7,86.1
Buche,60,291,10-18,7.0,17.4,48.0,61.4,71.0,78.9,86.9
Buche,60,292,10-19,7.9,18.6,48.4,61.9,71.0,78.4,86.7
Buche,60,293,10-20,8.7,19.6,48.7,62.5,71.2,77.1,84.2
Buche,60,294,10-21,9.6,20.7,48.8,62.8,71.6,76.4,83.0
Buche,60,295,10-22,10.4,21.8,48.8,63.2,72.1,76.6,83.4
Buche,60,296,10-23,11.2,22.9,49.1,63.7,72.7,76.9,84.2
Buche,60,297,10-24,11.9,23.8,49.4,64,73.5,77.6,85.0
Buche,60,298,10-25,12.5,24.7,49.8,64.5,74.2,78.5,86.0
Buche,60,299,10-26,13.0,25.9,49.8,64.9,74.8,79.3,88.9
Buche,60,300,10-27,13.4,27.2,49.8,65.8,75.4,80.0,92.2
Buche,60,301,10-28,13.8,28.4,49.7,66.5,76.0,80.9,94.9
Buche,60,302,10-29,14.3,29.6,49.6,67.3,76.6,82.3,96.5
Buche,60,303,10-30,14.7,30.8,49.5,67.9,77.3,83.1,97.6
Buche,60,304,10-31,15.1,31.8,50.0,68.6,78.3,84.8,99.1
Buche,60,305,11-01,15.5,32.8,49.9,69.2,79.2,87.6,102.1
Buche,60,306,11-02,15.9,34.3,49.7,69.6,80.5,91.1,106.6
Buche,60,307,11-03,16.3,35.6,51.7,70.6,81.6,95.0,110.9
Buche,60,308,11-04,16.6,36.6,52.7,71.6,82.7,97.0,113.7
Buche,60,309,11-05,17.0,37.7,53.7,72.6,83.8,98.6,115.5
Buche,60,310,11-06,17.3,37.6,53.6,73.5,84.9,99.8,117.0
Buche,60,311,11-07,17.7,38.4,54.2,74.3,86.2,100.9,118.7
Buche,60,312,11-08,17.7,39.9,54.9,75.2,87.3,101.9,120.3
Buche,60,313,11-09,17.8,41.5,56.2,76.1,88.2,102.8,122.0
Buche,60,314,11-10,20.1,43.1,57.8,77.1,88.9,103.3,122.0
Buche,60,315,11-11,21.5,43.8,58.9,78,89.4,103.5,122.0
Buche,60,316,11-12,22.8,44.5,59.8,78.8,89.9,103.8,122.2
Buche,60,317,11-13,24.2,45.1,60.9,79.6,90.2,104.0,122.5
Buche,60,318,11-14,25.6,45.8,62.0,80.6,90.6,104.5,122.9
Buche,60,319,11-15,26.9,46.2,63.6,81.5,90.9,105.0,121.5
Buche,60,320,11-16,29.7,48.4,65.4,82.1,91.3,105.6,119.6
Buche,60,321,11-17,32.7,50.6,67.2,82.8,91.5,106.2,118.4
Buche,60,322,11-18,34.4,51.4,68.8,83.4,91.8,106.3,118.9
Buche,60,323,11-19,36.1,52.2,70.2,84.2,92.2,106.9,120.1
Buche,60,324,11-20,37.6,53.0,71.2,84.9,92.5,107.4,121.0
Buche,60,325,11-21,39.5,55.2,73.1,85.6,93.0,107.0,120.6
Buche,60,326,11-22,41.3,56.9,74.9,86.4,93.0,106.1,118.6
Buche,60,327,11-23,43.2,58.1,75.6,86.6,93.2,104.0,116.6
Buche,60,328,11-24,45.1,59.7,77.2,86.7,93.5,103.8,116.0
Buche,60,329,11-25,47.0,60.3,78.5,86.8,93.7,104.3,118.2
Buche,60,330,11-26,49.1,60.9,79.7,86.9,94.0,106.1,120.1
Buche,60,331,11-27,51.2,61.2,80.2,87.1,94.9,107.5,122.5
Buche,60,332,11-28,53.3,61.1,80.9,87.3,95.4,108.9,125.0
Buche,60,333,11-29,56.2,61.7,81.0,87.4,95.9,110.6,127.4
Buche,60,334,11-30,56.9,62.4,81.0,87.4,96.4,113.9,129.9
Buche,60,335,12-01,58.5,64.0,81.6,87.6,97.1,117.2,132.5
Buche,60,336,12-02,60.0,65.6,82.0,87.8,97.7,120.5,135.1
Buche,60,337,12-03,61.6,67.2,82.3,88.1,98.1,123.5,137.5
Buche,60,338,12-04,63.1,68.7,82.5,88.2,98.3,125.7,139.7
Buche,60,339,12-05,64.6,70.2,82.6,88.3,99.7,127.8,141.4
Buche,60,340,12-06,64.6,69.9,82.5,88.5,100.3,130.4,144.1
Buche,60,341,12-07,64.5,69.6,82.5,88.6,101.1,133.2,146.9
Buche,60,342,12-08,65.5,70.6,82.8,88.7,101.6,135.9,149.3
Buche,60,343,12-09,66.6,71.7,83.3,89,101.7,138.4,151.5
Buche,60,344,12-10,67.8,72.9,83.6,89.2,101.6,139.1,153.6
Buche,60,345,12-11,68.8,72.9,83.7,89.4,101.6,140.8,155.6
Buche,60,346,12-12,69.8,73.2,83.8,89.7,102.1,142.8,157.8
Buche,60,347,12-13,70.8,73.6,84.1,89.8,103.9,145.4,160.1
Buche,60,348,12-14,71.7,73.9,84.3,90.2,105.6,148.1,162.6
Buche,60,349,12-15,72.6,75.2,84.7,90.7,106.8,150.6,163.3
Buche,60,350,12-16,73.4,76.2,85.2,91,107.6,151.8,164.6
Buche,60,351,12-17,74.1,76.9,85.6,91.4,107.3,152.2,164.6
Buche,60,352,12-18,74.9,78.1,85.9,91.9,107.7,152.1,164.6
Buche,60,353,12-19,74.8,78.3,86.0,92.3,107.6,151.7,164.4
Buche,60,354,12-20,74.7,78.4,86.1,92.6,107.4,149.5,163.8
Buche,60,355,12-21,74.7,78.3,86.2,92.8,107.3,147.2,163.3
Buche,60,356,12-22,74.6,78.4,86.4,93,107.6,146.5,163.2
Buche,60,357,12-23,74.5,78.5,86.5,93.3,108.2,146.1,163.4
Buche,60,358,12-24,74.4,78.7,86.7,93.4,108.8,145.8,163.8
Buche,60,359,12-25,74.4,78.9,87.0,93.6,108.0,145.5,164.6
Buche,60,360,12-26,74.4,79.3,87.2,93.7,108.0,144.6,164.6
Buche,60,361,12-27,74.5,79.7,87.3,93.8,108.1,143.2,164.5
Buche,60,362,12-28,74.6,80.2,87.4,94,108.6,142.1,164.4
Buche,60,363,12-29,74.8,80.8,87.5,94.3,109.6,141.4,164.3
Buche,60,364,12-30,74.9,81.4,87.7,94.5,110.8,142.4,164.2
Buche,60,365,12-31,74.9,81.7,87.8,94.7,112.2,141.0,
Fichte,15,1,01-01,80.3,84.4,95.3,99.6,104.2,107.2,109.2
Fichte,15,2,01-02,80.6,84.8,95.2,99.5,104.2,107.2,109.2
Fichte,15,3,01-03,81.3,85.2,95.1,99.5,104.1,107.2,109.4
Fichte,15,4,01-04,81.7,85.5,95.0,99.5,104.0,107.1,109.5
Fichte,15,5,01-05,81.9,85.8,95.1,99.4,103.9,107.1,109.5
Fichte,15,6,01-06,82.1,86.0,95.1,99.3,103.8,107.0,109.5
Fichte,15,7,01-07,82.2,86.2,95.1,99.3,103.7,107.0,109.5
Fichte,15,8,01-08,82.3,86.4,95.2,99.3,103.7,106.9,109.4
Fichte,15,9,01-09,82.4,86.5,95.2,99.3,103.6,106.9,109.3
Fichte,15,10,01-10,82.5,86.6,95.3,99.3,103.6,106.9,109.5
Fichte,15,11,01-11,83.0,86.9,95.3,99.3,103.5,106.9,109.6
Fichte,15,12,01-12,83.4,87.2,95.4,99.4,103.5,107.0,109.8
Fichte,15,13,01-13,83.8,87.4,95.4,99.4,103.6,107.1,109.8
Fichte,15,14,01-14,84.0,87.6,95.4,99.4,103.7,107.0,109.8
Fichte,15,15,01-15,84.2,87.9,95.4,99.3,103.7,106.9,109.8
Fichte,15,16,01-16,84.5,88.2,95.4,99.3,103.6,106.9,109.7
Fichte,15,17,01-17,84.9,88.7,95.4,99.2,103.6,106.8,109.6
Fichte,15,18,01-18,85.1,89.0,95.4,99.1,103.7,106.7,109.5
Fichte,15,19,01-19,85.4,89.2,95.4,99.1,103.6,106.8,109.5
Fichte,15,20,01-20,85.6,89.4,95.4,99.1,103.6,107.0,109.5
Fichte,15,21,01-21,86.0,89.6,95.5,99,103.6,107.1,109.6
Fichte,15,22,01-22,86.3,89.8,95.5,99.1,103.6,107.2,109.5
Fichte,15,23,01-23,86.3,90.0,95.6,99.1,103.7,107.3,109.7
Fichte,15,24,01-24,86.7,90.3,95.7,99.1,103.7,107.4,109.6
Fichte,15,25,01-25,87.2,90.6,95.7,99.1,103.8,107.4,109.6
Fichte,15,26,01-26,87.7,90.8,95.7,99.1,103.9,107.4,109.7
Fichte,15,27,01-27,88.1,91.1,95.7,99.2,104.0,107.4,109.8
Fichte,15,28,01-28,88.4,91.3,95.7,99.2,103.9,107.6,109.8
Fichte,15,29,01-29,88.6,91.4,95.7,99.2,103.9,107.7,109.9
Fichte,15,30,01-30,88.7,91.6,95.7,99.2,103.9,107.7,109.7
Fichte,15,31,01-31,88.9,91.7,95.7,99.2,103.9,107.7,109.6
Fichte,15,32,02-01,89.0,91.8,95.7,99.2,103.9,107.7,109.5
Fichte,15,33,02-02,89.1,92.0,95.7,99.1,103.8,107.7,109.4
Fichte,15,34,02-03,89.2,92.1,95.7,99,103.7,107.7,109.3
Fichte,15,35,02-04,89.3,92.2,95.7,98.9,103.7,107.7,109.3
Fichte,15,36,02-05,89.3,92.2,95.7,98.9,103.6,107.7,109.2
Fichte,15,37,02-06,89.3,92.1,95.7,98.8,103.6,107.7,109.2
Fichte,15,38,02-07,89.3,92.1,95.7,98.8,103.5,107.7,109.0
Fichte,15,39,02-08,89.3,92.2,95.7,98.8,103.4,107.5,108.8
Fichte,15,40,02-09,89.3,92.3,95.7,98.8,103.2,107.3,108.6
Fichte,15,41,02-10,89.1,92.2,95.7,98.8,103.0,107.1,108.3
Fichte,15,42,02-11,88.9,92.1,95.7,98.7,102.9,106.9,108.1
Fichte,15,43,02-12,88.7,92.0,95.7,98.7,102.8,106.8,107.7
Fichte,15,44,02-13,88.3,91.8,95.7,98.7,102.6,106.6,107.5
Fichte,15,45,02-14,87.9,91.6,95.6,98.7,102.5,106.5,107.3
Fichte,15,46,02-15,87.5,91.4,95.6,98.7,102.4,106.5,107.0
Fichte,15,47,02-16,87.2,91.2,95.5,98.7,102.3,106.4,106.8
Fichte,15,48,02-17,87.1,91.1,95.5,98.6,102.3,106.3,106.7
Fichte,15,49,02-18,87.0,91.0,95.4,98.6,102.3,106.1,106.7
Fichte,15,50,02-19,87.0,90.9,95.3,98.6,102.3,106.0,106.7
Fichte,15,51,02-20,87.1,91.0,95.3,98.6,102.4,105.9,106.7
Fichte,15,52,02-21,87.3,91.0,95.2,98.5,102.4,105.8,106.8
Fichte,15,53,02-22,87.5,91.0,95.1,98.5,102.4,105.7,106.8
Fichte,15,54,02-23,87.7,91.1,95.0,98.5,102.4,105.7,106.9
Fichte,15,55,02-24,87.8,91.1,95.0,98.6,102.3,105.6,106.9
Fichte,15,56,02-25,88.0,91.2,94.9,98.7,102.3,105.7,107.0
Fichte,15,57,02-26,88.2,91.3,94.8,98.8,102.4,105.7,107.1
Fichte,15,58,02-27,88.3,91.3,94.8,98.8,102.3,105.8,107.2
Fichte,15,59,02-28,88.4,91.3,94.8,98.8,102.3,105.8,107.3
Fichte,15,60,03-01,88.5,91.2,94.7,98.8,102.3,105.8,107.3
Fichte,15,61,03-02,88.6,91.1,94.6,98.8,102.3,105.8,107.3
Fichte,15,62,03-03,88.6,91.0,94.5,98.8,102.2,105.8,107.4
Fichte,15,63,03-04,88.7,90.8,94.3,98.9,102.2,105.7,107.4
Fichte,15,64,03-05,88.6,90.6,94.3,98.9,102.2,105.6,107.4
Fichte,15,65,03-06,88.6,90.4,94.2,98.9,102.1,105.5,107.5
Fichte,15,66,03-07,88.5,90.2,94.2,98.8,102.0,105.4,107.5
Fichte,15,67,03-08,88.3,90.0,94.1,98.7,102.0,105.4,107.4
Fichte,15,68,03-09,88.0,89.8,94.0,98.6,101.9,105.4,107.4
Fichte,15,69,03-10,87.7,89.7,93.9,98.5,101.9,105.5,107.4
Fichte,15,70,03-11,87.2,89.5,93.8,98.3,101.8,105.6,107.3
Fichte,15,71,03-12,86.4,89.1,93.6,98.2,101.7,105.6,107.2
Fichte,15,72,03-13,85.9,88.8,93.3,98,101.6,105.6,107.1
Fichte,15,73,03-14,85.7,88.6,93.1,97.8,101.5,105.6,107.0
Fichte,15,74,03-15,85.4,88.3,92.9,97.6,101.3,105.6,106.9
Fichte,15,75,03-16,85.2,88.0,92.7,97.3,101.0,105.5,106.8
Fichte,15,76,03-17,84.8,87.7,92.5,97,100.7,105.3,106.6
Fichte,15,77,03-18,84.5,87.3,92.3,96.6,100.3,105.1,106.5
Fichte,15,78,03-19,84.1,87.0,92.0,96.3,99.9,104.9,106.5
Fichte,15,79,03-20,83.7,86.6,91.6,95.9,99.6,104.8,106.5
Fichte,15,80,03-21,83.2,86.2,91.3,95.6,99.3,104.6,106.6
Fichte,15,81,03-22,82.6,85.9,90.9,95.2,99.0,104.4,106.7
Fichte,15,82,03-23,82.0,85.5,90.5,94.9,98.7,104.2,106.8
Fichte,15,83,03-24,81.4,85.2,90.0,94.7,98.4,103.9,106.8
Fichte,15,84,03-25,80.9,84.7,89.4,94.4,98.1,103.8,106.9
Fichte,15,85,03-26,80.4,84.3,88.8,94,98.0,103.9,106.9
Fichte,15,86,03-27,79.9,83.8,88.2,93.7,97.8,103.9,107.0
Fichte,15,87,03-28,79.4,83.3,87.7,93.4,97.6,103.7,107.1
Fichte,15,88,03-29,79.0,82.7,87.2,93,97.4,103.4,107.1
Fichte,15,89,03-30,78.5,82.1,86.7,92.7,97.1,103.3,107.1
Fichte,15,90,03-31,78.1,81.5,86.1,92.3,96.9,103.1,107.1
Fichte,15,91,04-01,77.6,80.8,85.7,91.9,96.6,102.9,107.1
Fichte,15,92,04-02,76.9,80.0,85.2,91.6,96.4,102.7,107.2
Fichte,15,93,04-03,75.8,79.1,84.7,91.3,96.2,102.4,107.2
Fichte,15,94,04-04,74.7,78.1,84.0,91,96.0,102.1,107.3
Fichte,15,95,04-05,73.5,77.1,83.3,90.8,95.8,101.8,107.2
Fichte,15,96,04-06,72.4,76.0,82.6,90.5,95.7,101.7,107.1
Fichte,15,97,04-07,71.3,74.9,81.9,90.3,95.7,101.6,107.1
Fichte,15,98,04-08,70.3,74.1,81.1,90.1,95.7,101.4,106.7
Fichte,15,99,04-09,69.3,73.3,80.2,89.8,95.6,101.1,106.4
Fichte,15,100,04-10,68.4,72.6,79.6,89.6,95.5,101.8,106.7
Fichte,15,101,04-11,67.4,71.8,79.0,89.4,95.3,102.2,107.2
Fichte,15,102,04-12,66.5,71.0,78.6,89,95.2,102.6,107.5
Fichte,15,103,04-13,65.6,70.3,78.2,88.5,95.0,103.0,107.8
Fichte,15,104,04-14,65.0,69.8,77.7,88.1,94.9,103.3,108.1
Fichte,15,105,04-15,64.3,69.3,77.3,87.7,94.6,103.3,108.4
Fichte,15,106,04-16,63.6,68.7,76.9,87.4,94.4,103.3,108.6
Fichte,15,107,04-17,62.9,68.1,76.7,87.2,94.3,103.3,108.8
Fichte,15,108,04-18,62.2,67.5,76.4,87.2,94.5,103.4,109.0
Fichte,15,109,04-19,61.6,66.8,76.2,87.2,94.6,103.3,109.5
Fichte,15,110,04-20,61.0,66.1,76.0,87.2,94.7,103.2,109.7
Fichte,15,111,04-21,60.4,65.4,75.9,87.2,94.8,103.5,109.9
Fichte,15,112,04-22,59.7,64.7,76.1,87.1,94.8,103.8,110.1
Fichte,15,113,04-23,59.1,64.1,76.4,87.1,94.9,104.2,110.4
Fichte,15,114,04-24,58.6,63.4,76.7,87.2,94.9,104.4,110.7
Fichte,15,115,04-25,58.1,62.9,77.1,87.3,95.0,104.6,111.0
Fichte,15,116,04-26,57.6,62.8,77.5,87.5,95.1,105.0,111.3
Fichte,15,117,04-27,56.9,62.8,77.8,87.7,95.6,105.2,111.8
Fichte,15,118,04-28,56.1,62.5,78.2,87.9,95.9,105.5,112.8
Fichte,15,119,04-29,55.2,62.1,78.7,88.2,96.2,105.8,113.5
Fichte,15,120,04-30,54.4,61.6,78.9,88.4,96.5,105.1,113.7
Fichte,15,121,05-01,53.6,61.1,79.1,88.7,96.8,104.6,113.8
Fichte,15,122,05-02,52.9,60.8,79.3,89.1,97.2,104.5,113.8
Fichte,15,123,05-03,52.1,60.4,79.7,89.5,97.6,104.3,113.9
Fichte,15,124,05-04,51.3,59.8,80.2,89.9,97.9,104.2,113.9
Fichte,15,125,05-05,51.0,59.4,80.6,90.5,98.3,104.4,113.9
Fichte,15,126,05-06,50.7,59.1,80.8,90.8,98.8,104.5,113.9
Fichte,15,127,05-07,50.3,59.7,81.0,91.1,99.2,104.7,114.0
Fichte,15,128,05-08,50.0,60.4,81.3,91.2,99.2,104.7,114.0
Fichte,15,129,05-09,49.7,60.5,81.7,91.3,99.2,104.8,113.7
Fichte,15,130,05-10,49.3,60.7,82.1,91.6,99.2,104.9,113.4
Fichte,15,131,05-11,49.0,60.8,82.5,91.9,99.3,104.9,113.4
Fichte,15,132,05-12,48.7,60.9,82.6,92.2,99.6,104.8,113.3
Fichte,15,133,05-13,48.5,61.0,82.5,92.5,99.7,104.7,112.9
Fichte,15,134,05-14,48.3,61.0,82.4,92.7,99.8,104.7,112.6
Fichte,15,135,05-15,48.0,60.8,82.4,92.8,99.9,104.8,112.3
Fichte,15,136,05-16,48.0,60.4,82.4,92.9,100.0,104.5,111.9
Fichte,15,137,05-17,48.2,60.3,82.3,92.9,99.8,104.2,111.6
Fichte,15,138,05-18,48.5,60.1,82.2,93.1,99.6,104.0,110.9
Fichte,15,139,05-19,48.9,59.9,82.0,93.3,99.5,103.8,110.2
Fichte,15,140,05-20,49.3,59.7,81.9,93.6,99.4,103.7,109.4
Fichte,15,141,05-21,49.7,59.6,81.7,93.7,99.5,104.2,109.4
Fichte,15,142,05-22,50.1,59.2,81.5,93.8,99.4,104.6,109.9
Fichte,15,143,05-23,50.6,59.1,81.1,93.8,99.4,104.9,109.9
Fichte,15,144,05-24,51.0,59.6,80.7,93.7,99.2,105.2,109.7
Fichte,15,145,05-25,51.5,60.0,81.0,93.6,98.9,105.1,109.4
Fichte,15,146,05-26,52.1,60.3,81.2,93.4,98.7,105.0,109.1
Fichte,15,147,05-27,52.7,59.7,81.2,93.2,98.4,104.7,108.7
Fichte,15,148,05-28,53.5,59.4,81.1,93.1,98.1,104.7,108.6
Fichte,15,149,05-29,54.2,59.7,81.0,93,97.9,104.6,108.5
Fichte,15,150,05-30,55.0,60.1,80.7,92.7,97.8,104.6,108.4
Fichte,15,151,05-31,55.9,60.5,80.4,92.5,97.6,104.7,108.5
Fichte,15,152,06-01,56.8,61.0,80.2,92.4,97.4,104.6,108.6
Fichte,15,153,06-02,57.6,61.5,80.1,92.3,97.4,104.7,108.7
Fichte,15,154,06-03,58.5,62.2,79.8,92.1,97.4,104.7,108.8
Fichte,15,155,06-04,59.2,63.2,79.7,92.1,97.4,104.6,108.9
Fichte,15,156,06-05,59.9,64.0,79.6,92.1,97.2,104.4,109.1
Fichte,15,157,06-06,60.6,64.5,79.6,92,97.1,104.4,108.9
Fichte,15,158,06-07,61.2,64.9,79.5,91.9,97.0,104.3,108.8
Fichte,15,159,06-08,61.8,65.4,79.5,91.6,96.9,104.5,109.1
Fichte,15,160,06-09,62.4,65.9,79.5,91.3,96.7,104.6,109.5
Fichte,15,161,06-10,62.9,66.4,79.4,91.1,96.6,104.3,108.8
Fichte,15,162,06-11,63.5,66.8,79.2,90.9,96.5,103.6,107.7
Fichte,15,163,06-12,63.8,66.9,78.9,90.8,96.5,103.2,107.3
Fichte,15,164,06-13,63.8,66.3,78.6,90.7,96.6,103.0,107.3
Fichte,15,165,06-14,63.1,65.7,77.9,90.8,96.7,102.8,107.2
Fichte,15,166,06-15,62.2,64.9,77.3,90.9,96.8,102.8,107.0
Fichte,15,167,06-16,61.3,64.0,76.6,90.9,96.8,102.8,106.9
Fichte,15,168,06-17,60.2,62.9,75.9,91,96.7,102.6,106.5
Fichte,15,169,06-18,59.2,61.6,74.9,90.9,96.6,102.3,106.0
Fichte,15,170,06-19,58.1,60.8,74.4,90.8,96.4,102.1,105.6
Fichte,15,171,06-20,56.8,60.4,74.2,90.9,96.2,101.4,105.2
Fichte,15,172,06-21,55.3,60.2,74.2,90.8,96.1,100.9,104.8
Fichte,15,173,06-22,53.8,59.9,74.2,90.6,95.7,100.3,104.6
Fichte,15,174,06-23,52.2,59.6,74.2,90.5,95.2,100.1,104.4
Fichte,15,175,06-24,50.9,58.9,73.9,90,95.0,100.0,104.1
Fichte,15,176,06-25,49.2,58.4,73.6,89.5,94.7,100.0,103.8
Fichte,15,177,06-26,47.3,57.7,73.2,89.1,94.4,99.9,103.5
Fichte,15,178,06-27,45.5,56.9,73.0,88.7,94.0,99.8,103.4
Fichte,15,179,06-28,44.0,56.0,72.8,88.4,93.8,99.5,103.4
Fichte,15,180,06-29,42.7,55.2,72.8,87.9,93.5,99.5,103.5
Fichte,15,181,06-30,41.4,54.4,72.7,87.4,93.1,99.3,103.4
Fichte,15,182,07-01,40.1,54.3,72.7,86.6,92.6,99.1,103.4
Fichte,15,183,07-02,38.8,54.1,72.8,86,92.0,98.7,103.3
Fichte,15,184,07-03,37.5,53.9,72.9,85.6,91.8,98.7,103.1
Fichte,15,185,07-04,37.1,53.7,72.6,85.1,91.8,98.5,102.9
Fichte,15,186,07-05,36.9,53.9,72.3,84.5,91.5,98.3,102.9
Fichte,15,187,07-06,36.7,54.1,72.0,83.9,91.4,98.2,103.1
Fichte,15,188,07-07,36.4,54.3,71.9,83.4,91.2,98.2,103.2
Fichte,15,189,07-08,36.0,54.3,71.7,83.2,91.0,98.2,103.5
Fichte,15,190,07-09,35.6,53.7,71.2,82.9,90.7,98.2,103.7
Fichte,15,191,07-10,35.3,52.8,70.2,82.4,90.3,98.4,103.9
Fichte,15,192,07-11,35.0,51.7,69.4,81.7,89.8,98.7,103.8
Fichte,15,193,07-12,34.7,50.6,68.5,81.3,89.6,99.0,103.7
Fichte,15,194,07-13,34.6,49.4,67.7,80.8,89.9,99.0,103.7
Fichte,15,195,07-14,34.4,48.3,66.8,80.5,90.1,99.1,103.9
Fichte,15,196,07-15,34.4,47.3,66.2,80.2,90.3,99.2,103.9
Fichte,15,197,07-16,34.4,46.3,65.9,79.7,90.5,99.2,104.0
Fichte,15,198,07-17,34.4,45.2,65.8,79.6,90.8,99.3,103.9
Fichte,15,199,07-18,33.9,44.1,65.6,79.6,91.0,99.5,103.5
Fichte,15,200,07-19,33.3,43.5,65.5,79.7,91.4,99.4,102.9
Fichte,15,201,07-20,32.7,42.9,65.5,79.9,91.7,99.4,102.7
Fichte,15,202,07-21,32.1,41.7,65.3,80,92.2,99.4,102.4
Fichte,15,203,07-22,31.6,40.6,65.0,80.1,92.5,99.5,102.5
Fichte,15,204,07-23,31.1,39.5,64.9,80.1,92.6,99.5,102.5
Fichte,15,205,07-24,29.9,38.3,65.0,80.4,92.6,99.5,102.6
Fichte,15,206,07-25,28.4,36.9,65.2,80.8,92.9,99.7,103.0
Fichte,15,207,07-26,27.1,35.5,65.4,81.3,93.1,100.0,103.2
Fichte,15,208,07-27,26.2,34.1,65.4,81.7,93.4,100.3,103.5
Fichte,15,209,07-28,25.3,33.0,65.8,82,93.8,100.7,103.6
Fichte,15,210,07-29,24.5,31.9,66.5,82.4,94.1,101.0,103.7
Fichte,15,211,07-30,23.6,30.9,67.2,82.9,94.6,101.1,103.5
Fichte,15,212,07-31,22.8,29.7,67.6,83.4,95.0,101.2,103.5
Fichte,15,213,08-01,22.2,28.6,68.1,83.7,95.3,101.1,103.4
Fichte,15,214,08-02,21.4,27.4,68.7,84,95.3,101.1,103.4
Fichte,15,215,08-03,20.4,26.2,69.3,84.3,95.3,100.9,103.2
Fichte,15,216,08-04,19.4,24.9,69.5,84.7,95.3,100.8,103.2
Fichte,15,217,08-05,18.4,23.8,69.3,85.1,95.3,100.8,103.2
Fichte,15,218,08-06,17.5,23.7,68.8,85.2,95.4,100.9,103.4
Fichte,15,219,08-07,16.7,23.6,68.3,85.1,95.7,101.0,103.6
Fichte,15,220,08-08,16.6,23.4,67.6,84.9,95.8,101.2,103.7
Fichte,15,221,08-09,16.5,23.4,67.8,85,96.0,101.3,104.1
Fichte,15,222,08-10,16.4,23.5,68.1,85.5,96.1,101.3,104.3
Fichte,15,223,08-11,16.4,23.7,68.4,85.7,96.3,101.5,104.2
Fichte,15,224,08-12,16.3,24.0,68.6,86,96.3,101.3,103.9
Fichte,15,225,08-13,16.2,24.4,68.7,86.1,96.1,101.0,103.5
Fichte,15,226,08-14,16.1,24.6,68.8,85.9,95.8,100.6,102.9
Fichte,15,227,08-15,16.3,24.9,68.9,85.6,95.6,100.2,102.4
Fichte,15,228,08-16,16.4,25.3,69.6,85.2,95.4,99.8,101.7
Fichte,15,229,08-17,16.8,25.4,69.8,85.1,95.3,99.3,101.3
Fichte,15,230,08-18,17.1,26.9,69.8,85.2,95.1,99.0,101.2
Fichte,15,231,08-19,17.4,28.3,69.7,85.2,95.0,98.8,101.3
Fichte,15,232,08-20,17.5,29.6,69.9,85.2,95.1,98.8,101.6
Fichte,15,233,08-21,17.6,31.0,70.1,85.5,95.3,99.0,101.9
Fichte,15,234,08-22,17.6,32.2,70.4,86,95.4,99.2,102.2
Fichte,15,235,08-23,17.7,33.4,70.7,86.6,95.7,99.5,102.2
Fichte,15,236,08-24,17.9,34.5,71.0,86.9,95.9,99.7,102.3
Fichte,15,237,08-25,18.1,35.4,71.6,87.2,96.0,99.7,102.3
Fichte,15,238,08-26,18.4,35.4,72.3,87.7,95.8,99.6,102.1
Fichte,15,239,08-27,18.5,35.3,73.1,88.2,95.6,99.4,101.8
Fichte,15,240,08-28,18.0,34.8,73.8,88.8,95.4,99.1,101.6
Fichte,15,241,08-29,17.5,34.0,73.7,89.1,95.3,98.8,101.1
Fichte,15,242,08-30,17.0,33.9,73.9,89.3,95.0,98.6,101.0
Fichte,15,243,08-31,16.4,34.0,74.1,89.4,94.7,98.4,100.9
Fichte,15,244,09-01,15.9,34.3,74.5,89.4,94.5,98.3,100.8
Fichte,15,245,09-02,15.5,35.3,74.9,89.5,94.4,98.2,100.8
Fichte,15,246,09-03,15.0,36.3,75.3,89.6,94.5,98.5,100.9
Fichte,15,247,09-04,14.3,37.2,75.7,89.8,94.5,98.7,101.1
Fichte,15,248,09-05,13.5,38.2,75.6,90.2,94.6,98.9,101.3
Fichte,15,249,09-06,12.6,39.2,75.6,90.2,94.5,99.0,101.3
Fichte,15,250,09-07,11.8,39.7,76.0,90.2,94.8,99.2,101.4
Fichte,15,251,09-08,11.1,40.5,76.4,90.3,95.0,99.1,101.2
Fichte,15,252,09-09,10.6,41.8,76.6,90.4,95.1,98.9,100.9
Fichte,15,253,09-10,10.2,43.3,76.7,90.2,95.1,98.5,100.4
Fichte,15,254,09-11,9.9,44.8,76.7,89.8,94.9,98.2,100.0
Fichte,15,255,09-12,9.6,46.6,76.8,89.4,94.7,97.9,100.0
Fichte,15,256,09-13,9.3,48.7,77.3,89.2,94.5,97.7,100.1
Fichte,15,257,09-14,8.9,51.1,77.8,89.3,94.5,97.7,100.2
Fichte,15,258,09-15,8.6,53.5,78.1,89.3,94.6,97.8,100.2
Fichte,15,259,09-16,8.3,56.1,78.5,89.3,94.8,98.0,100.5
Fichte,15,260,09-17,8.0,58.7,78.9,89.3,94.9,98.4,100.8
Fichte,15,261,09-18,7.7,61.3,79.3,89.3,95.0,98.7,101.0
Fichte,15,262,09-19,7.4,63.2,79.4,89.4,95.2,98.9,101.0
Fichte,15,263,09-20,7.2,64.8,79.5,89.4,95.5,99.2,101.1
Fichte,15,264,09-21,6.9,66.0,79.5,89.6,95.6,99.4,101.3
Fichte,15,265,09-22,6.7,66.6,79.5,89.7,95.8,99.8,101.9
Fichte,15,266,09-23,6.4,67.3,79.6,89.9,96.0,99.8,102.0
Fichte,15,267,09-24,6.2,68.1,79.6,90,96.1,99.7,102.0
Fichte,15,268,09-25,5.8,68.9,79.8,90,96.2,99.7,102.1
Fichte,15,269,09-26,5.4,69.7,80.1,89.8,96.3,99.8,102.3
Fichte,15,270,09-27,5.0,69.8,80.2,89.9,96.4,99.8,102.1
Fichte,15,271,09-28,4.6,69.7,80.4,90,96.5,99.8,101.9
Fichte,15,272,09-29,4.3,69.2,80.5,90,96.5,100.0,102.2
Fichte,15,273,09-30,3.9,68.8,80.8,90.1,96.5,100.2,102.7
Fichte,15,274,10-01,3.6,68.4,81.2,90.2,96.6,100.4,103.1
Fichte,15,275,10-02,3.3,67.7,81.3,90.4,96.7,100.4,103.1
Fichte,15,276,10-03,3.0,67.0,81.3,90.5,96.8,100.5,103.2
Fichte,15,277,10-04,3.3,66.1,81.3,90.4,96.8,100.3,103.2
Fichte,15,278,10-05,3.6,65.3,81.2,90.3,96.7,100.2,103.4
Fichte,15,279,10-06,4.1,64.5,81.1,90.3,96.6,100.2,103.4
Fichte,15,280,10-07,4.6,63.7,81.0,90.2,96.5,100.0,103.3
Fichte,15,281,10-08,5.3,62.9,81.0,90,96.4,99.8,103.3
Fichte,15,282,10-09,6.0,62.3,80.9,89.9,96.2,99.7,103.2
Fichte,15,283,10-10,6.9,61.8,80.8,89.7,96.2,99.5,103.1
Fichte,15,284,10-11,7.8,61.5,80.7,89.6,96.2,99.4,103.0
Fichte,15,285,10-12,8.7,61.3,80.7,89.6,96.3,99.3,102.6
Fichte,15,286,10-13,9.7,61.2,80.8,89.6,96.1,99.2,102.3
Fichte,15,287,10-14,10.7,61.1,81.0,89.6,96.2,99.1,102.2
Fichte,15,288,10-15,11.8,61.3,81.0,89.9,96.4,99.1,102.2
Fichte,15,289,10-16,12.8,61.5,80.9,89.9,96.5,99.2,102.2
Fichte,15,290,10-17,13.8,61.8,80.8,90,96.6,99.4,102.3
Fichte,15,291,10-18,14.7,62.5,80.8,90,96.6,99.5,102.4
Fichte,15,292,10-19,15.7,63.1,80.9,90,96.6,99.5,102.2
Fichte,15,293,10-20,16.7,63.8,80.8,90,96.6,99.4,101.9
Fichte,15,294,10-21,17.7,64.5,80.8,89.9,96.5,99.4,101.7
Fichte,15,295,10-22,18.6,65.2,80.9,89.9,96.4,99.5,101.6
Fichte,15,296,10-23,19.6,65.9,80.9,89.8,96.4,99.6,101.6
Fichte,15,297,10-24,20.1,66.7,80.9,90,96.5,99.7,101.6
Fichte,15,298,10-25,20.4,67.4,81.1,90,96.6,99.8,101.6
Fichte,15,299,10-26,20.6,68.2,81.4,90,96.6,99.8,101.7
Fichte,15,300,10-27,20.7,69.5,81.7,90,96.6,99.8,101.9
Fichte,15,301,10-28,20.8,70.8,82.0,90.2,96.7,99.8,102.1
Fichte,15,302,10-29,20.8,72.1,82.5,90.4,96.9,99.9,102.2
Fichte,15,303,10-30,20.6,73.4,83.1,90.7,97.0,99.9,102.4
Fichte,15,304,10-31,20.4,74.6,83.6,90.9,97.1,99.9,102.6
Fichte,15,305,11-01,20.1,75.7,84.2,91,97.2,99.8,103.0
Fichte,15,306,11-02,19.8,76.8,84.7,91.2,97.2,99.8,103.4
Fichte,15,307,11-03,19.5,77.8,85.2,91.3,97.1,100.1,103.7
Fichte,15,308,11-04,19.1,78.7,85.6,91.5,97.1,100.0,103.9
Fichte,15,309,11-05,18.7,79.5,86.2,91.7,97.0,100.2,104.1
Fichte,15,310,11-06,18.3,80.2,86.5,91.8,96.9,100.3,104.2
Fichte,15,311,11-07,17.8,80.5,86.9,91.9,96.8,100.4,104.5
Fichte,15,312,11-08,17.2,80.8,87.3,92,96.7,100.6,104.7
Fichte,15,313,11-09,16.6,81.2,87.7,92.3,96.7,100.8,104.9
Fichte,15,314,11-10,17.3,81.5,88.0,92.5,96.7,100.9,105.0
Fichte,15,315,11-11,20.0,81.9,88.4,92.8,96.7,101.0,105.1
Fichte,15,316,11-12,22.7,82.3,88.7,93.1,96.8,101.1,105.1
Fichte,15,317,11-13,25.3,82.7,89.0,93.2,96.7,101.3,105.2
Fichte,15,318,11-14,27.9,83.1,89.3,93.4,96.7,101.4,105.3
Fichte,15,319,11-15,30.5,83.5,89.5,93.7,96.8,101.5,105.3
Fichte,15,320,11-16,33.1,83.5,89.7,93.9,96.9,101.6,105.2
Fichte,15,321,11-17,35.8,83.5,89.9,94,97.0,101.7,105.2
Fichte,15,322,11-18,38.5,83.4,90.0,94.1,97.0,101.9,105.3
Fichte,15,323,11-19,41.4,83.3,90.1,94.2,97.1,102.1,105.3
Fichte,15,324,11-20,44.2,83.2,90.3,94.3,97.2,102.4,105.4
Fichte,15,325,11-21,47.2,83.2,90.4,94.4,97.3,102.8,105.5
Fichte,15,326,11-22,50.2,83.2,90.4,94.4,97.5,103.1,105.4
Fichte,15,327,11-23,53.3,83.2,90.5,94.5,97.8,103.1,105.3
Fichte,15,328,11-24,56.4,83.4,90.6,94.6,98.0,103.5,105.4
Fichte,15,329,11-25,59.5,83.6,90.7,94.7,98.2,103.4,105.5
Fichte,15,330,11-26,62.7,83.8,90.8,94.9,98.4,103.6,105.9
Fichte,15,331,11-27,66.0,84.0,90.8,95,98.6,103.8,106.4
Fichte,15,332,11-28,69.3,84.2,91.0,95.2,99.0,103.9,107.1
Fichte,15,333,11-29,72.6,84.4,91.0,95.3,99.2,104.0,107.5
Fichte,15,334,11-30,74.7,84.6,91.1,95.4,99.6,104.4,107.9
Fichte,15,335,12-01,74.7,84.7,91.2,95.5,99.9,104.7,108.3
Fichte,15,336,12-02,74.7,84.9,91.3,95.6,100.2,105.1,108.9
Fichte,15,337,12-03,74.8,85.0,91.4,95.7,100.6,105.4,109.2
Fichte,15,338,12-04,74.9,85.1,91.4,95.8,100.9,105.7,109.4
Fichte,15,339,12-05,75.1,85.2,91.5,95.8,101.1,105.9,109.6
Fichte,15,340,12-06,75.2,85.3,91.5,95.9,101.4,106.3,109.8
Fichte,15,341,12-07,75.3,85.4,91.6,96,101.6,106.6,110.1
Fichte,15,342,12-08,75.4,85.5,91.6,96.1,101.8,106.8,110.3
Fichte,15,343,12-09,75.5,85.6,91.6,96.1,101.9,107.0,110.5
Fichte,15,344,12-10,75.6,85.6,91.7,96.3,102.0,107.1,110.7
Fichte,15,345,12-11,75.7,85.7,91.6,96.4,102.1,107.4,110.8
Fichte,15,346,12-12,75.8,85.7,91.6,96.6,102.2,107.6,111.1
Fichte,15,347,12-13,75.8,85.6,91.6,96.8,102.2,107.9,111.4
Fichte,15,348,12-14,75.8,85.5,91.7,97,102.3,108.1,111.6
Fichte,15,349,12-15,75.8,85.3,91.8,97.1,102.5,108.3,111.7
Fichte,15,350,12-16,75.9,85.2,91.7,97.3,102.6,108.3,111.6
Fichte,15,351,12-17,75.9,85.0,91.7,97.4,102.8,108.3,111.2
Fichte,15,352,12-18,75.9,84.9,91.7,97.6,102.8,108.4,110.7
Fichte,15,353,12-19,75.9,84.7,91.7,97.7,102.8,108.5,110.4
Fichte,15,354,12-20,75.9,84.6,91.7,97.8,102.8,108.3,110.2
Fichte,15,355,12-21,75.8,84.5,91.7,97.9,102.7,108.2,110.1
Fichte,15,356,12-22,75.8,84.5,91.7,97.9,102.8,108.1,109.8
Fichte,15,357,12-23,75.9,84.4,91.7,98,102.7,108.0,109.6
Fichte,15,358,12-24,75.9,84.4,91.7,98.1,102.6,108.0,109.6
Fichte,15,359,12-25,75.9,84.3,91.7,98.2,102.6,108.1,109.6
Fichte,15,360,12-26,76.0,84.3,91.8,98.3,102.5,108.1,109.7
Fichte,15,361,12-27,76.0,84.2,91.8,98.4,102.5,108.1,109.5
Fichte,15,362,12-28,75.9,84.2,91.9,98.5,102.6,108.1,109.5
Fichte,15,363,12-29,75.9,84.1,92.0,98.7,102.6,108.2,109.5
Fichte,15,364,12-30,75.8,84.1,92.1,98.8,102.8,108.3,109.6
Fichte,15,365,12-31,75.8,84.0,92.2,98.9,102.8,108.2,
Fichte,30,1,01-01,84.8,91.1,95.3,99.1,106.0,110.7,114.8
Fichte,30,2,01-02,85.1,91.3,95.4,99.2,105.8,110.6,114.9
Fichte,30,3,01-03,85.7,91.4,95.4,99.1,105.6,110.5,115.1
Fichte,30,4,01-04,86.2,91.5,95.4,99.1,105.7,110.3,115.4
Fichte,30,5,01-05,86.6,91.6,95.4,99.2,105.7,110.2,115.5
Fichte,30,6,01-06,86.9,91.6,95.4,99.3,105.5,110.1,115.5
Fichte,30,7,01-07,87.1,91.7,95.3,99.3,105.5,109.9,115.5
Fichte,30,8,01-08,87.4,91.7,95.3,99.3,105.5,109.9,115.4
Fichte,30,9,01-09,87.6,91.7,95.2,99.3,105.6,109.8,115.3
Fichte,30,10,01-10,87.8,91.8,95.2,99.3,105.6,110.0,115.2
Fichte,30,11,01-11,88.4,92.1,95.0,99.3,105.7,110.2,115.3
Fichte,30,12,01-12,89.0,92.5,95.0,99.3,105.9,110.4,115.4
Fichte,30,13,01-13,89.3,92.8,95.0,99.4,105.9,110.5,115.4
Fichte,30,14,01-14,89.6,92.9,95.0,99.5,105.8,110.2,115.4
Fichte,30,15,01-15,90.0,92.9,94.9,99.5,105.8,110.0,115.3
Fichte,30,16,01-16,90.3,92.9,95.0,99.5,105.7,109.9,115.1
Fichte,30,17,01-17,90.6,93.0,95.1,99.5,105.7,109.8,114.9
Fichte,30,18,01-18,90.8,92.9,95.2,99.5,105.7,109.6,114.5
Fichte,30,19,01-19,91.1,93.0,95.2,99.5,105.7,109.6,114.5
Fichte,30,20,01-20,91.4,93.0,95.2,99.6,105.7,109.8,114.4
Fichte,30,21,01-21,91.8,93.1,95.3,99.6,105.4,110.1,114.5
Fichte,30,22,01-22,92.1,93.1,95.4,99.6,105.6,110.1,114.3
Fichte,30,23,01-23,92.2,93.2,95.5,99.7,105.7,110.2,114.3
Fichte,30,24,01-24,92.3,93.3,95.7,99.8,105.7,110.3,114.2
Fichte,30,25,01-25,92.5,93.5,95.8,99.8,105.8,110.4,113.9
Fichte,30,26,01-26,92.8,93.7,96.0,99.8,105.9,110.4,113.9
Fichte,30,27,01-27,93.1,94.0,96.2,99.8,105.9,110.7,113.9
Fichte,30,28,01-28,93.3,94.3,96.4,99.8,105.7,110.8,113.9
Fichte,30,29,01-29,93.6,94.5,96.5,99.8,105.6,111.0,113.9
Fichte,30,30,01-30,93.7,94.7,96.7,99.8,105.5,110.8,113.9
Fichte,30,31,01-31,93.9,94.8,96.8,99.8,105.3,110.7,113.8
Fichte,30,32,02-01,93.9,94.9,96.9,99.8,105.1,110.5,113.7
Fichte,30,33,02-02,93.9,95.0,97.0,99.7,104.9,110.3,113.6
Fichte,30,34,02-03,94.0,95.1,97.1,99.6,104.7,110.5,113.6
Fichte,30,35,02-04,94.1,95.1,97.2,99.6,104.5,110.6,113.5
Fichte,30,36,02-05,94.2,95.2,97.2,99.5,104.4,110.5,113.5
Fichte,30,37,02-06,94.3,95.3,97.2,99.5,104.3,110.5,113.5
Fichte,30,38,02-07,94.4,95.4,97.2,99.4,104.2,110.4,113.4
Fichte,30,39,02-08,94.6,95.4,97.2,99.4,104.0,110.3,113.1
Fichte,30,40,02-09,94.7,95.4,97.2,99.3,103.9,109.9,112.8
Fichte,30,41,02-10,94.7,95.4,97.2,99.2,103.8,109.5,112.4
Fichte,30,42,02-11,94.7,95.4,97.2,99.2,103.5,109.3,112.2
Fichte,30,43,02-12,94.6,95.4,97.1,99.1,103.3,109.1,111.8
Fichte,30,44,02-13,94.4,95.3,97.0,99,103.0,109.0,111.5
Fichte,30,45,02-14,94.1,95.1,96.9,98.9,102.7,109.0,111.4
Fichte,30,46,02-15,93.9,94.9,96.7,98.8,102.6,109.0,111.3
Fichte,30,47,02-16,93.7,94.7,96.6,98.6,102.6,108.8,111.2
Fichte,30,48,02-17,93.5,94.5,96.4,98.5,102.7,108.7,111.1
Fichte,30,49,02-18,93.3,94.3,96.3,98.3,102.7,108.7,111.2
Fichte,30,50,02-19,93.2,94.2,96.2,98.3,102.8,108.6,111.3
Fichte,30,51,02-20,93.1,94.1,96.1,98.2,102.9,108.7,111.3
Fichte,30,52,02-21,93.0,93.9,96.0,98.1,103.1,108.7,111.4
Fichte,30,53,02-22,92.9,93.8,95.9,98,103.3,108.6,111.5
Fichte,30,54,02-23,92.9,93.7,95.8,97.9,103.4,108.6,111.6
Fichte,30,55,02-24,92.8,93.7,95.8,97.9,103.6,108.5,111.7
Fichte,30,56,02-25,92.7,93.5,95.7,98,103.9,108.7,111.9
Fichte,30,57,02-26,92.6,93.4,95.6,98,104.0,108.9,112.0
Fichte,30,58,02-27,92.5,93.3,95.4,98.1,104.1,109.1,112.1
Fichte,30,59,02-28,92.4,93.2,95.3,98.2,104.1,109.2,112.1
Fichte,30,60,03-01,92.3,93.1,95.1,98.2,104.1,109.3,112.1
Fichte,30,61,03-02,92.1,93.0,95.0,98.2,104.1,109.4,112.1
Fichte,30,62,03-03,92.1,92.8,94.8,98.2,104.2,109.5,112.1
Fichte,30,63,03-04,91.9,92.7,94.6,98.1,104.3,109.6,112.0
Fichte,30,64,03-05,91.8,92.6,94.5,98,104.4,109.5,112.0
Fichte,30,65,03-06,91.7,92.5,94.4,97.9,104.5,109.4,111.8
Fichte,30,66,03-07,91.4,92.4,94.3,97.9,104.4,109.2,111.5
Fichte,30,67,03-08,91.1,92.3,94.2,98,104.1,109.2,111.4
Fichte,30,68,03-09,90.6,92.2,94.1,98,103.9,109.2,111.4
Fichte,30,69,03-10,90.1,92.0,93.9,98,103.7,109.1,111.3
Fichte,30,70,03-11,89.5,91.8,93.8,97.9,103.4,109.0,111.2
Fichte,30,71,03-12,88.9,91.5,93.5,97.8,103.1,108.8,111.1
Fichte,30,72,03-13,88.3,91.2,93.3,97.7,102.7,108.7,110.9
Fichte,30,73,03-14,88.0,90.9,93.0,97.5,102.3,108.7,110.8
Fichte,30,74,03-15,87.7,90.6,92.8,97.4,101.9,108.6,110.5
Fichte,30,75,03-16,87.4,90.3,92.6,97.2,101.4,108.6,110.3
Fichte,30,76,03-17,87.0,90.0,92.3,96.9,101.0,108.3,110.0
Fichte,30,77,03-18,86.5,89.7,92.0,96.6,100.5,108.0,109.7
Fichte,30,78,03-19,85.9,89.4,91.8,96.2,100.0,107.8,109.7
Fichte,30,79,03-20,85.3,89.0,91.6,95.8,99.5,107.6,109.7
Fichte,30,80,03-21,84.8,88.5,91.4,95.4,99.1,107.4,109.9
Fichte,30,81,03-22,84.3,88.0,91.2,94.9,98.7,107.2,110.0
Fichte,30,82,03-23,83.7,87.7,90.8,94.6,98.4,107.0,110.1
Fichte,30,83,03-24,83.1,87.2,90.5,94.2,98.1,106.7,110.2
Fichte,30,84,03-25,82.5,86.7,90.0,93.8,97.9,106.5,110.3
Fichte,30,85,03-26,82.0,86.2,89.6,93.4,97.5,106.5,110.4
Fichte,30,86,03-27,81.5,85.6,89.2,92.9,97.3,106.5,110.5
Fichte,30,87,03-28,81.0,85.0,88.7,92.4,97.1,106.4,110.6
Fichte,30,88,03-29,80.6,84.4,88.3,92.1,96.9,106.1,110.5
Fichte,30,89,03-30,80.1,83.7,87.9,91.7,96.7,105.9,110.3
Fichte,30,90,03-31,79.7,83.1,87.4,91.3,96.7,105.7,110.1
Fichte,30,91,04-01,79.2,82.4,86.9,90.9,96.7,105.4,110.0
Fichte,30,92,04-02,78.7,81.7,86.4,90.6,96.6,105.1,110.0
Fichte,30,93,04-03,77.9,81.0,85.9,90.2,96.5,104.7,109.9
Fichte,30,94,04-04,76.9,80.2,85.2,89.9,96.5,104.2,109.9
Fichte,30,95,04-05,76.0,79.4,84.6,89.5,96.4,103.8,109.9
Fichte,30,96,04-06,75.1,78.5,84.0,89.1,96.3,103.7,109.8
Fichte,30,97,04-07,74.3,77.6,83.4,88.7,96.2,103.5,110.0
Fichte,30,98,04-08,73.6,76.7,82.6,88.3,96.3,103.2,109.6
Fichte,30,99,04-09,72.9,75.9,81.9,88.1,96.1,102.8,109.2
Fichte,30,100,04-10,72.2,75.2,81.0,88,96.0,103.2,109.5
Fichte,30,101,04-11,71.4,74.6,80.2,87.8,95.8,103.7,109.6
Fichte,30,102,04-12,70.6,73.8,79.5,87.7,95.5,104.0,109.8
Fichte,30,103,04-13,69.9,73.1,78.8,87.5,95.3,104.4,109.9
Fichte,30,104,04-14,69.1,72.5,78.0,87.3,95.0,104.6,110.1
Fichte,30,105,04-15,68.4,71.9,77.3,87.1,94.8,104.6,110.2
Fichte,30,106,04-16,67.8,71.2,76.7,86.9,94.5,104.6,110.4
Fichte,30,107,04-17,67.1,70.6,76.2,86.9,94.5,104.5,110.5
Fichte,30,108,04-18,66.5,69.9,75.7,86.9,94.8,104.5,110.7
Fichte,30,109,04-19,65.9,69.3,75.3,86.9,95.0,104.6,111.0
Fichte,30,110,04-20,65.4,68.7,75.0,86.9,95.1,104.7,111.3
Fichte,30,111,04-21,64.8,68.2,74.8,87,95.3,105.0,111.5
Fichte,30,112,04-22,64.3,67.6,74.8,87,95.3,105.7,111.6
Fichte,30,113,04-23,63.8,67.0,75.0,87,95.4,106.2,111.9
Fichte,30,114,04-24,63.3,66.5,75.4,87.1,95.6,106.5,112.2
Fichte,30,115,04-25,62.9,65.9,75.7,87.3,95.8,106.8,112.5
Fichte,30,116,04-26,62.5,65.5,76.1,87.7,95.9,107.1,112.8
Fichte,30,117,04-27,61.9,65.1,76.4,88.1,96.4,107.2,112.9
Fichte,30,118,04-28,61.3,64.7,76.9,88.5,96.8,107.6,114.0
Fichte,30,119,04-29,60.6,64.4,77.3,88.8,97.2,108.0,114.8
Fichte,30,120,04-30,59.9,63.9,77.7,89,97.5,107.5,114.9
Fichte,30,121,05-01,59.3,63.5,78.1,89.3,97.8,106.8,115.2
Fichte,30,122,05-02,58.6,63.0,78.4,89.7,98.3,106.6,115.5
Fichte,30,123,05-03,58.0,62.6,78.9,90.2,98.8,106.4,115.7
Fichte,30,124,05-04,57.3,62.1,79.5,90.7,99.3,106.3,115.8
Fichte,30,125,05-05,56.9,61.6,80.1,91.2,99.9,106.4,115.9
Fichte,30,126,05-06,56.6,61.1,80.5,91.8,100.3,106.5,116.0
Fichte,30,127,05-07,56.2,61.1,80.8,92.3,100.5,106.7,116.1
Fichte,30,128,05-08,55.9,61.4,81.2,92.5,100.6,106.5,116.2
Fichte,30,129,05-09,55.6,61.6,81.6,92.7,100.4,106.4,116.0
Fichte,30,130,05-10,55.2,61.9,82.0,93.1,100.4,106.3,115.8
Fichte,30,131,05-11,54.9,62.2,82.4,93.5,100.5,106.3,115.8
Fichte,30,132,05-12,54.6,62.5,82.8,93.8,100.8,106.2,115.7
Fichte,30,133,05-13,54.4,62.8,82.9,94.1,100.9,106.0,115.4
Fichte,30,134,05-14,54.1,63.1,82.8,94.5,100.9,105.9,115.0
Fichte,30,135,05-15,53.8,63.3,82.8,94.8,101.0,105.8,114.8
Fichte,30,136,05-16,53.6,63.5,82.8,94.9,101.0,105.5,114.5
Fichte,30,137,05-17,53.4,63.5,82.7,94.9,100.8,105.5,114.2
Fichte,30,138,05-18,53.4,63.8,82.6,95,100.6,105.4,113.3
Fichte,30,139,05-19,53.4,64.0,82.4,95.1,100.5,105.1,112.5
Fichte,30,140,05-20,53.5,64.2,82.3,95.2,100.5,105.1,111.8
Fichte,30,141,05-21,53.6,64.4,82.1,95.3,100.7,105.5,111.3
Fichte,30,142,05-22,53.7,64.7,81.9,95.3,100.7,106.0,111.5
Fichte,30,143,05-23,54.1,65.0,81.6,95.2,100.7,106.3,111.4
Fichte,30,144,05-24,54.8,65.2,81.3,95,100.5,106.5,111.2
Fichte,30,145,05-25,55.2,65.6,81.4,94.7,100.3,106.4,110.9
Fichte,30,146,05-26,55.6,66.0,81.6,94.4,100.2,106.4,110.4
Fichte,30,147,05-27,55.9,65.9,81.7,94.1,99.9,106.4,110.0
Fichte,30,148,05-28,56.4,65.7,81.8,93.8,99.8,106.5,110.0
Fichte,30,149,05-29,57.1,65.7,81.9,93.7,99.7,106.5,109.8
Fichte,30,150,05-30,57.7,65.8,81.9,93.3,99.7,106.5,109.5
Fichte,30,151,05-31,58.4,65.8,81.9,93,99.6,106.3,109.5
Fichte,30,152,06-01,59.0,66.0,81.9,92.7,99.3,106.0,109.6
Fichte,30,153,06-02,59.6,66.1,82.0,92.7,99.2,106.1,109.7
Fichte,30,154,06-03,60.1,66.3,82.0,92.4,99.0,106.2,109.6
Fichte,30,155,06-04,60.6,66.7,82.0,92.2,99.0,106.4,109.7
Fichte,30,156,06-05,61.1,67.2,81.9,92,98.9,106.2,109.8
Fichte,30,157,06-06,61.8,67.6,81.9,91.8,98.9,106.1,109.7
Fichte,30,158,06-07,62.4,67.8,81.8,91.6,98.8,106.1,109.8
Fichte,30,159,06-08,63.0,68.2,81.7,91.3,98.7,106.2,110.2
Fichte,30,160,06-09,63.5,68.4,81.7,90.9,98.7,106.5,110.5
Fichte,30,161,06-10,63.9,68.6,81.8,90.6,98.7,106.3,110.4
Fichte,30,162,06-11,64.3,68.6,81.7,90.4,98.6,105.6,109.6
Fichte,30,163,06-12,64.4,68.6,81.6,90.4,98.4,105.3,109.3
Fichte,30,164,06-13,64.1,68.4,81.5,90.4,98.4,105.0,109.1
Fichte,30,165,06-14,63.7,68.1,80.8,90.5,98.4,104.8,109.0
Fichte,30,166,06-15,63.2,67.8,80.1,90.6,98.4,104.6,108.9
Fichte,30,167,06-16,62.6,67.3,79.5,90.6,98.4,104.3,108.8
Fichte,30,168,06-17,61.9,66.7,78.9,90.5,98.2,104.1,108.2
Fichte,30,169,06-18,61.0,65.8,78.1,90.3,98.1,103.8,107.8
Fichte,30,170,06-19,60.0,65.1,77.4,90.1,97.7,103.5,107.5
Fichte,30,171,06-20,59.0,64.6,76.9,90,97.4,102.9,106.8
Fichte,30,172,06-21,57.9,64.2,76.5,90,97.2,102.6,106.4
Fichte,30,173,06-22,56.7,63.7,76.1,89.9,96.9,102.0,105.9
Fichte,30,174,06-23,55.5,63.2,75.8,89.8,96.6,101.6,105.5
Fichte,30,175,06-24,54.4,62.6,75.3,89.6,96.3,101.2,105.1
Fichte,30,176,06-25,53.2,62.0,74.9,89.4,95.9,100.9,104.8
Fichte,30,177,06-26,51.7,61.3,74.5,89.1,95.5,100.6,104.4
Fichte,30,178,06-27,50.2,60.7,74.1,88.8,95.1,100.2,104.0
Fichte,30,179,06-28,48.7,59.8,74.1,88.6,94.7,99.9,103.9
Fichte,30,180,06-29,47.5,58.9,74.1,88.3,94.2,99.8,104.0
Fichte,30,181,06-30,46.3,58.1,74.1,87.9,93.5,99.6,103.8
Fichte,30,182,07-01,45.1,57.8,74.1,87.3,92.9,99.4,103.5
Fichte,30,183,07-02,44.0,57.6,74.1,86.8,92.3,99.1,103.1
Fichte,30,184,07-03,42.9,57.4,74.2,86.2,92.3,98.8,102.9
Fichte,30,185,07-04,42.3,57.2,74.1,85.7,92.2,98.7,102.6
Fichte,30,186,07-05,42.2,57.2,74.1,85.2,92.0,98.6,102.5
Fichte,30,187,07-06,42.1,57.2,74.0,84.7,91.9,98.5,102.4
Fichte,30,188,07-07,42.0,57.2,74.0,84.3,91.8,98.4,102.3
Fichte,30,189,07-08,41.8,57.2,73.9,84.1,91.7,98.2,102.4
Fichte,30,190,07-09,41.6,56.8,73.7,83.7,91.6,98.3,102.4
Fichte,30,191,07-10,41.4,56.2,73.1,83.3,91.3,98.3,102.8
Fichte,30,192,07-11,41.3,55.5,72.2,82.7,91.0,98.2,102.8
Fichte,30,193,07-12,41.1,54.7,71.5,82.3,90.9,98.5,102.8
Fichte,30,194,07-13,41.1,54.0,70.7,82,90.8,98.7,103.0
Fichte,30,195,07-14,41.2,53.2,69.9,81.8,90.9,99.0,103.1
Fichte,30,196,07-15,41.2,52.5,69.4,81.6,91.0,99.1,103.1
Fichte,30,197,07-16,41.3,52.2,69.0,81.3,91.3,99.1,103.1
Fichte,30,198,07-17,41.3,51.9,68.8,80.9,91.5,99.2,103.3
Fichte,30,199,07-18,41.2,51.5,68.5,80.8,91.7,99.3,103.0
Fichte,30,200,07-19,40.9,51.2,68.3,80.7,92.0,99.1,102.2
Fichte,30,201,07-20,40.6,50.9,68.1,80.7,92.3,98.9,102.1
Fichte,30,202,07-21,40.3,50.1,67.6,80.7,92.6,98.9,102.1
Fichte,30,203,07-22,39.9,49.3,67.3,80.7,92.9,99.0,102.2
Fichte,30,204,07-23,39.5,48.5,67.1,80.7,92.8,99.2,102.3
Fichte,30,205,07-24,38.6,47.7,67.1,80.8,92.9,99.1,102.2
Fichte,30,206,07-25,37.2,46.7,67.0,81,93.0,99.4,102.5
Fichte,30,207,07-26,35.8,45.8,67.0,81.5,93.2,99.6,102.7
Fichte,30,208,07-27,35.1,44.8,66.9,81.9,93.4,99.9,103.2
Fichte,30,209,07-28,34.3,43.8,67.1,82.3,93.6,100.2,103.4
Fichte,30,210,07-29,33.5,42.8,67.5,82.6,93.8,100.5,103.7
Fichte,30,211,07-30,32.7,41.8,67.9,83,94.1,100.8,103.5
Fichte,30,212,07-31,31.9,40.9,68.2,83.3,94.5,101.1,103.4
Fichte,30,213,08-01,31.1,40.0,68.5,83.5,94.7,101.1,103.5
Fichte,30,214,08-02,30.2,39.1,68.9,83.6,94.8,101.0,103.5
Fichte,30,215,08-03,29.0,38.1,69.4,83.6,94.9,100.9,103.6
Fichte,30,216,08-04,27.9,37.0,69.4,83.8,95.0,101.0,103.7
Fichte,30,217,08-05,26.8,35.6,69.3,84,94.9,101.2,103.8
Fichte,30,218,08-06,25.7,34.5,68.8,84.2,94.9,101.3,104.0
Fichte,30,219,08-07,24.6,33.6,68.2,84.3,95.2,101.4,104.2
Fichte,30,220,08-08,24.5,33.0,67.4,84.4,95.3,101.5,104.1
Fichte,30,221,08-09,24.5,32.5,67.4,84.8,95.6,101.5,104.2
Fichte,30,222,08-10,24.6,32.1,67.7,85.3,96.0,101.5,104.2
Fichte,30,223,08-11,24.8,31.7,68.0,85.8,96.1,101.5,104.2
Fichte,30,224,08-12,25.0,31.3,68.4,86.2,96.2,101.2,103.9
Fichte,30,225,08-13,25.2,30.9,68.7,86.6,95.9,100.9,103.6
Fichte,30,226,08-14,25.5,30.6,69.0,86.7,95.7,100.4,103.0
Fichte,30,227,08-15,25.9,30.5,69.3,86.6,95.3,100.0,102.6
Fichte,30,228,08-16,25.7,30.6,69.7,86.5,94.9,99.5,102.0
Fichte,30,229,08-17,25.6,30.9,69.8,86.4,94.6,99.3,101.6
Fichte,30,230,08-18,25.5,32.0,69.8,86.4,94.4,98.9,101.6
Fichte,30,231,08-19,25.5,33.1,69.8,86.5,94.3,98.6,101.7
Fichte,30,232,08-20,25.6,34.1,70.3,86.6,94.4,98.7,101.8
Fichte,30,233,08-21,25.6,35.1,70.6,87,94.6,99.0,101.9
Fichte,30,234,08-22,25.7,36.1,71.2,87.5,95.0,99.3,102.1
Fichte,30,235,08-23,25.8,37.0,71.8,88.1,95.4,99.4,102.3
Fichte,30,236,08-24,26.1,38.0,72.6,88.4,95.5,99.6,102.4
Fichte,30,237,08-25,26.4,38.8,73.4,88.8,95.6,99.6,102.5
Fichte,30,238,08-26,26.7,39.3,74.3,89.3,95.6,99.6,102.2
Fichte,30,239,08-27,27.1,39.6,75.2,89.6,95.4,99.4,102.0
Fichte,30,240,08-28,26.6,39.5,76.1,89.9,95.2,99.3,101.9
Fichte,30,241,08-29,26.0,39.2,76.3,89.9,95.1,99.1,101.6
Fichte,30,242,08-30,25.3,39.0,76.6,89.8,94.9,99.0,101.7
Fichte,30,243,08-31,24.5,39.2,76.8,89.5,94.7,99.0,101.5
Fichte,30,244,09-01,23.6,39.7,76.8,89.2,94.7,98.9,101.5
Fichte,30,245,09-02,22.7,40.9,77.1,89,94.7,98.9,101.6
Fichte,30,246,09-03,21.8,42.2,77.3,89.1,94.7,99.3,102.1
Fichte,30,247,09-04,20.7,43.2,77.5,89.2,95.0,99.7,102.5
Fichte,30,248,09-05,19.8,44.0,77.6,89.4,95.2,100.2,102.7
Fichte,30,249,09-06,18.9,44.8,77.8,89.4,95.3,100.3,102.8
Fichte,30,250,09-07,18.1,45.0,78.1,89.5,95.5,100.5,102.8
Fichte,30,251,09-08,17.4,45.5,78.3,89.6,95.7,100.6,102.4
Fichte,30,252,09-09,16.7,46.7,78.4,89.8,95.8,100.4,102.2
Fichte,30,253,09-10,16.1,47.9,78.4,89.8,95.6,100.1,101.9
Fichte,30,254,09-11,15.6,49.1,78.4,89.5,95.2,99.8,101.4
Fichte,30,255,09-12,15.0,50.3,78.3,89.3,94.9,99.5,101.3
Fichte,30,256,09-13,14.5,51.6,78.4,89.2,94.8,99.4,101.3
Fichte,30,257,09-14,13.9,53.2,78.7,89,94.9,99.3,101.4
Fichte,30,258,09-15,13.4,55.2,79.1,88.9,94.9,99.3,101.4
Fichte,30,259,09-16,12.9,57.2,79.4,88.9,95.1,99.4,101.6
Fichte,30,260,09-17,12.3,59.2,79.8,88.9,95.3,99.7,101.9
Fichte,30,261,09-18,11.8,61.3,80.3,89,95.4,100.0,102.3
Fichte,30,262,09-19,11.3,63.3,80.6,89.2,95.6,100.2,102.3
Fichte,30,263,09-20,10.8,64.8,80.9,89.4,95.8,100.5,102.6
Fichte,30,264,09-21,10.3,66.1,81.0,89.5,96.0,100.8,102.9
Fichte,30,265,09-22,9.9,66.6,81.1,89.5,96.1,101.3,103.3
Fichte,30,266,09-23,9.5,67.1,81.2,89.5,96.6,101.3,103.3
Fichte,30,267,09-24,9.0,67.6,81.2,89.5,96.8,101.2,103.1
Fichte,30,268,09-25,8.5,68.2,81.3,89.3,96.8,101.1,103.0
Fichte,30,269,09-26,7.9,68.8,81.5,89.2,96.9,101.1,102.9
Fichte,30,270,09-27,7.3,69.2,81.6,89.2,97.0,101.0,102.8
Fichte,30,271,09-28,6.8,69.3,81.7,89.2,97.0,101.0,102.8
Fichte,30,272,09-29,6.2,68.9,81.7,89.2,97.1,101.2,103.2
Fichte,30,273,09-30,5.7,68.5,81.8,89.2,97.3,101.4,103.8
Fichte,30,274,10-01,5.1,68.1,81.8,89.2,97.4,101.4,104.3
Fichte,30,275,10-02,4.7,67.8,81.7,89.4,97.5,101.4,104.4
Fichte,30,276,10-03,4.3,67.4,81.5,89.5,97.5,101.3,104.4
Fichte,30,277,10-04,4.8,66.9,81.2,89.7,97.5,101.3,104.5
Fichte,30,278,10-05,5.1,66.1,80.8,89.7,97.6,101.5,104.6
Fichte,30,279,10-06,5.4,65.3,80.3,89.6,97.5,101.7,104.7
Fichte,30,280,10-07,5.7,64.6,79.9,89.6,97.5,101.5,104.6
Fichte,30,281,10-08,6.1,63.9,79.5,89.5,97.4,101.2,104.5
Fichte,30,282,10-09,6.5,63.3,79.1,89.4,97.1,101.1,104.5
Fichte,30,283,10-10,6.9,62.8,78.7,89.2,97.0,100.9,104.3
Fichte,30,284,10-11,7.5,62.5,78.4,89.3,96.8,100.8,104.2
Fichte,30,285,10-12,8.1,62.2,78.1,89.5,96.7,100.7,104.1
Fichte,30,286,10-13,8.8,62.0,78.0,89.7,96.6,100.5,103.9
Fichte,30,287,10-14,9.6,61.8,77.9,89.8,96.5,100.5,103.8
Fichte,30,288,10-15,10.4,61.9,77.9,90,96.7,100.5,104.0
Fichte,30,289,10-16,11.2,62.0,77.8,90.1,96.9,100.5,104.2
Fichte,30,290,10-17,12.0,62.2,77.8,89.9,96.9,100.6,104.5
Fichte,30,291,10-18,12.8,62.8,77.7,89.8,97.0,100.6,104.7
Fichte,30,292,10-19,13.7,63.4,77.9,89.6,96.9,100.6,104.5
Fichte,30,293,10-20,14.5,64.1,78.1,89.6,96.9,100.5,104.1
Fichte,30,294,10-21,15.4,64.8,78.4,89.5,96.8,100.5,103.8
Fichte,30,295,10-22,16.2,65.5,78.7,89.2,96.7,100.5,103.8
Fichte,30,296,10-23,17.0,66.3,79.0,89,96.7,100.5,103.8
Fichte,30,297,10-24,16.8,67.0,79.3,88.9,96.8,100.6,104.0
Fichte,30,298,10-25,16.8,67.7,79.6,88.9,96.8,100.5,104.0
Fichte,30,299,10-26,16.8,68.4,80.0,89,96.7,100.2,104.3
Fichte,30,300,10-27,16.9,69.5,80.5,89.1,96.7,100.1,104.5
Fichte,30,301,10-28,16.9,70.7,81.0,89.3,96.7,100.2,104.7
Fichte,30,302,10-29,17.0,72.0,81.6,89.5,96.7,100.2,104.9
Fichte,30,303,10-30,16.9,73.1,82.4,89.8,96.8,100.2,105.2
Fichte,30,304,10-31,16.9,74.2,82.9,90,96.9,100.2,105.3
Fichte,30,305,11-01,16.8,75.3,83.5,90.2,96.9,100.3,105.6
Fichte,30,306,11-02,16.7,76.4,84.1,90.4,96.8,100.4,106.1
Fichte,30,307,11-03,16.5,77.3,84.7,90.6,96.7,100.5,106.6
Fichte,30,308,11-04,16.3,78.2,85.0,90.8,96.5,100.4,106.8
Fichte,30,309,11-05,16.0,78.8,85.6,91.1,96.5,100.7,106.8
Fichte,30,310,11-06,15.7,79.5,86.0,91.4,96.4,100.8,106.9
Fichte,30,311,11-07,15.3,79.8,86.4,91.8,96.4,101.0,107.1
Fichte,30,312,11-08,14.9,80.0,86.7,92.2,96.4,101.3,107.2
Fichte,30,313,11-09,14.4,80.1,86.9,92.4,96.4,101.5,107.5
Fichte,30,314,11-10,15.2,80.3,87.1,92.8,96.6,101.6,107.8
Fichte,30,315,11-11,18.4,80.6,87.3,93.1,96.7,102.0,107.8
Fichte,30,316,11-12,21.5,80.8,87.5,93.5,96.8,102.3,107.8
Fichte,30,317,11-13,24.6,81.1,87.7,93.7,96.9,102.4,108.1
Fichte,30,318,11-14,27.8,81.4,87.9,94,96.9,102.7,108.4
Fichte,30,319,11-15,30.9,81.7,88.1,94.2,97.2,102.8,108.3
Fichte,30,320,11-16,34.1,81.7,88.2,94.4,97.4,103.0,108.4
Fichte,30,321,11-17,37.3,81.6,88.3,94.6,97.6,103.1,108.6
Fichte,30,322,11-18,40.5,81.5,88.4,94.6,97.8,103.3,108.8
Fichte,30,323,11-19,43.7,81.4,88.2,94.6,98.0,103.5,109.0
Fichte,30,324,11-20,47.1,81.3,88.3,94.7,98.2,103.8,109.3
Fichte,30,325,11-21,50.4,81.3,88.2,94.6,98.5,104.0,109.3
Fichte,30,326,11-22,53.9,81.5,88.2,94.6,98.8,104.4,109.2
Fichte,30,327,11-23,57.5,81.6,88.1,94.5,99.1,104.6,109.2
Fichte,30,328,11-24,61.1,81.9,88.3,94.5,99.4,105.0,109.4
Fichte,30,329,11-25,64.8,82.3,88.3,94.6,99.5,105.2,109.7
Fichte,30,330,11-26,68.5,82.6,88.4,94.7,99.7,105.6,110.1
Fichte,30,331,11-27,72.2,83.0,88.5,94.7,99.9,105.8,110.7
Fichte,30,332,11-28,75.9,83.4,88.7,94.8,100.2,105.9,111.4
Fichte,30,333,11-29,79.7,83.9,88.9,94.8,100.3,106.1,111.8
Fichte,30,334,11-30,82.2,84.3,89.1,94.9,100.4,106.5,112.3
Fichte,30,335,12-01,82.4,84.7,89.3,95,100.7,106.8,112.6
Fichte,30,336,12-02,82.6,85.1,89.5,95.1,101.1,107.3,113.0
Fichte,30,337,12-03,82.7,85.5,89.8,95.3,101.5,107.7,113.1
Fichte,30,338,12-04,82.9,85.9,90.0,95.5,101.8,107.7,113.3
Fichte,30,339,12-05,83.0,86.2,90.3,95.7,101.9,108.0,113.4
Fichte,30,340,12-06,83.1,86.6,90.6,95.8,102.0,108.6,113.5
Fichte,30,341,12-07,83.3,86.9,90.9,96,102.2,109.1,113.9
Fichte,30,342,12-08,83.5,87.1,91.1,96.1,102.3,109.6,114.1
Fichte,30,343,12-09,83.7,87.4,91.3,96.3,102.3,110.0,114.3
Fichte,30,344,12-10,83.9,87.6,91.6,96.4,102.3,110.1,114.4
Fichte,30,345,12-11,84.0,87.7,91.9,96.6,102.4,110.4,114.6
Fichte,30,346,12-12,84.1,87.7,92.1,96.8,102.4,110.7,115.0
Fichte,30,347,12-13,84.1,87.7,92.4,97.1,102.4,111.2,115.4
Fichte,30,348,12-14,84.1,87.6,92.6,97.4,102.5,111.4,115.7
Fichte,30,349,12-15,84.0,87.5,92.9,97.6,102.7,111.5,115.9
Fichte,30,350,12-16,83.9,87.4,93.1,97.7,102.8,111.5,116.0
Fichte,30,351,12-17,83.9,87.2,93.3,97.8,103.1,111.6,115.7
Fichte,30,352,12-18,83.8,87.1,93.5,97.9,103.1,111.7,115.4
Fichte,30,353,12-19,83.8,86.8,93.7,98,103.1,111.8,115.2
Fichte,30,354,12-20,83.6,86.6,93.9,98,103.2,111.6,115.1
Fichte,30,355,12-21,83.5,86.4,94.1,98,103.2,111.5,115.0
Fichte,30,356,12-22,83.5,86.3,94.2,98.1,103.1,111.4,115.0
Fichte,30,357,12-23,83.5,86.2,94.3,98,103.0,111.4,115.0
Fichte,30,358,12-24,83.5,86.1,94.4,98,102.9,111.7,115.0
Fichte,30,359,12-25,83.5,86.0,94.4,98,102.8,111.8,115.1
Fichte,30,360,12-26,83.6,85.8,94.5,98,102.8,111.7,115.2
Fichte,30,361,12-27,83.6,85.7,94.6,98,102.9,111.6,115.0
Fichte,30,362,12-28,83.4,85.6,94.7,98.1,103.0,111.6,114.9
Fichte,30,363,12-29,83.3,85.5,94.9,98.1,103.2,111.5,115.1
Fichte,30,364,12-30,83.1,85.5,95.1,98.3,103.4,111.6,115.4
Fichte,30,365,12-31,82.9,85.4,95.3,98.4,103.6,111.4,
Fichte,60,1,01-01,78.7,85.2,91.4,97.1,102.5,109.2,115.3
Fichte,60,2,01-02,79.1,85.5,91.5,97,102.6,109.0,114.7
Fichte,60,3,01-03,79.4,85.9,91.6,97.2,102.5,108.5,114.2
Fichte,60,4,01-04,79.6,86.2,91.7,97.4,102.3,108.9,114.6
Fichte,60,5,01-05,79.8,86.2,91.9,97.5,102.2,108.5,114.3
Fichte,60,6,01-06,80.0,86.3,92.1,97.6,102.0,108.0,113.9
Fichte,60,7,01-07,80.1,86.3,92.2,97.5,101.8,107.6,113.4
Fichte,60,8,01-08,80.5,86.4,92.3,97.5,101.6,107.5,112.9
Fichte,60,9,01-09,80.8,86.5,92.4,97.5,101.5,107.3,113.0
Fichte,60,10,01-10,81.1,86.6,92.4,97.5,101.5,107.2,112.8
Fichte,60,11,01-11,81.9,86.7,92.4,97.6,101.4,107.5,113.1
Fichte,60,12,01-12,82.6,86.7,92.6,97.6,101.3,108.4,114.3
Fichte,60,13,01-13,83.2,86.8,92.8,97.7,101.3,108.3,114.5
Fichte,60,14,01-14,83.7,87.0,93.0,97.9,101.3,108.0,113.6
Fichte,60,15,01-15,84.0,87.1,93.2,98,101.1,107.1,112.8
Fichte,60,16,01-16,84.3,87.5,93.4,98,101.0,106.6,112.0
Fichte,60,17,01-17,84.5,88.0,93.5,98,100.9,106.5,111.8
Fichte,60,18,01-18,84.6,88.5,93.7,98,100.8,106.3,111.6
Fichte,60,19,01-19,84.6,88.8,93.9,98,100.8,106.4,112.8
Fichte,60,20,01-20,84.6,89.1,94.0,98,100.8,106.3,112.6
Fichte,60,21,01-21,84.6,89.4,94.0,97.9,100.9,107.1,113.5
Fichte,60,22,01-22,84.7,89.6,94.1,98.1,100.9,107.2,114.2
Fichte,60,23,01-23,84.8,89.7,94.2,98.1,101.0,107.5,115.2
Fichte,60,24,01-24,84.9,89.9,94.3,98.1,101.2,107.1,114.9
Fichte,60,25,01-25,84.9,90.2,94.4,98.1,101.4,107.4,115.0
Fichte,60,26,01-26,84.9,90.6,94.4,98.1,101.6,107.8,115.2
Fichte,60,27,01-27,85.0,90.9,94.4,98.3,101.8,108.0,115.6
Fichte,60,28,01-28,85.0,91.2,94.5,98.3,102.1,108.0,115.7
Fichte,60,29,01-29,85.0,91.3,94.5,98.3,102.3,108.1,115.4
Fichte,60,30,01-30,85.1,91.3,94.6,98.4,102.4,108.0,115.2
Fichte,60,31,01-31,85.1,91.5,94.6,98.4,102.4,107.7,114.8
Fichte,60,32,02-01,85.1,91.6,94.5,98.5,102.5,106.9,113.8
Fichte,60,33,02-02,85.1,91.6,94.4,98.5,102.5,106.9,112.9
Fichte,60,34,02-03,85.1,91.7,94.3,98.5,102.5,106.8,112.6
Fichte,60,35,02-04,85.2,91.7,94.2,98.5,102.6,106.8,112.4
Fichte,60,36,02-05,85.2,91.7,94.1,98.6,102.8,106.8,112.2
Fichte,60,37,02-06,85.1,91.6,94.0,98.6,102.8,106.6,112.2
Fichte,60,38,02-07,85.2,91.6,93.8,98.6,102.8,106.6,112.5
Fichte,60,39,02-08,85.2,91.5,93.7,98.6,102.8,106.1,111.2
Fichte,60,40,02-09,85.3,91.4,93.6,98.6,102.7,106.0,110.6
Fichte,60,41,02-10,85.4,91.3,93.5,98.6,102.6,105.1,109.6
Fichte,60,42,02-11,85.5,91.1,93.3,98.6,102.5,104.8,108.8
Fichte,60,43,02-12,85.6,91.0,93.2,98.5,102.3,104.5,107.7
Fichte,60,44,02-13,85.8,90.8,93.1,98.4,102.1,104.3,107.3
Fichte,60,45,02-14,86.2,90.7,93.0,98.3,101.9,104.1,106.9
Fichte,60,46,02-15,86.5,90.6,92.9,98.2,101.7,103.7,106.7
Fichte,60,47,02-16,86.8,90.5,92.9,98.2,101.6,103.7,106.9
Fichte,60,48,02-17,87.0,90.4,93.0,98.2,101.4,103.5,106.8
Fichte,60,49,02-18,87.0,90.4,93.0,98.1,101.3,103.4,106.6
Fichte,60,50,02-19,87.2,90.4,93.0,98,101.1,103.6,106.8
Fichte,60,51,02-20,87.3,90.5,93.1,98,101.2,103.8,107.9
Fichte,60,52,02-21,87.4,90.5,93.2,98.1,101.2,103.8,108.3
Fichte,60,53,02-22,87.5,90.6,93.2,98.1,101.1,104.0,108.5
Fichte,60,54,02-23,87.6,90.8,93.3,98,101.1,104.1,108.6
Fichte,60,55,02-24,87.7,90.9,93.3,97.9,101.1,104.2,108.8
Fichte,60,56,02-25,87.8,91.0,93.5,97.8,101.1,104.3,109.0
Fichte,60,57,02-26,87.9,91.0,93.6,97.8,101.2,104.5,109.1
Fichte,60,58,02-27,88.1,90.9,93.7,97.7,101.4,104.6,108.9
Fichte,60,59,02-28,88.2,90.8,93.8,97.6,101.5,104.8,109.4
Fichte,60,60,03-01,88.3,90.8,93.8,97.5,101.5,104.9,109.3
Fichte,60,61,03-02,88.4,90.7,93.9,97.4,101.5,104.9,109.2
Fichte,60,62,03-03,88.4,90.6,93.9,97.4,101.5,104.9,109.2
Fichte,60,63,03-04,88.4,90.5,94.0,97.3,101.5,104.9,109.2
Fichte,60,64,03-05,88.3,90.3,94.0,97.3,101.5,104.9,109.1
Fichte,60,65,03-06,88.2,90.2,93.9,97.3,101.5,105.0,109.3
Fichte,60,66,03-07,88.0,89.9,93.8,97.3,101.5,105.0,109.2
Fichte,60,67,03-08,87.8,89.8,93.6,97.2,101.5,104.8,108.5
Fichte,60,68,03-09,87.6,89.6,93.5,97.2,101.5,104.8,108.4
Fichte,60,69,03-10,87.4,89.4,93.4,97.2,101.5,104.8,108.4
Fichte,60,70,03-11,87.0,89.2,93.2,97.1,101.5,104.7,108.2
Fichte,60,71,03-12,86.6,89.0,92.9,96.9,101.4,104.5,107.1
Fichte,60,72,03-13,86.3,88.7,92.7,96.7,101.2,104.3,106.5
Fichte,60,73,03-14,86.0,88.4,92.5,96.6,101.1,104.1,106.4
Fichte,60,74,03-15,85.7,88.0,92.2,96.4,100.9,104.0,106.2
Fichte,60,75,03-16,85.5,87.7,92.0,96.2,100.8,103.8,105.9
Fichte,60,76,03-17,85.2,87.3,91.8,96.1,100.5,103.6,105.7
Fichte,60,77,03-18,84.9,87.0,91.6,95.9,100.2,103.3,105.4
Fichte,60,78,03-19,84.5,86.6,91.3,95.6,99.8,103.1,105.1
Fichte,60,79,03-20,84.2,86.2,91.1,95.4,99.5,102.9,104.3
Fichte,60,80,03-21,83.9,85.9,90.8,95.2,99.2,102.6,104.2
Fichte,60,81,03-22,83.6,85.6,90.6,95,98.9,102.5,104.2
Fichte,60,82,03-23,83.3,85.3,90.3,94.8,98.7,102.4,104.1
Fichte,60,83,03-24,83.0,85.1,89.9,94.5,98.5,102.4,103.9
Fichte,60,84,03-25,82.6,84.8,89.5,94.1,98.4,102.4,103.9
Fichte,60,85,03-26,82.2,84.6,89.2,93.7,98.3,102.2,103.5
Fichte,60,86,03-27,81.8,84.3,88.8,93.2,98.3,102.2,103.5
Fichte,60,87,03-28,81.3,84.0,88.4,92.8,98.3,102.2,103.4
Fichte,60,88,03-29,80.9,83.6,88.1,92.5,98.2,102.1,103.3
Fichte,60,89,03-30,80.5,83.2,87.7,92,98.2,101.9,103.2
Fichte,60,90,03-31,80.1,82.8,87.4,91.6,98.1,101.8,104.0
Fichte,60,91,04-01,79.7,82.5,87.0,91.1,98.0,101.8,104.2
Fichte,60,92,04-02,79.3,82.1,86.7,90.7,98.0,101.8,104.2
Fichte,60,93,04-03,78.8,81.7,86.4,90.3,97.9,101.8,104.1
Fichte,60,94,04-04,78.2,81.2,86.0,89.9,97.8,101.7,104.0
Fichte,60,95,04-05,77.6,80.8,85.6,89.5,97.6,101.6,103.9
Fichte,60,96,04-06,77.0,80.2,85.1,89.1,97.4,101.6,103.9
Fichte,60,97,04-07,76.4,79.7,84.6,88.6,97.2,101.5,104.1
Fichte,60,98,04-08,75.8,79.0,84.1,88.2,97.0,101.3,103.9
Fichte,60,99,04-09,75.2,78.5,83.7,87.9,96.8,101.1,103.7
Fichte,60,100,04-10,74.5,77.8,83.2,87.3,96.5,100.9,104.8
Fichte,60,101,04-11,73.8,77.2,82.7,87,96.1,100.7,105.7
Fichte,60,102,04-12,73.1,76.6,82.2,86.8,95.7,100.3,106.1
Fichte,60,103,04-13,72.3,76.0,81.8,86.6,95.3,99.9,106.2
Fichte,60,104,04-14,71.6,75.3,81.3,86.5,94.8,99.6,106.2
Fichte,60,105,04-15,70.9,74.7,80.8,86.3,94.3,99.2,106.1
Fichte,60,106,04-16,70.3,74.0,80.3,86.2,93.7,98.9,105.9
Fichte,60,107,04-17,69.7,73.4,79.7,86.2,93.2,98.5,105.7
Fichte,60,108,04-18,69.0,72.8,79.1,86.1,93.0,98.4,106.2
Fichte,60,109,04-19,68.5,72.2,78.6,86,92.8,98.5,107.2
Fichte,60,110,04-20,67.9,71.7,78.0,86,92.7,98.3,107.4
Fichte,60,111,04-21,67.3,71.3,77.5,86,92.5,98.7,107.7
Fichte,60,112,04-22,66.4,70.5,76.9,85.9,92.4,99.8,108.7
Fichte,60,113,04-23,65.7,69.7,76.6,85.8,92.3,99.9,109.6
Fichte,60,114,04-24,65.1,69.0,76.2,85.8,92.3,99.7,109.8
Fichte,60,115,04-25,64.6,68.3,76.0,85.7,92.3,99.6,109.8
Fichte,60,116,04-26,64.1,67.7,75.7,85.6,92.3,99.6,110.4
Fichte,60,117,04-27,63.7,67.2,75.6,85.7,92.4,99.6,110.5
Fichte,60,118,04-28,63.3,66.7,75.5,85.9,92.6,100.3,111.3
Fichte,60,119,04-29,63.0,66.3,75.3,85.8,92.8,100.8,112.3
Fichte,60,120,04-30,62.7,65.9,75.2,86,93.1,101.0,111.6
Fichte,60,121,05-01,62.4,65.4,75.1,85.9,93.5,101.0,111.1
Fichte,60,122,05-02,62.0,64.9,75.1,86.1,93.8,101.2,111.2
Fichte,60,123,05-03,61.7,64.5,75.2,86.4,94.3,101.5,111.2
Fichte,60,124,05-04,61.4,64.0,75.2,86.6,94.6,101.9,111.8
Fichte,60,125,05-05,61.2,63.7,75.3,86.6,95.1,102.6,112.5
Fichte,60,126,05-06,60.9,63.3,75.4,86.7,95.6,103.0,113.5
Fichte,60,127,05-07,60.6,63.1,75.5,86.7,96.0,103.4,113.9
Fichte,60,128,05-08,60.3,63.0,75.6,86.7,96.0,103.6,113.3
Fichte,60,129,05-09,60.0,62.8,75.8,86.7,96.1,103.5,112.3
Fichte,60,130,05-10,59.7,62.5,76.1,86.7,96.2,103.8,111.3
Fichte,60,131,05-11,59.4,62.1,76.5,86.9,96.3,103.9,112.5
Fichte,60,132,05-12,59.4,62.1,76.8,87.3,96.6,103.3,111.9
Fichte,60,133,05-13,59.3,62.1,77.0,87.6,96.7,103.2,111.1
Fichte,60,134,05-14,59.1,62.1,77.1,88,96.7,103.4,111.0
Fichte,60,135,05-15,58.8,62.1,77.3,88.3,96.8,103.5,111.2
Fichte,60,136,05-16,58.5,62.0,77.4,88.6,96.9,103.6,110.8
Fichte,60,137,05-17,58.2,62.0,77.4,88.7,97.1,103.6,110.4
Fichte,60,138,05-18,57.9,61.9,77.4,88.8,97.1,102.9,109.6
Fichte,60,139,05-19,57.6,61.8,77.4,88.9,96.9,102.4,108.8
Fichte,60,140,05-20,57.3,61.8,77.5,89.1,96.8,102.4,109.1
Fichte,60,141,05-21,57.0,61.7,77.5,89.3,96.9,102.8,110.2
Fichte,60,142,05-22,56.7,61.8,77.3,89.1,97.0,104.2,112.9
Fichte,60,143,05-23,56.5,61.9,77.1,88.8,97.0,105.3,114.1
Fichte,60,144,05-24,56.4,62.1,76.9,88.8,97.3,105.7,113.9
Fichte,60,145,05-25,56.4,62.1,76.9,88.9,97.3,105.4,113.6
Fichte,60,146,05-26,56.4,62.2,76.9,89.1,97.2,105.5,113.4
Fichte,60,147,05-27,56.5,62.2,76.9,89.1,97.0,105.3,113.6
Fichte,60,148,05-28,56.8,62.1,77.1,89.1,96.9,105.2,113.6
Fichte,60,149,05-29,57.0,62.2,77.4,89.2,96.9,105.2,113.7
Fichte,60,150,05-30,57.4,62.4,77.7,89.2,96.8,105.0,113.9
Fichte,60,151,05-31,57.7,62.6,77.9,89,96.7,104.8,113.8
Fichte,60,152,06-01,58.0,62.8,78.1,88.8,96.6,105.0,114.5
Fichte,60,153,06-02,58.3,63.0,78.3,88.6,96.7,105.4,115.5
Fichte,60,154,06-03,58.7,63.2,78.5,88.4,96.8,105.4,115.6
Fichte,60,155,06-04,59.1,63.4,78.8,88.4,96.9,105.5,115.7
Fichte,60,156,06-05,59.6,63.8,79.0,88.2,96.8,105.5,115.7
Fichte,60,157,06-06,60.0,64.3,79.2,88.1,96.6,105.6,116.4
Fichte,60,158,06-07,60.4,64.8,79.3,88,96.5,105.9,117.3
Fichte,60,159,06-08,60.9,65.2,79.5,87.8,96.5,106.3,117.5
Fichte,60,160,06-09,61.5,65.6,79.6,87.8,96.7,106.3,117.6
Fichte,60,161,06-10,62.1,65.9,79.7,87.9,96.6,106.2,116.1
Fichte,60,162,06-11,62.7,66.1,79.9,87.9,96.3,104.6,112.9
Fichte,60,163,06-12,63.2,66.4,80.1,87.9,96.1,103.6,112.1
Fichte,60,164,06-13,63.5,66.6,80.3,87.9,95.6,103.0,112.9
Fichte,60,165,06-14,63.7,66.8,80.2,87.8,95.3,102.9,113.0
Fichte,60,166,06-15,63.7,67.0,80.1,87.7,95.1,102.8,112.7
Fichte,60,167,06-16,63.6,67.3,79.9,87.6,95.0,102.7,112.5
Fichte,60,168,06-17,63.4,67.4,79.6,87.6,94.9,102.6,112.5
Fichte,60,169,06-18,63.0,67.5,79.0,87.6,94.6,102.4,112.4
Fichte,60,170,06-19,62.7,67.5,78.3,87.5,94.5,102.1,112.0
Fichte,60,171,06-20,62.2,67.6,77.8,87.5,94.3,101.2,110.1
Fichte,60,172,06-21,61.8,67.8,77.6,87.5,94.0,100.4,109.9
Fichte,60,173,06-22,61.2,67.9,77.5,87.5,93.6,100.0,108.7
Fichte,60,174,06-23,60.6,68.0,77.5,87.4,93.1,99.5,108.5
Fichte,60,175,06-24,59.8,68.2,77.3,87.4,92.8,99.0,108.1
Fichte,60,176,06-25,59.0,68.1,77.2,87.5,92.4,98.4,107.7
Fichte,60,177,06-26,58.2,67.8,77.1,87.5,92.1,98.2,106.9
Fichte,60,178,06-27,57.3,67.5,77.0,87.5,91.8,97.9,106.0
Fichte,60,179,06-28,56.3,67.1,76.9,87.5,91.5,97.5,105.8
Fichte,60,180,06-29,55.3,66.7,76.9,87.3,91.3,97.4,104.9
Fichte,60,181,06-30,54.2,66.4,76.8,87,91.0,97.2,104.6
Fichte,60,182,07-01,53.2,66.4,76.6,86.7,91.0,97.0,104.4
Fichte,60,183,07-02,52.2,66.3,76.5,86.4,90.9,96.6,103.8
Fichte,60,184,07-03,51.2,66.2,76.3,86.2,91.0,96.9,103.2
Fichte,60,185,07-04,51.2,65.9,76.2,86.2,91.3,96.8,103.1
Fichte,60,186,07-05,51.3,66.1,76.3,86,91.3,96.7,103.1
Fichte,60,187,07-06,51.4,66.2,76.4,85.9,91.3,96.8,103.1
Fichte,60,188,07-07,51.4,66.3,76.4,85.7,91.2,97.1,103.1
Fichte,60,189,07-08,51.4,66.5,76.4,85.5,91.2,97.3,103.1
Fichte,60,190,07-09,51.4,66.5,76.4,85.4,91.0,97.6,103.1
Fichte,60,191,07-10,51.5,66.3,76.0,85.3,91.0,97.9,103.8
Fichte,60,192,07-11,51.5,66.1,75.5,85.1,91.0,97.7,102.5
Fichte,60,193,07-12,51.6,65.8,74.9,84.9,91.0,97.6,102.6
Fichte,60,194,07-13,51.8,65.5,74.2,84.8,91.3,97.8,102.6
Fichte,60,195,07-14,52.0,65.2,73.6,84.7,91.5,98.3,102.7
Fichte,60,196,07-15,52.2,64.9,72.9,84.5,91.6,98.6,102.9
Fichte,60,197,07-16,52.7,64.6,72.2,84.4,91.6,98.7,102.9
Fichte,60,198,07-17,53.3,64.4,71.5,84.3,91.8,98.5,102.9
Fichte,60,199,07-18,53.7,64.1,70.8,84.4,92.1,98.6,102.8
Fichte,60,200,07-19,54.2,63.9,70.1,84.5,92.1,98.6,103.0
Fichte,60,201,07-20,54.5,63.8,69.4,84.7,92.1,98.4,102.9
Fichte,60,202,07-21,54.9,63.1,68.6,84.8,92.2,98.5,102.8
Fichte,60,203,07-22,55.1,62.5,67.9,85,92.1,98.5,103.0
Fichte,60,204,07-23,55.3,61.9,67.3,85.1,92.0,98.4,102.4
Fichte,60,205,07-24,54.4,61.3,66.8,85.3,91.7,98.4,102.5
Fichte,60,206,07-25,53.4,60.2,67.0,85.5,92.0,99.1,103.2
Fichte,60,207,07-26,52.4,59.1,67.2,85.6,92.4,99.3,103.3
Fichte,60,208,07-27,51.6,57.9,67.5,85.8,92.7,99.7,104.2
Fichte,60,209,07-28,51.0,56.8,67.7,86.1,93.0,99.8,104.3
Fichte,60,210,07-29,50.2,55.6,68.0,86.3,93.1,99.8,104.4
Fichte,60,211,07-30,49.5,54.7,68.3,86.5,93.1,99.9,103.8
Fichte,60,212,07-31,48.7,54.0,68.5,86.8,93.1,100.0,104.0
Fichte,60,213,08-01,47.8,53.3,68.8,87,93.2,100.1,104.0
Fichte,60,214,08-02,46.9,52.7,69.0,87,93.2,100.6,104.2
Fichte,60,215,08-03,45.8,51.9,69.2,87,93.2,100.5,104.4
Fichte,60,216,08-04,44.6,50.9,69.3,87,93.4,100.6,104.3
Fichte,60,217,08-05,43.1,49.9,69.5,87.1,93.6,100.4,104.3
Fichte,60,218,08-06,41.6,49.2,69.6,87.1,93.8,100.5,104.3
Fichte,60,219,08-07,40.1,48.6,69.8,87,93.9,100.6,104.4
Fichte,60,220,08-08,39.5,47.9,70.0,86.9,94.0,100.7,104.5
Fichte,60,221,08-09,38.8,47.2,70.2,86.8,94.2,101.0,105.6
Fichte,60,222,08-10,38.3,46.6,70.5,86.8,94.5,101.6,106.0
Fichte,60,223,08-11,37.8,46.0,71.1,86.9,94.9,102.0,106.6
Fichte,60,224,08-12,37.3,45.3,71.8,86.8,95.2,101.9,106.8
Fichte,60,225,08-13,37.0,44.7,72.3,86.6,95.5,101.8,106.2
Fichte,60,226,08-14,36.6,44.2,72.0,86.4,95.4,101.1,105.0
Fichte,60,227,08-15,36.5,43.6,71.8,86.3,95.1,100.7,104.5
Fichte,60,228,08-16,36.2,43.3,71.6,86.2,94.9,100.0,103.6
Fichte,60,229,08-17,35.8,43.0,71.4,86.1,94.9,99.8,104.3
Fichte,60,230,08-18,35.5,43.1,71.2,86.1,94.9,99.6,105.2
Fichte,60,231,08-19,35.2,43.1,71.1,86,95.0,100.2,106.4
Fichte,60,232,08-20,35.0,42.9,71.3,86,95.2,100.4,106.6
Fichte,60,233,08-21,34.9,42.7,71.7,86.1,95.2,100.5,106.7
Fichte,60,234,08-22,34.7,42.6,72.1,86.4,95.5,100.5,107.0
Fichte,60,235,08-23,34.7,42.5,72.5,86.8,95.8,101.0,107.2
Fichte,60,236,08-24,34.8,42.6,73.0,87.1,95.8,101.1,107.3
Fichte,60,237,08-25,35.0,42.7,73.5,87.3,95.9,101.3,107.3
Fichte,60,238,08-26,35.2,42.5,74.2,87.4,95.8,101.3,107.2
Fichte,60,239,08-27,35.5,42.2,74.8,87.7,95.5,101.1,107.2
Fichte,60,240,08-28,34.9,42.0,75.4,87.9,95.4,100.8,106.7
Fichte,60,241,08-29,34.2,41.6,75.9,88.2,95.1,100.5,106.1
Fichte,60,242,08-30,33.5,41.5,76.5,88.3,94.8,99.9,106.5
Fichte,60,243,08-31,32.7,41.5,76.7,88.3,94.3,99.3,106.0
Fichte,60,244,09-01,31.9,41.6,76.9,88.3,93.9,99.0,105.6
Fichte,60,245,09-02,30.9,42.7,77.2,88.4,93.5,98.6,105.6
Fichte,60,246,09-03,30.0,44.2,77.3,88.4,93.1,98.7,106.0
Fichte,60,247,09-04,28.9,45.5,77.3,88.4,92.9,98.7,106.9
Fichte,60,248,09-05,27.9,46.7,77.2,88.4,92.7,98.7,107.0
Fichte,60,249,09-06,27.0,47.8,77.2,88.4,92.5,98.6,106.0
Fichte,60,250,09-07,26.1,48.9,77.2,88.4,92.6,98.6,105.6
Fichte,60,251,09-08,25.2,50.0,77.6,88.4,92.6,97.7,104.9
Fichte,60,252,09-09,24.4,51.1,77.7,88.4,92.6,97.3,104.8
Fichte,60,253,09-10,23.6,52.1,77.6,88.4,92.6,97.0,104.7
Fichte,60,254,09-11,22.9,53.1,77.6,88.3,92.1,96.6,104.0
Fichte,60,255,09-12,22.2,54.1,77.6,88.1,91.8,95.8,103.2
Fichte,60,256,09-13,21.4,55.2,77.7,88,91.7,95.7,103.1
Fichte,60,257,09-14,20.7,56.4,77.8,87.9,91.7,95.5,103.0
Fichte,60,258,09-15,20.0,58.1,77.7,88,91.8,95.6,103.1
Fichte,60,259,09-16,19.3,59.9,77.7,88,92.1,95.6,103.1
Fichte,60,260,09-17,18.6,61.9,77.7,88,92.3,95.8,103.7
Fichte,60,261,09-18,17.9,63.8,77.7,88.2,92.5,96.1,103.5
Fichte,60,262,09-19,17.2,65.6,77.7,88.4,92.7,96.5,103.0
Fichte,60,263,09-20,16.5,67.2,77.7,88.6,92.9,96.8,102.9
Fichte,60,264,09-21,15.8,68.8,77.7,88.9,93.1,97.1,102.9
Fichte,60,265,09-22,15.1,69.5,77.6,89,93.4,97.4,104.2
Fichte,60,266,09-23,14.4,69.8,77.7,89.1,93.6,97.5,104.3
Fichte,60,267,09-24,13.7,70.2,77.8,89.2,93.9,97.6,103.6
Fichte,60,268,09-25,12.9,70.7,78.0,89.3,94.0,97.8,103.6
Fichte,60,269,09-26,12.1,71.1,78.4,89.3,94.1,98.0,103.9
Fichte,60,270,09-27,11.2,71.2,78.6,89.5,94.0,98.2,103.4
Fichte,60,271,09-28,10.3,71.2,78.5,89.6,93.9,98.4,102.9
Fichte,60,272,09-29,9.5,71.2,78.4,89.7,93.9,98.7,103.2
Fichte,60,273,09-30,8.7,71.3,78.3,89.6,93.8,99.4,104.0
Fichte,60,274,10-01,7.9,71.3,78.3,89.6,93.8,99.9,104.5
Fichte,60,275,10-02,7.1,71.3,78.4,89.4,93.7,100.1,104.8
Fichte,60,276,10-03,6.3,71.2,78.4,89.3,93.6,100.1,104.9
Fichte,60,277,10-04,6.2,71.1,78.5,89.2,93.5,100.1,105.1
Fichte,60,278,10-05,6.1,70.6,78.6,89.1,93.3,100.1,105.1
Fichte,60,279,10-06,6.0,69.9,78.6,89,93.1,100.1,105.3
Fichte,60,280,10-07,5.8,69.2,78.8,88.8,92.9,99.9,104.9
Fichte,60,281,10-08,5.7,68.5,78.9,88.5,92.6,99.6,104.4
Fichte,60,282,10-09,5.6,67.9,79.1,88.2,92.4,99.3,104.1
Fichte,60,283,10-10,5.7,67.2,79.3,87.9,92.3,99.0,103.9
Fichte,60,284,10-11,5.8,66.5,79.4,87.7,92.2,98.8,103.8
Fichte,60,285,10-12,5.9,65.9,79.6,87.5,92.1,98.6,102.5
Fichte,60,286,10-13,6.2,65.3,79.7,87.4,92.0,98.3,102.1
Fichte,60,287,10-14,6.6,64.7,79.9,87.4,91.9,98.0,101.9
Fichte,60,288,10-15,7.0,64.2,80.0,87.4,92.0,97.8,101.9
Fichte,60,289,10-16,7.5,63.9,79.9,87.5,92.0,97.5,101.6
Fichte,60,290,10-17,8.0,63.6,80.0,87.5,92.1,97.3,101.4
Fichte,60,291,10-18,8.5,63.4,80.2,87.5,92.2,97.1,101.1
Fichte,60,292,10-19,9.0,63.3,80.6,87.4,92.2,96.8,100.3
Fichte,60,293,10-20,9.5,63.3,81.1,87.6,92.2,96.1,99.3
Fichte,60,294,10-21,10.0,63.5,81.4,87.8,92.3,95.5,98.8
Fichte,60,295,10-22,10.5,63.7,81.6,87.9,92.3,95.3,98.5
Fichte,60,296,10-23,10.9,63.9,81.9,87.9,92.5,95.3,98.3
Fichte,60,297,10-24,10.7,64.2,82.1,87.9,92.6,95.3,98.2
Fichte,60,298,10-25,10.5,64.5,82.3,88,92.8,95.3,98.2
Fichte,60,299,10-26,10.4,64.8,82.6,88.1,92.7,95.4,98.5
Fichte,60,300,10-27,10.3,65.1,82.8,88.2,92.8,95.6,98.8
Fichte,60,301,10-28,10.2,65.6,83.0,88.4,92.9,95.9,98.8
Fichte,60,302,10-29,10.1,66.3,83.3,88.6,92.9,96.0,98.9
Fichte,60,303,10-30,10.1,67.2,83.5,88.8,93.1,96.2,99.0
Fichte,60,304,10-31,10.0,68.2,83.8,89.1,93.2,96.4,99.1
Fichte,60,305,11-01,9.9,69.3,84.2,89.3,93.4,96.6,99.1
Fichte,60,306,11-02,9.8,70.5,84.5,89.5,93.7,96.9,99.6
Fichte,60,307,11-03,9.7,71.8,84.9,89.7,93.9,97.3,101.3
Fichte,60,308,11-04,9.5,72.9,85.3,89.9,94.1,97.4,101.2
Fichte,60,309,11-05,9.3,74.0,85.8,90,94.3,97.6,102.4
Fichte,60,310,11-06,9.1,75.0,86.1,90.1,94.5,97.8,102.9
Fichte,60,311,11-07,8.8,76.0,86.3,90.3,94.7,97.9,105.2
Fichte,60,312,11-08,8.5,76.9,86.4,90.5,94.9,98.1,106.0
Fichte,60,313,11-09,8.2,77.7,86.3,90.5,95.1,98.4,106.7
Fichte,60,314,11-10,9.3,78.5,86.3,90.7,95.4,98.6,107.4
Fichte,60,315,11-11,12.4,79.3,86.2,90.9,95.6,98.9,107.7
Fichte,60,316,11-12,15.3,80.1,86.2,91,95.8,99.1,107.9
Fichte,60,317,11-13,18.1,80.8,86.2,91.2,96.0,99.3,108.0
Fichte,60,318,11-14,20.9,81.6,86.2,91.5,96.2,99.4,108.1
Fichte,60,319,11-15,23.8,82.3,86.2,91.8,96.5,99.5,107.6
Fichte,60,320,11-16,26.6,83.0,86.2,92,96.8,99.5,107.6
Fichte,60,321,11-17,29.4,83.6,86.2,92.2,97.1,99.5,107.8
Fichte,60,322,11-18,32.3,83.9,86.1,92.3,97.4,99.7,107.9
Fichte,60,323,11-19,35.2,84.1,86.1,92.4,97.5,99.8,108.2
Fichte,60,324,11-20,38.1,84.2,86.1,92.7,97.7,100.0,108.5
Fichte,60,325,11-21,41.1,84.2,86.0,93,97.8,100.2,110.4
Fichte,60,326,11-22,44.1,84.0,85.9,93.3,97.9,100.3,111.3
Fichte,60,327,11-23,47.2,83.9,85.8,93.6,98.0,100.3,109.8
Fichte,60,328,11-24,50.3,83.8,85.8,93.8,98.2,100.5,110.2
Fichte,60,329,11-25,53.4,83.8,85.9,94.1,98.3,100.8,109.9
Fichte,60,330,11-26,56.6,83.8,86.1,94.3,98.5,101.0,110.4
Fichte,60,331,11-27,59.9,83.8,86.3,94.6,98.7,101.2,110.1
Fichte,60,332,11-28,63.2,83.9,86.5,94.8,98.8,101.4,111.3
Fichte,60,333,11-29,66.5,84.1,86.7,95,98.9,101.5,111.3
Fichte,60,334,11-30,68.3,84.3,86.9,95.1,99.0,102.2,113.1
Fichte,60,335,12-01,68.2,84.5,87.2,95.4,99.2,102.8,115.0
Fichte,60,336,12-02,68.3,84.8,87.5,95.7,99.4,103.3,116.9
Fichte,60,337,12-03,68.5,85.1,87.8,95.9,99.5,103.7,119.2
Fichte,60,338,12-04,68.7,85.4,88.1,96.1,99.6,103.8,119.7
Fichte,60,339,12-05,68.9,85.7,88.4,96.2,99.7,104.0,119.8
Fichte,60,340,12-06,69.1,86.0,88.6,96.3,99.9,104.1,120.1
Fichte,60,341,12-07,69.3,86.3,88.9,96.4,100.1,104.3,121.3
Fichte,60,342,12-08,69.5,86.7,89.1,96.5,100.2,104.5,121.9
Fichte,60,343,12-09,69.7,87.0,89.4,96.6,100.4,104.6,121.8
Fichte,60,344,12-10,70.0,87.2,89.6,96.5,100.6,104.6,121.8
Fichte,60,345,12-11,70.3,87.5,89.8,96.4,100.8,104.7,120.2
Fichte,60,346,12-12,70.5,87.8,90.1,96.3,100.9,105.0,119.4
Fichte,60,347,12-13,70.7,88.1,90.4,96.3,101.1,105.9,120.4
Fichte,60,348,12-14,70.8,88.3,90.7,96.3,101.3,106.2,120.7
Fichte,60,349,12-15,71.0,88.5,90.8,96.5,101.4,106.2,120.4
Fichte,60,350,12-16,71.1,88.6,90.8,96.6,101.4,106.1,119.8
Fichte,60,351,12-17,71.3,88.8,90.8,96.6,101.5,106.2,118.3
Fichte,60,352,12-18,71.4,88.9,90.9,96.5,101.6,106.3,116.8
Fichte,60,353,12-19,71.5,88.9,91.0,96.5,101.6,106.3,116.5
Fichte,60,354,12-20,71.6,88.9,91.0,96.3,101.7,105.8,114.5
Fichte,60,355,12-21,71.7,88.9,91.1,96.2,101.8,105.5,112.9
Fichte,60,356,12-22,71.8,88.8,91.1,96.2,101.8,105.2,111.4
Fichte,60,357,12-23,71.9,88.8,91.0,96.1,101.9,105.1,109.5
Fichte,60,358,12-24,71.9,88.8,91.0,96.1,101.9,105.2,109.4
Fichte,60,359,12-25,72.0,88.7,90.9,96,102.0,105.2,109.7
Fichte,60,360,12-26,72.2,88.7,90.9,96,101.9,105.3,109.7
Fichte,60,361,12-27,72.3,88.6,90.9,96,102.0,105.4,108.3
Fichte,60,362,12-28,72.4,88.5,91.0,96,102.0,105.5,108.0
Fichte,60,363,12-29,72.4,88.4,91.0,96.1,102.1,105.7,108.3
Fichte,60,364,12-30,72.5,88.4,91.1,96.3,102.2,106.0,108.7
Fichte,60,365,12-31,72.5,88.3,91.2,96.5,102.3,106.2,
Fichte_geduengt,15,1,01-01,86.6,91.4,93.1,97.3,113.9,120.8,128.1
Fichte_geduengt,15,2,01-02,86.9,91.5,93.2,97.1,113.5,120.5,128.5
Fichte_geduengt,15,3,01-03,87.4,91.7,93.3,97.1,112.9,120.3,128.5
Fichte_geduengt,15,4,01-04,87.8,91.8,93.3,97.3,112.7,120.6,129.2
Fichte_geduengt,15,5,01-05,88.1,91.9,93.4,97.3,112.5,120.9,129.8
Fichte_geduengt,15,6,01-06,88.4,91.9,93.4,97.3,112.3,121.0,130.3
Fichte_geduengt,15,7,01-07,88.7,92.0,93.5,97.3,112.1,121.1,130.8
Fichte_geduengt,15,8,01-08,88.9,92.1,93.6,97.5,112.6,121.6,131.1
Fichte_geduengt,15,9,01-09,89.1,92.1,93.7,97.5,112.8,121.6,131.4
Fichte_geduengt,15,10,01-10,89.3,92.2,93.7,97.6,112.6,121.6,131.7
Fichte_geduengt,15,11,01-11,89.7,92.4,93.8,97.6,113.0,122.0,132.6
Fichte_geduengt,15,12,01-12,90.0,92.6,93.9,97.6,113.7,122.6,133.5
Fichte_geduengt,15,13,01-13,90.2,92.7,93.9,97.7,113.9,123.1,134.0
Fichte_geduengt,15,14,01-14,90.4,92.6,94.0,97.8,114.2,123.3,134.1
Fichte_geduengt,15,15,01-15,90.5,92.6,94.1,97.9,114.1,123.3,134.5
Fichte_geduengt,15,16,01-16,90.7,92.5,94.2,98,113.8,122.9,134.9
Fichte_geduengt,15,17,01-17,90.9,92.4,94.3,98,113.6,122.8,135.4
Fichte_geduengt,15,18,01-18,91.0,92.4,94.4,98.1,113.7,123.3,136.0
Fichte_geduengt,15,19,01-19,91.2,92.3,94.6,98.3,113.9,122.8,136.1
Fichte_geduengt,15,20,01-20,91.4,92.2,94.7,98.4,113.8,122.7,136.8
Fichte_geduengt,15,21,01-21,91.5,92.3,94.9,99,113.7,122.8,137.5
Fichte_geduengt,15,22,01-22,91.5,92.5,95.2,99.6,114.0,122.9,138.3
Fichte_geduengt,15,23,01-23,91.4,92.6,95.5,99.8,114.4,123.0,140.0
Fichte_geduengt,15,24,01-24,91.4,92.8,95.7,100.1,114.9,122.8,140.8
Fichte_geduengt,15,25,01-25,91.6,93.0,95.9,100.3,115.2,122.6,139.9
Fichte_geduengt,15,26,01-26,91.7,93.1,96.1,100.6,115.2,122.4,139.0
Fichte_geduengt,15,27,01-27,91.7,93.2,96.2,100.7,115.1,122.3,139.7
Fichte_geduengt,15,28,01-28,91.7,93.3,96.3,100.7,114.6,121.8,140.3
Fichte_geduengt,15,29,01-29,91.8,93.3,96.4,100.8,114.4,121.7,140.8
Fichte_geduengt,15,30,01-30,91.8,93.3,96.5,100.8,114.4,121.6,141.2
Fichte_geduengt,15,31,01-31,91.9,93.4,96.6,100.8,114.4,121.4,141.5
Fichte_geduengt,15,32,02-01,91.9,93.5,96.7,100.9,114.0,120.9,141.8
Fichte_geduengt,15,33,02-02,91.9,93.7,96.7,101,113.4,120.5,142.0
Fichte_geduengt,15,34,02-03,92.0,93.8,96.8,101,113.1,120.4,142.1
Fichte_geduengt,15,35,02-04,92.0,94.0,96.7,101.2,113.1,120.3,142.3
Fichte_geduengt,15,36,02-05,92.1,94.1,96.7,101.3,113.1,120.3,142.4
Fichte_geduengt,15,37,02-06,92.2,94.2,96.7,101.5,113.0,120.2,142.5
Fichte_geduengt,15,38,02-07,92.3,94.3,96.7,101.5,112.5,119.5,142.5
Fichte_geduengt,15,39,02-08,92.3,94.3,96.8,101.6,112.1,119.3,142.5
Fichte_geduengt,15,40,02-09,92.4,94.6,97.0,101.8,111.9,119.1,142.0
Fichte_geduengt,15,41,02-10,92.3,94.5,97.1,101.4,111.7,119.0,141.2
Fichte_geduengt,15,42,02-11,92.3,94.5,97.0,101.1,111.4,119.0,140.5
Fichte_geduengt,15,43,02-12,92.2,94.4,96.9,101,111.3,118.9,139.2
Fichte_geduengt,15,44,02-13,92.0,94.2,96.8,100.8,111.2,118.8,138.3
Fichte_geduengt,15,45,02-14,91.7,94.2,96.8,100.6,110.9,119.0,139.1
Fichte_geduengt,15,46,02-15,91.6,94.1,96.7,100.4,110.7,119.1,139.8
Fichte_geduengt,15,47,02-16,91.6,94.0,96.6,100.2,110.4,119.3,139.0
Fichte_geduengt,15,48,02-17,91.5,93.9,96.5,100,110.0,119.4,138.3
Fichte_geduengt,15,49,02-18,91.5,93.8,96.4,99.8,109.6,119.5,137.8
Fichte_geduengt,15,50,02-19,91.4,93.7,96.2,99.7,109.8,119.8,137.3
Fichte_geduengt,15,51,02-20,91.3,93.6,96.1,99.7,109.8,120.6,137.0
Fichte_geduengt,15,52,02-21,91.2,93.4,95.9,99.7,109.8,121.2,136.6
Fichte_geduengt,15,53,02-22,91.1,93.2,95.8,99.5,109.8,121.9,136.4
Fichte_geduengt,15,54,02-23,91.0,93.0,95.7,99.3,109.6,122.4,136.2
Fichte_geduengt,15,55,02-24,90.9,92.9,95.7,99.3,109.5,122.7,136.1
Fichte_geduengt,15,56,02-25,90.9,92.9,95.6,99.3,109.8,123.0,136.4
Fichte_geduengt,15,57,02-26,90.8,92.8,95.5,99.3,109.7,123.3,136.8
Fichte_geduengt,15,58,02-27,90.8,92.8,95.6,99.4,109.9,123.7,137.2
Fichte_geduengt,15,59,02-28,90.7,92.8,95.5,99.3,109.9,124.2,137.4
Fichte_geduengt,15,60,03-01,90.7,92.7,95.3,99.1,109.8,124.6,137.6
Fichte_geduengt,15,61,03-02,90.9,92.7,95.2,99,109.9,124.9,137.8
Fichte_geduengt,15,62,03-03,91.1,92.6,95.1,99.1,110.2,125.1,137.9
Fichte_geduengt,15,63,03-04,91.4,92.7,95.1,99,110.1,125.2,138.0
Fichte_geduengt,15,64,03-05,91.7,92.7,95.1,99,109.9,125.2,138.1
Fichte_geduengt,15,65,03-06,91.9,92.7,95.1,98.9,109.9,124.9,138.1
Fichte_geduengt,15,66,03-07,91.8,92.7,95.2,99,110.0,124.6,138.2
Fichte_geduengt,15,67,03-08,91.8,92.7,95.1,99.1,110.1,124.2,138.3
Fichte_geduengt,15,68,03-09,91.7,92.8,95.2,99.2,110.2,123.8,138.5
Fichte_geduengt,15,69,03-10,91.6,92.8,95.1,99.3,110.0,123.4,138.6
Fichte_geduengt,15,70,03-11,91.5,92.9,95.2,99.2,109.4,122.8,138.7
Fichte_geduengt,15,71,03-12,91.4,92.7,95.1,98.9,108.7,121.8,138.8
Fichte_geduengt,15,72,03-13,91.2,92.6,95.0,98.7,108.1,120.9,138.9
Fichte_geduengt,15,73,03-14,91.0,92.4,94.9,98.4,107.6,120.0,138.9
Fichte_geduengt,15,74,03-15,90.9,92.3,94.8,98.2,107.1,119.3,138.9
Fichte_geduengt,15,75,03-16,90.6,92.1,94.6,97.9,106.4,118.9,138.8
Fichte_geduengt,15,76,03-17,90.5,91.9,94.4,97.4,105.5,118.5,138.4
Fichte_geduengt,15,77,03-18,90.3,91.7,94.3,97,105.1,118.0,137.8
Fichte_geduengt,15,78,03-19,90.0,91.5,94.0,96.5,104.5,117.3,137.5
Fichte_geduengt,15,79,03-20,89.8,91.3,93.6,96,104.1,117.1,137.3
Fichte_geduengt,15,80,03-21,89.4,91.1,93.2,95.6,103.8,117.0,137.2
Fichte_geduengt,15,81,03-22,88.8,90.7,92.8,95,103.4,116.8,137.2
Fichte_geduengt,15,82,03-23,88.1,90.2,92.3,94.4,102.7,116.7,137.1
Fichte_geduengt,15,83,03-24,87.3,89.6,91.6,93.9,102.2,116.7,137.1
Fichte_geduengt,15,84,03-25,86.7,89.0,90.9,93.4,101.5,116.9,137.1
Fichte_geduengt,15,85,03-26,86.1,88.3,90.2,92.8,100.9,117.2,137.1
Fichte_geduengt,15,86,03-27,85.5,87.6,89.6,92.3,100.4,117.4,137.2
Fichte_geduengt,15,87,03-28,84.8,87.0,88.9,91.6,99.8,117.6,137.2
Fichte_geduengt,15,88,03-29,84.2,86.2,88.2,91.1,99.6,117.8,137.1
Fichte_geduengt,15,89,03-30,83.5,85.4,87.5,90.6,99.5,117.9,137.2
Fichte_geduengt,15,90,03-31,82.8,84.6,86.8,90.1,100.2,117.9,137.3
Fichte_geduengt,15,91,04-01,82.1,83.9,86.1,89.6,100.6,117.8,137.4
Fichte_geduengt,15,92,04-02,81.3,83.2,85.3,89.2,100.6,117.7,137.6
Fichte_geduengt,15,93,04-03,80.5,82.5,84.5,88.8,100.6,117.4,137.7
Fichte_geduengt,15,94,04-04,79.6,81.7,83.7,88.4,100.5,117.0,137.7
Fichte_geduengt,15,95,04-05,78.7,80.7,83.1,88,100.3,116.4,137.7
Fichte_geduengt,15,96,04-06,77.5,79.9,82.4,87.7,100.2,116.1,137.6
Fichte_geduengt,15,97,04-07,76.3,79.1,81.9,87.4,100.0,115.9,137.4
Fichte_geduengt,15,98,04-08,75.2,78.3,81.6,87.3,99.8,116.0,137.0
Fichte_geduengt,15,99,04-09,74.0,77.4,81.3,87.3,99.6,115.4,137.1
Fichte_geduengt,15,100,04-10,72.9,76.4,81.1,87.2,99.5,114.8,137.7
Fichte_geduengt,15,101,04-11,71.8,75.5,80.9,87,99.5,114.3,138.1
Fichte_geduengt,15,102,04-12,70.6,74.5,80.7,86.9,99.4,113.8,138.4
Fichte_geduengt,15,103,04-13,69.6,73.5,80.5,86.8,99.3,113.2,138.5
Fichte_geduengt,15,104,04-14,68.7,73.0,80.5,86.8,99.4,112.2,138.4
Fichte_geduengt,15,105,04-15,67.7,72.4,80.3,87,99.6,111.1,138.2
Fichte_geduengt,15,106,04-16,66.6,71.7,80.1,87.4,99.8,110.4,138.0
Fichte_geduengt,15,107,04-17,65.6,70.9,80.0,87.8,100.1,110.4,137.6
Fichte_geduengt,15,108,04-18,64.5,70.2,79.8,88.2,100.7,110.8,137.3
Fichte_geduengt,15,109,04-19,63.7,70.0,79.9,88.5,101.4,111.0,136.8
Fichte_geduengt,15,110,04-20,62.9,69.8,80.0,88.9,101.4,111.1,136.4
Fichte_geduengt,15,111,04-21,62.0,69.6,80.2,89.2,101.8,112.0,136.4
Fichte_geduengt,15,112,04-22,61.8,70.1,80.6,89.9,102.8,112.9,138.4
Fichte_geduengt,15,113,04-23,61.8,70.9,81.3,90.6,104.1,113.8,138.7
Fichte_geduengt,15,114,04-24,61.7,71.6,82.0,91.2,105.3,114.9,138.6
Fichte_geduengt,15,115,04-25,61.6,72.3,82.7,92,106.3,116.0,138.3
Fichte_geduengt,15,116,04-26,61.6,73.1,83.2,92.6,107.2,116.8,138.2
Fichte_geduengt,15,117,04-27,61.5,73.9,83.6,93.1,108.2,117.6,138.0
Fichte_geduengt,15,118,04-28,61.3,74.6,83.7,93.9,109.4,117.9,137.7
Fichte_geduengt,15,119,04-29,61.1,75.2,83.7,94.4,110.2,118.2,136.9
Fichte_geduengt,15,120,04-30,61.0,76.0,83.7,94.9,110.9,118.5,135.7
Fichte_geduengt,15,121,05-01,60.9,76.7,83.7,95.5,111.4,118.8,135.0
Fichte_geduengt,15,122,05-02,60.8,77.5,84.0,96.4,112.0,119.0,134.4
Fichte_geduengt,15,123,05-03,60.6,78.4,84.3,97,112.7,119.3,134.1
Fichte_geduengt,15,124,05-04,60.9,78.7,84.7,97.5,113.3,119.9,133.8
Fichte_geduengt,15,125,05-05,61.6,79.2,85.2,97.9,114.1,121.4,133.9
Fichte_geduengt,15,126,05-06,62.5,80.0,85.7,98.1,114.8,122.4,133.9
Fichte_geduengt,15,127,05-07,64.0,81.3,86.4,98.5,115.4,122.7,133.7
Fichte_geduengt,15,128,05-08,65.4,82.7,87.2,98.6,115.3,122.4,133.5
Fichte_geduengt,15,129,05-09,66.6,83.5,87.6,98.9,115.2,122.2,133.3
Fichte_geduengt,15,130,05-10,67.7,84.3,88.2,99.4,115.4,122.7,133.2
Fichte_geduengt,15,131,05-11,69.0,85.0,88.7,100,116.0,122.6,137.0
Fichte_geduengt,15,132,05-12,69.4,85.0,89.1,100.2,116.2,122.5,134.3
Fichte_geduengt,15,133,05-13,70.1,84.7,89.1,100.4,115.5,122.1,133.3
Fichte_geduengt,15,134,05-14,70.8,84.7,89.1,100.8,114.8,121.5,132.9
Fichte_geduengt,15,135,05-15,71.5,84.6,88.9,100.7,114.4,121.0,132.7
Fichte_geduengt,15,136,05-16,72.2,84.3,88.8,100.6,114.5,120.9,132.8
Fichte_geduengt,15,137,05-17,72.9,83.9,88.6,100.4,114.4,120.5,132.8
Fichte_geduengt,15,138,05-18,73.6,83.6,88.4,99.9,113.7,120.1,133.0
Fichte_geduengt,15,139,05-19,74.3,83.2,88.2,99.8,112.9,119.8,133.2
Fichte_geduengt,15,140,05-20,75.0,82.8,88.0,99.8,112.7,119.6,133.2
Fichte_geduengt,15,141,05-21,75.6,82.4,87.9,99.6,112.4,121.3,135.9
Fichte_geduengt,15,142,05-22,76.2,81.8,87.5,99.2,112.1,125.0,141.6
Fichte_geduengt,15,143,05-23,76.5,81.2,87.0,98.8,112.2,127.8,144.3
Fichte_geduengt,15,144,05-24,76.2,80.6,86.4,98.4,111.6,128.7,145.1
Fichte_geduengt,15,145,05-25,75.4,80.0,86.4,98,111.1,128.0,145.5
Fichte_geduengt,15,146,05-26,74.4,79.1,86.3,97.5,110.6,127.3,145.8
Fichte_geduengt,15,147,05-27,72.8,77.8,85.8,97.2,110.1,126.5,146.2
Fichte_geduengt,15,148,05-28,71.1,77.2,85.4,97.1,109.8,126.5,146.5
Fichte_geduengt,15,149,05-29,69.4,76.7,85.0,96.8,109.6,126.5,146.7
Fichte_geduengt,15,150,05-30,67.5,76.2,84.4,96.5,109.0,125.8,146.9
Fichte_geduengt,15,151,05-31,65.6,75.7,84.1,96.2,107.9,126.5,144.8
Fichte_geduengt,15,152,06-01,63.7,75.5,83.9,95.9,106.9,126.1,147.5
Fichte_geduengt,15,153,06-02,61.4,75.3,83.8,95.5,106.4,125.5,148.8
Fichte_geduengt,15,154,06-03,59.0,74.8,83.8,95.1,106.1,125.9,149.6
Fichte_geduengt,15,155,06-04,56.4,74.3,83.9,94.8,105.9,125.9,150.5
Fichte_geduengt,15,156,06-05,53.7,73.8,84.0,94.8,105.1,124.9,150.8
Fichte_geduengt,15,157,06-06,51.0,73.3,84.0,95,104.5,124.7,151.2
Fichte_geduengt,15,158,06-07,48.1,72.8,84.0,94.9,104.6,124.6,151.5
Fichte_geduengt,15,159,06-08,45.1,72.3,84.0,94.7,104.7,124.4,151.6
Fichte_geduengt,15,160,06-09,42.0,71.7,84.0,94.3,104.6,124.5,151.7
Fichte_geduengt,15,161,06-10,38.8,71.1,83.9,94.1,104.7,122.7,148.7
Fichte_geduengt,15,162,06-11,35.8,70.5,84.1,94,104.5,118.8,142.7
Fichte_geduengt,15,163,06-12,32.8,69.8,84.4,94.2,104.3,116.1,139.6
Fichte_geduengt,15,164,06-13,30.2,69.2,84.4,94.4,104.8,115.3,138.4
Fichte_geduengt,15,165,06-14,27.6,68.5,83.9,94.5,105.0,115.2,137.4
Fichte_geduengt,15,166,06-15,24.9,67.0,83.4,94.7,105.0,114.9,135.9
Fichte_geduengt,15,167,06-16,22.7,65.4,82.8,94.4,104.8,114.6,134.3
Fichte_geduengt,15,168,06-17,20.8,63.2,82.2,94,104.2,113.6,133.1
Fichte_geduengt,15,169,06-18,18.8,61.0,81.7,93.5,103.5,112.7,132.0
Fichte_geduengt,15,170,06-19,16.7,59.5,81.5,92.8,103.0,112.2,130.9
Fichte_geduengt,15,171,06-20,17.7,59.0,80.8,92.1,102.7,110.4,127.5
Fichte_geduengt,15,172,06-21,19.1,58.5,79.9,91.2,102.3,109.8,124.1
Fichte_geduengt,15,173,06-22,20.7,57.9,78.9,90.4,102.0,109.3,121.8
Fichte_geduengt,15,174,06-23,22.3,57.4,78.0,90.2,101.8,108.0,119.6
Fichte_geduengt,15,175,06-24,24.0,56.9,76.9,90,101.2,107.0,117.4
Fichte_geduengt,15,176,06-25,25.7,56.4,75.8,89.5,100.8,106.4,115.2
Fichte_geduengt,15,177,06-26,27.5,55.9,74.7,89,100.1,105.7,113.3
Fichte_geduengt,15,178,06-27,29.6,55.4,73.8,88.7,99.2,104.9,111.7
Fichte_geduengt,15,179,06-28,31.7,54.8,73.1,88.3,98.5,104.7,111.0
Fichte_geduengt,15,180,06-29,33.7,54.3,72.4,87.8,97.4,105.5,114.6
Fichte_geduengt,15,181,06-30,35.8,53.9,71.4,87.2,96.1,104.9,114.1
Fichte_geduengt,15,182,07-01,37.6,53.5,70.8,86.3,95.0,104.4,113.4
Fichte_geduengt,15,183,07-02,40.2,53.9,70.3,85.3,94.4,103.9,112.6
Fichte_geduengt,15,184,07-03,43.1,54.7,69.9,84.5,93.8,103.4,111.9
Fichte_geduengt,15,185,07-04,46.0,55.5,69.5,83.6,93.4,102.9,111.1
Fichte_geduengt,15,186,07-05,49.1,57.1,69.0,82.8,93.0,102.7,110.9
Fichte_geduengt,15,187,07-06,51.6,58.4,68.5,81.9,93.0,102.9,111.3
Fichte_geduengt,15,188,07-07,53.8,59.6,68.0,80.9,93.0,102.9,111.0
Fichte_geduengt,15,189,07-08,56.2,60.7,67.5,80.1,92.9,102.7,110.5
Fichte_geduengt,15,190,07-09,58.6,61.1,66.7,79.1,92.5,102.3,110.1
Fichte_geduengt,15,191,07-10,58.0,60.3,65.8,78.1,91.8,101.4,109.4
Fichte_geduengt,15,192,07-11,57.2,59.5,65.1,77.7,91.5,100.9,108.5
Fichte_geduengt,15,193,07-12,56.4,58.7,64.2,77.4,91.2,101.1,109.5
Fichte_geduengt,15,194,07-13,55.5,57.9,63.6,76.5,90.9,101.5,110.5
Fichte_geduengt,15,195,07-14,54.7,57.3,63.0,75.6,90.5,102.3,111.3
Fichte_geduengt,15,196,07-15,54.0,56.7,62.9,74.9,90.8,102.6,112.0
Fichte_geduengt,15,197,07-16,53.2,56.0,62.8,74.7,91.1,103.2,112.5
Fichte_geduengt,15,198,07-17,51.7,55.1,62.3,74.4,91.2,103.0,113.4
Fichte_geduengt,15,199,07-18,50.3,54.2,61.7,74.3,91.6,102.8,113.4
Fichte_geduengt,15,200,07-19,49.0,53.5,61.0,74.3,91.9,101.3,109.2
Fichte_geduengt,15,201,07-20,48.0,52.7,60.3,74.4,92.2,101.1,109.1
Fichte_geduengt,15,202,07-21,46.9,51.8,58.8,74.3,92.7,101.2,109.5
Fichte_geduengt,15,203,07-22,45.2,50.2,57.2,74.3,92.7,101.3,109.8
Fichte_geduengt,15,204,07-23,42.7,48.0,55.4,74.1,92.2,101.1,109.9
Fichte_geduengt,15,205,07-24,40.3,45.8,53.5,74.6,91.7,101.3,110.6
Fichte_geduengt,15,206,07-25,37.8,43.7,51.7,75.1,92.5,101.9,111.5
Fichte_geduengt,15,207,07-26,35.4,41.7,49.9,75.9,92.8,102.2,111.9
Fichte_geduengt,15,208,07-27,33.4,40.0,48.1,76.9,93.3,102.5,112.5
Fichte_geduengt,15,209,07-28,31.5,38.3,46.9,78,93.7,102.9,113.0
Fichte_geduengt,15,210,07-29,29.4,36.7,46.0,79.2,93.9,103.5,113.7
Fichte_geduengt,15,211,07-30,27.4,35.1,45.2,80.7,94.6,104.0,114.4
Fichte_geduengt,15,212,07-31,25.6,33.4,44.4,81.4,95.0,104.2,115.1
Fichte_geduengt,15,213,08-01,23.7,31.6,43.8,81.8,95.3,103.8,115.3
Fichte_geduengt,15,214,08-02,21.9,29.8,44.1,82.3,95.5,104.0,115.3
Fichte_geduengt,15,215,08-03,19.9,27.8,44.4,82.9,95.8,103.7,115.5
Fichte_geduengt,15,216,08-04,18.0,25.8,44.2,83.2,95.3,103.7,115.9
Fichte_geduengt,15,217,08-05,16.3,24.5,44.0,82.9,94.8,103.4,116.2
Fichte_geduengt,15,218,08-06,15.3,23.7,44.4,82.6,95.2,103.7,116.2
Fichte_geduengt,15,219,08-07,14.3,23.0,44.6,82.7,95.3,103.9,116.3
Fichte_geduengt,15,220,08-08,14.4,23.2,44.8,82.6,95.5,104.5,116.5
Fichte_geduengt,15,221,08-09,15.0,24.1,45.9,83.3,96.2,105.4,117.3
Fichte_geduengt,15,222,08-10,15.5,25.0,46.9,84,97.2,105.9,117.2
Fichte_geduengt,15,223,08-11,15.9,25.8,47.9,84.8,97.4,105.9,117.1
Fichte_geduengt,15,224,08-12,16.2,26.6,48.9,85.6,97.4,105.8,116.8
Fichte_geduengt,15,225,08-13,16.6,27.4,50.0,85.7,97.5,105.4,116.0
Fichte_geduengt,15,226,08-14,16.9,28.2,51.2,85.6,96.4,104.4,115.0
Fichte_geduengt,15,227,08-15,17.4,29.0,52.5,85.4,95.4,103.4,114.2
Fichte_geduengt,15,228,08-16,17.5,29.5,54.4,84.9,94.5,102.7,113.5
Fichte_geduengt,15,229,08-17,17.8,29.9,56.0,84.6,94.2,102.7,113.1
Fichte_geduengt,15,230,08-18,18.1,30.2,57.3,84.4,94.1,102.7,113.2
Fichte_geduengt,15,231,08-19,18.8,31.1,58.9,84.2,94.1,103.1,113.8
Fichte_geduengt,15,232,08-20,19.1,33.9,60.7,84.2,94.5,103.7,114.2
Fichte_geduengt,15,233,08-21,19.4,36.8,62.8,84.7,94.5,104.3,113.6
Fichte_geduengt,15,234,08-22,20.0,39.6,63.4,85.2,95.0,104.4,113.5
Fichte_geduengt,15,235,08-23,20.9,42.4,64.1,85.4,95.4,104.8,113.4
Fichte_geduengt,15,236,08-24,21.7,45.1,64.9,85.7,95.8,104.9,113.2
Fichte_geduengt,15,237,08-25,22.4,47.2,65.6,86,96.2,104.7,113.1
Fichte_geduengt,15,238,08-26,22.9,49.1,65.9,86.3,95.8,104.3,112.7
Fichte_geduengt,15,239,08-27,23.6,51.0,66.3,86.1,95.4,103.9,112.2
Fichte_geduengt,15,240,08-28,23.1,51.9,66.8,86,95.1,103.0,111.5
Fichte_geduengt,15,241,08-29,22.1,52.0,66.6,85.3,94.4,102.5,110.3
Fichte_geduengt,15,242,08-30,21.1,52.1,66.9,84.7,93.3,102.2,110.0
Fichte_geduengt,15,243,08-31,20.1,52.4,67.2,84.4,92.9,101.8,109.6
Fichte_geduengt,15,244,09-01,19.3,52.7,67.4,84,92.7,101.6,109.3
Fichte_geduengt,15,245,09-02,18.5,53.1,67.6,84,93.1,102.0,109.5
Fichte_geduengt,15,246,09-03,17.6,53.3,67.8,83.9,93.5,102.7,110.3
Fichte_geduengt,15,247,09-04,17.3,53.4,68.2,83.9,94.0,103.3,111.6
Fichte_geduengt,15,248,09-05,17.3,53.6,68.0,83.9,94.5,104.0,112.6
Fichte_geduengt,15,249,09-06,17.1,54.5,67.5,84.2,94.8,104.1,113.3
Fichte_geduengt,15,250,09-07,17.0,55.4,67.3,84.3,95.2,104.6,114.6
Fichte_geduengt,15,251,09-08,16.7,55.7,67.1,84.5,95.2,105.0,114.6
Fichte_geduengt,15,252,09-09,16.4,54.2,66.5,84.6,94.9,105.1,115.0
Fichte_geduengt,15,253,09-10,16.2,52.6,65.8,84.2,94.9,105.1,115.2
Fichte_geduengt,15,254,09-11,15.8,51.0,65.0,83.8,94.4,105.1,114.9
Fichte_geduengt,15,255,09-12,15.0,50.2,64.8,83.5,94.0,105.0,115.0
Fichte_geduengt,15,256,09-13,14.5,49.8,64.7,83.6,93.8,105.3,115.2
Fichte_geduengt,15,257,09-14,14.0,49.8,64.6,83.7,93.9,105.9,115.3
Fichte_geduengt,15,258,09-15,13.7,49.5,64.6,84,94.4,106.5,115.6
Fichte_geduengt,15,259,09-16,13.3,49.3,64.6,84.3,95.0,107.1,115.9
Fichte_geduengt,15,260,09-17,13.0,49.1,64.6,84.6,95.5,108.0,116.4
Fichte_geduengt,15,261,09-18,12.7,48.8,64.5,85.2,96.2,108.4,116.7
Fichte_geduengt,15,262,09-19,12.4,48.6,64.2,85.6,96.8,108.7,116.8
Fichte_geduengt,15,263,09-20,12.1,48.6,63.9,85.8,97.2,108.8,117.1
Fichte_geduengt,15,264,09-21,11.9,48.6,64.5,86.3,97.4,109.0,117.5
Fichte_geduengt,15,265,09-22,11.7,48.6,65.2,86.5,97.6,109.1,118.2
Fichte_geduengt,15,266,09-23,11.5,48.6,66.0,87,97.9,109.1,117.8
Fichte_geduengt,15,267,09-24,10.8,48.6,66.4,87.6,98.1,109.0,116.8
Fichte_geduengt,15,268,09-25,9.6,48.7,66.9,88.1,98.4,109.1,116.2
Fichte_geduengt,15,269,09-26,9.1,48.1,67.4,88.3,98.7,109.0,115.7
Fichte_geduengt,15,270,09-27,8.6,47.5,67.6,88.5,98.8,108.6,114.2
Fichte_geduengt,15,271,09-28,8.0,46.8,67.7,88.8,98.8,108.2,113.4
Fichte_geduengt,15,272,09-29,7.3,46.1,67.9,89.2,99.2,107.9,112.9
Fichte_geduengt,15,273,09-30,6.8,45.4,68.0,89.6,99.5,107.9,112.7
Fichte_geduengt,15,274,10-01,6.3,44.6,68.2,90.2,100.0,107.7,112.9
Fichte_geduengt,15,275,10-02,5.9,43.1,67.7,90.7,100.5,107.3,112.9
Fichte_geduengt,15,276,10-03,6.1,41.2,67.2,90.9,100.9,106.9,113.0
Fichte_geduengt,15,277,10-04,6.7,39.8,66.7,91.2,100.9,106.5,112.9
Fichte_geduengt,15,278,10-05,7.4,38.8,66.1,91.4,100.7,106.3,113.0
Fichte_geduengt,15,279,10-06,8.0,37.6,65.6,91.6,100.5,106.0,113.7
Fichte_geduengt,15,280,10-07,8.5,36.4,65.0,91.7,100.3,105.3,114.0
Fichte_geduengt,15,281,10-08,9.2,35.4,64.7,91.6,99.7,104.8,114.4
Fichte_geduengt,15,282,10-09,10.0,34.6,64.7,91.5,99.3,104.3,114.7
Fichte_geduengt,15,283,10-10,11.1,33.7,64.8,91.3,99.1,103.9,114.9
Fichte_geduengt,15,284,10-11,12.6,33.1,64.2,91,98.9,104.3,115.1
Fichte_geduengt,15,285,10-12,14.0,32.9,63.6,90.9,98.5,104.3,114.6
Fichte_geduengt,15,286,10-13,15.5,32.7,63.2,90.8,98.2,104.4,114.9
Fichte_geduengt,15,287,10-14,17.0,33.0,63.1,90.6,98.3,104.9,115.2
Fichte_geduengt,15,288,10-15,18.5,33.3,63.4,90.5,98.0,105.1,115.4
Fichte_geduengt,15,289,10-16,19.6,33.8,63.9,90.4,97.8,105.3,115.6
Fichte_geduengt,15,290,10-17,20.6,35.3,64.5,90.3,97.7,105.3,115.8
Fichte_geduengt,15,291,10-18,21.8,37.2,65.1,89.9,97.4,105.4,116.0
Fichte_geduengt,15,292,10-19,23.3,39.7,65.7,89.7,96.9,105.5,115.9
Fichte_geduengt,15,293,10-20,24.7,42.2,66.3,89.4,96.7,105.3,115.6
Fichte_geduengt,15,294,10-21,26.2,45.0,67.0,89.1,96.4,105.2,115.2
Fichte_geduengt,15,295,10-22,27.6,47.8,67.9,88.8,96.2,105.4,114.6
Fichte_geduengt,15,296,10-23,28.3,50.7,68.9,88.6,96.2,105.7,114.1
Fichte_geduengt,15,297,10-24,28.7,52.7,70.1,88.3,96.4,105.8,114.0
Fichte_geduengt,15,298,10-25,28.8,54.5,71.4,88.2,96.4,105.7,113.6
Fichte_geduengt,15,299,10-26,29.1,56.9,72.9,88.3,96.5,105.7,112.7
Fichte_geduengt,15,300,10-27,29.3,59.2,74.9,88.7,96.8,106.0,112.1
Fichte_geduengt,15,301,10-28,29.4,61.4,76.4,89,97.1,106.4,111.6
Fichte_geduengt,15,302,10-29,29.5,63.6,77.7,89.3,97.4,106.9,111.2
Fichte_geduengt,15,303,10-30,29.1,65.8,79.0,89.7,97.7,107.5,111.0
Fichte_geduengt,15,304,10-31,28.5,67.7,80.2,90,98.1,107.4,111.4
Fichte_geduengt,15,305,11-01,27.8,69.3,81.4,90.1,98.5,107.3,112.1
Fichte_geduengt,15,306,11-02,27.0,71.1,82.6,90.3,99.0,107.4,112.4
Fichte_geduengt,15,307,11-03,26.3,72.4,83.7,90.7,99.4,107.6,112.7
Fichte_geduengt,15,308,11-04,25.6,73.7,84.1,91,99.9,108.1,114.0
Fichte_geduengt,15,309,11-05,24.8,75.0,84.5,91.4,100.3,108.5,114.6
Fichte_geduengt,15,310,11-06,24.0,75.4,84.7,91.8,100.7,108.8,114.9
Fichte_geduengt,15,311,11-07,23.1,75.6,85.1,92.2,101.3,109.3,115.7
Fichte_geduengt,15,312,11-08,21.9,75.2,85.5,92.7,102.1,109.5,116.0
Fichte_geduengt,15,313,11-09,20.7,75.1,86.0,93.1,103.1,110.1,116.6
Fichte_geduengt,15,314,11-10,21.6,74.8,86.4,93.5,103.6,110.3,117.0
Fichte_geduengt,15,315,11-11,23.6,75.1,86.9,94,104.1,110.6,117.5
Fichte_geduengt,15,316,11-12,25.7,75.1,87.3,94.5,104.3,110.9,118.0
Fichte_geduengt,15,317,11-13,27.7,75.2,87.6,94.9,104.4,111.3,118.4
Fichte_geduengt,15,318,11-14,29.9,75.2,87.9,95.3,104.7,111.8,119.0
Fichte_geduengt,15,319,11-15,32.2,75.0,88.0,95.6,105.0,112.2,119.6
Fichte_geduengt,15,320,11-16,34.5,75.0,87.9,95.7,105.0,112.3,120.1
Fichte_geduengt,15,321,11-17,37.0,75.1,88.0,95.8,105.0,112.3,120.6
Fichte_geduengt,15,322,11-18,39.6,75.2,88.1,95.9,105.5,112.6,121.2
Fichte_geduengt,15,323,11-19,42.3,75.5,88.3,96,106.0,112.7,121.5
Fichte_geduengt,15,324,11-20,45.2,75.8,88.4,96.3,106.2,112.8,121.3
Fichte_geduengt,15,325,11-21,48.5,76.5,88.8,96.6,106.6,113.3,121.0
Fichte_geduengt,15,326,11-22,52.0,77.1,88.8,96.5,106.7,113.3,120.8
Fichte_geduengt,15,327,11-23,55.5,77.9,89.1,96.6,106.9,113.4,120.8
Fichte_geduengt,15,328,11-24,59.0,78.6,89.3,96.8,107.1,113.2,119.7
Fichte_geduengt,15,329,11-25,62.6,79.3,89.6,96.9,107.1,113.0,119.3
Fichte_geduengt,15,330,11-26,66.2,80.1,89.9,96.9,107.4,113.2,119.3
Fichte_geduengt,15,331,11-27,69.8,80.8,90.1,96.9,107.5,113.1,118.9
Fichte_geduengt,15,332,11-28,73.5,81.6,90.3,97,107.4,113.3,119.0
Fichte_geduengt,15,333,11-29,77.4,82.4,90.6,97.2,106.9,113.1,118.9
Fichte_geduengt,15,334,11-30,79.1,83.3,90.8,97.7,107.2,113.4,119.0
Fichte_geduengt,15,335,12-01,79.8,83.6,91.1,98,107.5,113.8,119.4
Fichte_geduengt,15,336,12-02,80.4,84.2,91.5,98.3,108.0,115.5,122.8
Fichte_geduengt,15,337,12-03,81.0,84.8,91.9,98.7,108.6,116.6,124.9
Fichte_geduengt,15,338,12-04,81.5,85.4,92.3,99.1,108.9,117.1,124.9
Fichte_geduengt,15,339,12-05,82.1,86.2,92.6,99.2,109.2,117.3,124.6
Fichte_geduengt,15,340,12-06,82.8,86.9,92.9,99.4,109.4,117.5,124.4
Fichte_geduengt,15,341,12-07,83.8,87.6,93.1,99.6,109.5,117.8,124.3
Fichte_geduengt,15,342,12-08,84.5,88.2,93.4,99.8,109.0,117.8,124.1
Fichte_geduengt,15,343,12-09,85.0,88.7,93.7,99.8,108.5,118.1,124.0
Fichte_geduengt,15,344,12-10,85.4,89.1,94.0,99.8,108.2,118.4,123.9
Fichte_geduengt,15,345,12-11,85.6,89.2,94.1,99.9,107.8,118.2,123.8
Fichte_geduengt,15,346,12-12,85.5,89.5,94.8,100.2,108.1,118.6,124.2
Fichte_geduengt,15,347,12-13,85.5,89.7,95.2,100.7,108.2,118.4,124.1
Fichte_geduengt,15,348,12-14,85.5,90.1,95.7,101.2,108.3,118.4,124.0
Fichte_geduengt,15,349,12-15,85.4,90.3,96.1,101.6,108.5,118.4,123.8
Fichte_geduengt,15,350,12-16,85.4,90.5,96.5,101.9,108.1,118.3,123.7
Fichte_geduengt,15,351,12-17,85.3,90.7,96.8,102.1,107.8,118.3,123.6
Fichte_geduengt,15,352,12-18,85.3,90.8,97.0,102.1,107.4,118.3,123.6
Fichte_geduengt,15,353,12-19,85.1,90.8,97.2,101.8,107.1,118.3,123.6
Fichte_geduengt,15,354,12-20,84.9,90.8,97.3,101.5,106.6,118.1,123.5
Fichte_geduengt,15,355,12-21,84.7,90.8,97.2,101.2,106.2,117.8,123.1
Fichte_geduengt,15,356,12-22,84.7,90.9,97.2,101.1,105.8,116.4,119.8
Fichte_geduengt,15,357,12-23,84.8,91.1,97.1,101,105.4,115.4,117.6
Fichte_geduengt,15,358,12-24,84.8,91.2,97.2,101,105.1,115.1,117.2
Fichte_geduengt,15,359,12-25,84.9,91.3,97.3,100.9,104.7,115.1,117.2
Fichte_geduengt,15,360,12-26,84.8,91.3,97.4,100.9,104.6,115.2,117.2
Fichte_geduengt,15,361,12-27,84.1,91.1,97.7,101,104.8,115.3,117.2
Fichte_geduengt,15,362,12-28,83.8,91.1,97.9,101.3,105.2,115.3,117.2
Fichte_geduengt,15,363,12-29,83.6,91.1,98.3,101.7,105.9,115.4,117.3
Fichte_geduengt,15,364,12-30,83.4,91.1,98.5,102.2,106.6,115.3,117.3
Fichte_geduengt,15,365,12-31,83.1,91.1,98.7,102.6,106.9,115.3,
Fichte_geduengt,30,1,01-01,76.0,79.9,87.5,98.2,116.9,141.4,161.0
Fichte_geduengt,30,2,01-02,76.2,80.3,87.6,98.1,116.1,142.5,160.4
Fichte_geduengt,30,3,01-03,76.8,80.8,87.7,97.9,115.3,141.7,158.2
Fichte_geduengt,30,4,01-04,77.3,81.1,87.7,98.7,115.8,141.0,156.9
Fichte_geduengt,30,5,01-05,77.7,81.4,87.6,99.1,116.2,140.2,155.2
Fichte_geduengt,30,6,01-06,77.9,81.5,87.5,99.1,116.2,139.3,153.7
Fichte_geduengt,30,7,01-07,78.1,81.7,87.7,99.1,116.1,138.5,152.2
Fichte_geduengt,30,8,01-08,78.2,82.0,87.6,99.5,116.0,137.9,156.7
Fichte_geduengt,30,9,01-09,78.2,82.1,87.7,100.1,116.6,137.8,156.5
Fichte_geduengt,30,10,01-10,78.2,82.1,87.7,100.5,116.5,137.2,155.1
Fichte_geduengt,30,11,01-11,78.4,82.5,88.3,101.1,117.0,138.1,156.2
Fichte_geduengt,30,12,01-12,78.5,82.9,88.6,101.8,117.6,139.3,159.4
Fichte_geduengt,30,13,01-13,78.6,83.1,88.6,102.4,118.4,140.0,162.8
Fichte_geduengt,30,14,01-14,78.6,83.3,88.6,102.8,119.5,137.3,160.6
Fichte_geduengt,30,15,01-15,78.6,83.6,88.9,103.1,118.2,136.5,159.7
Fichte_geduengt,30,16,01-16,78.7,83.7,89.0,103.3,117.2,135.7,156.6
Fichte_geduengt,30,17,01-17,78.7,83.9,89.1,102.9,117.0,135.9,154.0
Fichte_geduengt,30,18,01-18,78.8,84.1,89.2,103,117.1,136.6,153.3
Fichte_geduengt,30,19,01-19,78.8,84.3,89.4,103.2,115.9,135.3,155.1
Fichte_geduengt,30,20,01-20,78.8,84.5,89.6,103.2,114.9,134.5,158.6
Fichte_geduengt,30,21,01-21,78.8,85.0,89.9,103.8,115.1,134.6,161.2
Fichte_geduengt,30,22,01-22,78.6,85.3,90.1,104.3,116.2,135.1,163.6
Fichte_geduengt,30,23,01-23,78.2,85.6,90.5,104.8,116.4,138.4,167.4
Fichte_geduengt,30,24,01-24,78.2,86.0,90.9,104.7,116.0,141.1,169.7
Fichte_geduengt,30,25,01-25,78.4,86.2,91.4,104.8,115.4,141.3,170.5
Fichte_geduengt,30,26,01-26,78.6,86.5,91.9,105.1,115.0,140.5,169.9
Fichte_geduengt,30,27,01-27,78.8,86.6,91.9,105.3,114.8,141.8,172.2
Fichte_geduengt,30,28,01-28,79.0,86.7,92.0,105,114.6,142.5,168.3
Fichte_geduengt,30,29,01-29,79.3,86.7,92.0,104.5,113.5,143.1,168.4
Fichte_geduengt,30,30,01-30,79.5,86.8,92.0,104.1,113.2,143.5,169.1
Fichte_geduengt,30,31,01-31,79.5,86.8,91.9,103.7,113.0,144.0,169.6
Fichte_geduengt,30,32,02-01,79.5,86.9,92.0,103.3,112.7,144.3,168.1
Fichte_geduengt,30,33,02-02,79.5,87.1,92.3,102.7,111.6,143.4,164.8
Fichte_geduengt,30,34,02-03,79.6,87.2,92.5,102.5,110.5,143.2,164.3
Fichte_geduengt,30,35,02-04,79.8,87.4,92.3,102.4,110.3,143.2,164.1
Fichte_geduengt,30,36,02-05,79.9,87.4,92.0,102.5,110.2,143.2,164.3
Fichte_geduengt,30,37,02-06,80.0,87.3,92.2,103,110.3,143.0,164.4
Fichte_geduengt,30,38,02-07,80.1,87.3,92.3,102.9,110.3,142.5,163.6
Fichte_geduengt,30,39,02-08,80.2,87.3,92.4,103.2,110.2,142.3,158.0
Fichte_geduengt,30,40,02-09,80.2,87.7,92.4,103.4,110.0,140.8,152.2
Fichte_geduengt,30,41,02-10,80.3,87.8,92.4,103.2,109.3,137.7,146.8
Fichte_geduengt,30,42,02-11,80.3,87.9,92.5,103,108.2,135.6,143.1
Fichte_geduengt,30,43,02-12,80.2,87.8,92.4,102.9,108.0,131.9,139.1
Fichte_geduengt,30,44,02-13,79.8,87.6,92.3,102.8,107.5,129.0,138.4
Fichte_geduengt,30,45,02-14,79.2,87.6,92.0,102.6,107.7,128.7,137.3
Fichte_geduengt,30,46,02-15,78.8,87.7,91.7,102.3,107.7,129.2,137.7
Fichte_geduengt,30,47,02-16,78.7,87.7,91.7,101.9,107.3,127.8,135.4
Fichte_geduengt,30,48,02-17,78.6,87.8,91.7,101.5,107.0,126.6,133.9
Fichte_geduengt,30,49,02-18,78.5,87.9,91.7,101,106.7,125.4,132.5
Fichte_geduengt,30,50,02-19,78.4,87.7,91.8,100.7,106.8,124.5,131.7
Fichte_geduengt,30,51,02-20,78.3,87.5,92.0,100.8,107.0,124.8,132.2
Fichte_geduengt,30,52,02-21,78.2,87.4,92.1,101.1,107.2,125.0,132.6
Fichte_geduengt,30,53,02-22,78.2,87.0,91.9,101.3,107.3,125.4,132.8
Fichte_geduengt,30,54,02-23,78.1,86.6,91.6,101.3,107.3,125.6,132.6
Fichte_geduengt,30,55,02-24,78.1,86.5,91.8,101.3,107.8,125.6,132.6
Fichte_geduengt,30,56,02-25,78.0,86.3,92.1,101.2,108.4,126.8,134.2
Fichte_geduengt,30,57,02-26,77.9,86.1,92.3,101.1,108.8,127.8,135.5
Fichte_geduengt,30,58,02-27,77.9,86.1,92.3,101,109.6,128.8,136.5
Fichte_geduengt,30,59,02-28,77.8,86.0,92.4,100.8,110.3,129.4,137.2
Fichte_geduengt,30,60,03-01,77.7,85.6,92.3,100.5,110.5,129.8,137.8
Fichte_geduengt,30,61,03-02,78.4,85.5,92.4,100.3,110.6,130.3,138.2
Fichte_geduengt,30,62,03-03,78.9,85.4,92.4,100.1,111.0,130.9,138.6
Fichte_geduengt,30,63,03-04,79.6,85.3,92.4,99.7,111.4,131.3,138.8
Fichte_geduengt,30,64,03-05,80.4,85.4,92.4,99.3,111.6,131.3,136.8
Fichte_geduengt,30,65,03-06,81.0,85.3,92.5,98.8,111.5,131.3,136.9
Fichte_geduengt,30,66,03-07,81.2,85.2,92.6,98.5,111.3,131.5,137.1
Fichte_geduengt,30,67,03-08,81.2,85.1,92.6,98.4,111.5,131.7,137.2
Fichte_geduengt,30,68,03-09,81.1,85.0,92.5,98.4,111.6,132.2,137.6
Fichte_geduengt,30,69,03-10,80.9,84.6,92.5,98.4,111.2,132.6,137.9
Fichte_geduengt,30,70,03-11,80.7,84.8,92.3,98.1,110.4,133.3,138.1
Fichte_geduengt,30,71,03-12,80.5,84.6,91.9,97.4,109.5,132.6,137.2
Fichte_geduengt,30,72,03-13,80.2,84.2,91.5,96.7,108.4,132.0,136.4
Fichte_geduengt,30,73,03-14,79.9,84.0,91.1,95.9,107.8,131.5,135.9
Fichte_geduengt,30,74,03-15,79.5,83.8,90.9,95,107.5,131.2,135.8
Fichte_geduengt,30,75,03-16,79.0,83.6,90.5,94.2,107.0,131.0,135.6
Fichte_geduengt,30,76,03-17,78.5,83.3,89.9,93.5,106.3,129.9,133.8
Fichte_geduengt,30,77,03-18,78.2,83.4,89.1,92.8,105.6,128.8,132.3
Fichte_geduengt,30,78,03-19,77.8,83.2,88.4,91.9,104.3,127.9,131.4
Fichte_geduengt,30,79,03-20,77.6,82.9,87.7,91.1,103.1,127.6,130.8
Fichte_geduengt,30,80,03-21,77.4,82.6,87.0,90.3,102.8,127.5,130.5
Fichte_geduengt,30,81,03-22,76.4,81.9,86.1,89.5,102.4,127.4,130.4
Fichte_geduengt,30,82,03-23,75.5,81.2,85.2,88.5,101.7,127.2,130.3
Fichte_geduengt,30,83,03-24,74.3,80.5,84.2,87.8,101.0,127.1,130.3
Fichte_geduengt,30,84,03-25,73.1,79.6,83.3,87,100.3,127.1,130.2
Fichte_geduengt,30,85,03-26,71.9,78.8,82.5,86.4,99.4,127.3,130.3
Fichte_geduengt,30,86,03-27,70.7,77.9,81.7,85.7,98.6,127.6,130.4
Fichte_geduengt,30,87,03-28,69.6,77.0,80.9,84.9,97.8,127.7,130.4
Fichte_geduengt,30,88,03-29,68.5,75.9,80.2,84.5,97.4,127.5,130.4
Fichte_geduengt,30,89,03-30,67.4,75.0,79.4,84.2,97.5,127.7,130.5
Fichte_geduengt,30,90,03-31,66.4,73.8,78.7,83.9,98.6,128.1,130.9
Fichte_geduengt,30,91,04-01,65.4,72.9,78.1,83.6,99.8,128.6,131.5
Fichte_geduengt,30,92,04-02,64.3,72.0,77.4,83.2,100.6,129.0,132.0
Fichte_geduengt,30,93,04-03,63.3,71.0,76.7,82.8,100.9,129.2,132.4
Fichte_geduengt,30,94,04-04,62.3,69.8,76.0,82.4,100.8,129.2,132.6
Fichte_geduengt,30,95,04-05,61.2,68.5,75.3,81.9,100.2,129.2,132.7
Fichte_geduengt,30,96,04-06,60.1,67.5,74.5,81.3,99.7,129.4,134.1
Fichte_geduengt,30,97,04-07,58.8,66.7,73.8,80.7,99.6,129.5,134.8
Fichte_geduengt,30,98,04-08,57.4,65.9,73.4,80.3,100.0,129.3,134.4
Fichte_geduengt,30,99,04-09,56.0,65.1,73.1,80.2,99.9,129.3,134.7
Fichte_geduengt,30,100,04-10,54.6,64.3,72.9,80.2,100.4,131.4,137.5
Fichte_geduengt,30,101,04-11,53.1,63.5,72.7,80.1,100.8,132.6,139.1
Fichte_geduengt,30,102,04-12,51.7,62.7,72.4,80.2,101.1,133.3,139.8
Fichte_geduengt,30,103,04-13,50.4,61.9,72.3,80.2,101.4,133.5,140.2
Fichte_geduengt,30,104,04-14,49.3,61.1,72.3,80.2,102.0,133.4,140.2
Fichte_geduengt,30,105,04-15,48.5,60.3,72.2,80.3,102.6,133.1,140.0
Fichte_geduengt,30,106,04-16,47.8,59.5,72.0,80.8,103.8,132.8,139.8
Fichte_geduengt,30,107,04-17,47.1,58.7,71.8,81.8,105.0,132.4,139.4
Fichte_geduengt,30,108,04-18,46.4,58.1,71.6,82.9,106.1,132.1,139.7
Fichte_geduengt,30,109,04-19,45.7,58.2,71.7,83.5,107.2,131.9,139.8
Fichte_geduengt,30,110,04-20,45.1,58.3,71.7,83.8,107.4,131.0,140.0
Fichte_geduengt,30,111,04-21,44.4,58.5,71.8,84.2,107.7,131.8,141.0
Fichte_geduengt,30,112,04-22,45.0,59.3,72.0,85.4,108.4,133.2,145.7
Fichte_geduengt,30,113,04-23,45.7,60.3,72.4,86.8,109.3,132.9,149.2
Fichte_geduengt,30,114,04-24,46.3,61.4,73.1,87.9,110.0,132.6,150.3
Fichte_geduengt,30,115,04-25,47.0,62.4,73.8,89.2,111.1,133.1,150.6
Fichte_geduengt,30,116,04-26,47.6,63.1,74.6,90.4,112.1,133.8,150.5
Fichte_geduengt,30,117,04-27,48.3,63.9,75.1,91.6,112.9,134.3,153.2
Fichte_geduengt,30,118,04-28,48.9,64.6,75.5,93,113.6,135.4,155.5
Fichte_geduengt,30,119,04-29,49.6,65.3,75.7,94.1,114.4,135.0,156.9
Fichte_geduengt,30,120,04-30,50.2,66.0,75.8,95.2,114.6,132.3,155.2
Fichte_geduengt,30,121,05-01,50.8,66.7,75.9,96.2,114.7,130.8,154.3
Fichte_geduengt,30,122,05-02,51.4,67.2,76.2,97.1,115.1,130.1,157.2
Fichte_geduengt,30,123,05-03,52.1,67.6,76.7,98,115.9,129.9,157.4
Fichte_geduengt,30,124,05-04,52.8,67.9,77.2,99.1,116.5,129.8,158.4
Fichte_geduengt,30,125,05-05,53.5,68.6,77.9,100,117.4,129.7,160.6
Fichte_geduengt,30,126,05-06,54.2,69.4,78.6,100.8,117.1,129.5,162.3
Fichte_geduengt,30,127,05-07,56.0,71.2,79.6,100.9,117.3,129.4,162.7
Fichte_geduengt,30,128,05-08,57.8,73.0,80.6,100.5,117.2,129.5,162.4
Fichte_geduengt,30,129,05-09,59.6,74.0,81.3,100.8,117.0,129.4,161.8
Fichte_geduengt,30,130,05-10,61.3,74.9,82.3,101.5,117.4,130.2,162.2
Fichte_geduengt,30,131,05-11,63.1,75.7,83.2,102.2,117.2,129.8,168.4
Fichte_geduengt,30,132,05-12,63.5,75.8,83.9,102.6,117.7,130.8,167.0
Fichte_geduengt,30,133,05-13,64.0,75.8,84.4,102.9,117.7,130.9,163.7
Fichte_geduengt,30,134,05-14,64.4,76.0,84.6,103.3,117.8,130.7,162.0
Fichte_geduengt,30,135,05-15,64.8,76.3,84.7,103.2,117.4,129.8,161.1
Fichte_geduengt,30,136,05-16,65.1,76.6,84.9,103.1,117.2,128.6,159.3
Fichte_geduengt,30,137,05-17,65.4,76.3,85.1,102.8,117.2,127.9,157.7
Fichte_geduengt,30,138,05-18,65.7,76.1,85.1,102.4,116.8,126.7,155.2
Fichte_geduengt,30,139,05-19,65.8,75.9,85.2,102.2,116.7,126.6,153.1
Fichte_geduengt,30,140,05-20,66.0,75.6,85.4,102.1,116.9,127.2,152.2
Fichte_geduengt,30,141,05-21,66.1,75.5,85.8,101.8,118.1,129.4,155.2
Fichte_geduengt,30,142,05-22,66.1,75.4,85.9,101.3,121.3,134.4,156.5
Fichte_geduengt,30,143,05-23,66.0,75.3,85.6,100.8,124.1,138.7,160.2
Fichte_geduengt,30,144,05-24,65.5,75.3,85.3,100.1,124.2,140.3,160.6
Fichte_geduengt,30,145,05-25,64.7,75.0,85.1,100,123.9,141.3,159.1
Fichte_geduengt,30,146,05-26,63.9,74.5,85.0,99.5,124.7,141.9,157.8
Fichte_geduengt,30,147,05-27,61.8,73.1,84.4,99.6,124.3,142.4,157.7
Fichte_geduengt,30,148,05-28,59.7,72.2,83.9,99.6,124.0,142.6,161.5
Fichte_geduengt,30,149,05-29,57.5,71.9,83.4,99.8,123.7,142.6,164.4
Fichte_geduengt,30,150,05-30,55.2,71.6,82.7,100.1,123.3,141.7,163.0
Fichte_geduengt,30,151,05-31,52.9,71.4,82.3,99.9,124.3,143.8,157.9
Fichte_geduengt,30,152,06-01,50.6,71.8,82.1,99,123.4,145.8,158.7
Fichte_geduengt,30,153,06-02,48.2,72.1,82.0,98.1,123.4,147.7,159.9
Fichte_geduengt,30,154,06-03,45.8,72.1,82.0,97.8,123.7,149.6,164.2
Fichte_geduengt,30,155,06-04,43.3,72.0,82.2,97.8,124.8,151.1,165.8
Fichte_geduengt,30,156,06-05,40.8,71.9,82.3,97.8,124.6,152.1,166.7
Fichte_geduengt,30,157,06-06,38.2,71.8,82.1,98.2,124.6,152.6,165.1
Fichte_geduengt,30,158,06-07,35.6,71.7,81.8,98.3,125.1,153.1,166.5
Fichte_geduengt,30,159,06-08,33.0,71.6,81.4,98,125.1,153.2,166.5
Fichte_geduengt,30,160,06-09,30.4,71.4,80.8,97.4,124.9,152.9,167.4
Fichte_geduengt,30,161,06-10,27.7,71.3,80.4,97.2,123.9,150.3,163.1
Fichte_geduengt,30,162,06-11,25.4,71.2,80.0,97.3,120.5,144.7,157.2
Fichte_geduengt,30,163,06-12,23.0,71.0,80.2,97.7,117.3,140.1,153.6
Fichte_geduengt,30,164,06-13,20.8,70.9,80.3,98,117.1,138.9,152.8
Fichte_geduengt,30,165,06-14,18.7,70.7,80.1,98.1,116.9,137.4,153.9
Fichte_geduengt,30,166,06-15,16.6,70.5,79.5,97.9,116.1,136.6,153.7
Fichte_geduengt,30,167,06-16,15.0,70.2,78.9,97.2,115.5,135.3,152.4
Fichte_geduengt,30,168,06-17,13.8,69.4,78.3,96.4,114.3,134.0,147.6
Fichte_geduengt,30,169,06-18,12.5,68.2,77.7,95,113.0,133.0,144.0
Fichte_geduengt,30,170,06-19,11.1,67.8,77.3,93.1,111.6,132.0,143.4
Fichte_geduengt,30,171,06-20,12.9,67.4,76.5,91.7,109.8,128.0,140.7
Fichte_geduengt,30,172,06-21,14.7,66.4,75.5,91,109.1,122.1,136.6
Fichte_geduengt,30,173,06-22,16.6,65.5,74.5,90,108.0,118.9,133.8
Fichte_geduengt,30,174,06-23,18.6,64.7,73.6,88.8,106.6,116.1,128.6
Fichte_geduengt,30,175,06-24,20.7,63.8,72.5,88,104.7,113.6,125.9
Fichte_geduengt,30,176,06-25,22.8,63.1,71.4,87.2,103.9,111.4,123.7
Fichte_geduengt,30,177,06-26,24.9,62.4,70.7,86.1,102.4,109.6,122.1
Fichte_geduengt,30,178,06-27,27.5,61.9,70.2,85.3,100.9,107.8,119.7
Fichte_geduengt,30,179,06-28,30.1,61.4,69.7,84.8,100.0,106.6,122.8
Fichte_geduengt,30,180,06-29,32.6,60.8,69.2,84.3,98.6,105.0,127.3
Fichte_geduengt,30,181,06-30,35.0,60.4,68.6,83.6,96.6,103.6,128.6
Fichte_geduengt,30,182,07-01,37.0,59.9,68.3,82.8,95.4,102.2,128.4
Fichte_geduengt,30,183,07-02,39.9,60.1,68.0,81.6,94.2,101.6,127.4
Fichte_geduengt,30,184,07-03,43.2,60.6,67.6,80.9,94.2,101.3,126.7
Fichte_geduengt,30,185,07-04,46.4,61.2,67.3,79.9,93.5,101.2,124.1
Fichte_geduengt,30,186,07-05,49.7,61.7,67.3,79.2,93.0,100.6,123.0
Fichte_geduengt,30,187,07-06,52.4,62.2,67.3,78.6,92.8,101.0,124.0
Fichte_geduengt,30,188,07-07,54.8,62.7,67.3,78.2,92.8,101.2,124.0
Fichte_geduengt,30,189,07-08,57.3,63.0,67.2,78.2,92.8,101.0,123.3
Fichte_geduengt,30,190,07-09,59.9,62.5,66.7,78.4,92.4,100.5,122.4
Fichte_geduengt,30,191,07-10,59.3,62.0,66.3,78.5,91.4,99.3,120.2
Fichte_geduengt,30,192,07-11,59.0,61.7,66.1,78.2,90.4,98.1,117.3
Fichte_geduengt,30,193,07-12,58.5,61.4,66.2,77.9,90.2,99.6,118.3
Fichte_geduengt,30,194,07-13,57.9,61.2,66.1,77.7,90.3,100.6,119.2
Fichte_geduengt,30,195,07-14,57.6,61.0,66.0,77,90.3,101.5,121.0
Fichte_geduengt,30,196,07-15,57.3,61.0,65.9,76.6,90.7,102.2,121.8
Fichte_geduengt,30,197,07-16,57.1,60.8,65.6,76.8,91.2,102.9,122.7
Fichte_geduengt,30,198,07-17,55.7,60.6,65.6,76.6,91.7,104.3,123.9
Fichte_geduengt,30,199,07-18,54.3,60.3,65.7,76.5,92.4,105.2,120.5
Fichte_geduengt,30,200,07-19,53.2,60.1,65.9,76.3,93.2,106.2,114.4
Fichte_geduengt,30,201,07-20,52.2,59.7,65.9,76.2,94.1,107.1,112.4
Fichte_geduengt,30,202,07-21,51.4,59.4,65.4,76,94.5,108.5,112.6
Fichte_geduengt,30,203,07-22,49.6,58.3,64.4,75.9,94.8,108.5,113.0
Fichte_geduengt,30,204,07-23,47.3,56.8,62.9,75.4,93.6,107.3,112.1
Fichte_geduengt,30,205,07-24,45.0,55.3,61.3,75.7,93.2,108.0,112.6
Fichte_geduengt,30,206,07-25,42.6,53.8,60.5,76.3,94.5,109.3,114.6
Fichte_geduengt,30,207,07-26,40.4,52.3,60.5,77.7,95.5,109.9,115.5
Fichte_geduengt,30,208,07-27,39.0,50.8,60.6,78.7,96.5,110.2,116.1
Fichte_geduengt,30,209,07-28,37.5,49.2,61.0,79.5,97.1,110.5,116.6
Fichte_geduengt,30,210,07-29,35.9,47.6,61.5,80.2,97.5,111.1,117.5
Fichte_geduengt,30,211,07-30,34.4,46.1,62.8,80.9,98.2,112.0,118.2
Fichte_geduengt,30,212,07-31,32.5,44.6,63.5,81.3,99.1,112.9,119.1
Fichte_geduengt,30,213,08-01,30.7,43.0,63.9,81.6,99.4,113.1,119.4
Fichte_geduengt,30,214,08-02,28.9,41.5,64.0,81.5,99.8,113.2,120.0
Fichte_geduengt,30,215,08-03,26.8,39.8,63.9,81.5,100.0,113.2,119.6
Fichte_geduengt,30,216,08-04,24.7,37.7,63.6,81.2,99.8,113.5,119.8
Fichte_geduengt,30,217,08-05,22.5,36.0,63.2,80.3,99.2,113.4,119.3
Fichte_geduengt,30,218,08-06,21.1,34.7,62.5,79.4,99.4,112.9,119.0
Fichte_geduengt,30,219,08-07,19.9,33.4,62.0,80.1,99.0,112.8,118.9
Fichte_geduengt,30,220,08-08,19.9,33.1,61.4,80.6,98.8,112.5,120.0
Fichte_geduengt,30,221,08-09,20.2,32.6,60.8,81.2,99.6,113.7,123.6
Fichte_geduengt,30,222,08-10,20.6,32.1,60.2,81.8,99.8,114.7,127.1
Fichte_geduengt,30,223,08-11,21.1,31.6,59.7,82.6,99.9,114.5,128.0
Fichte_geduengt,30,224,08-12,21.5,31.2,59.5,83.4,100.1,114.1,127.7
Fichte_geduengt,30,225,08-13,21.9,30.8,59.4,83.1,100.2,112.5,126.3
Fichte_geduengt,30,226,08-14,22.4,30.6,58.7,82.7,98.2,110.5,123.5
Fichte_geduengt,30,227,08-15,22.8,30.6,57.3,81.2,96.4,108.7,121.0
Fichte_geduengt,30,228,08-16,22.5,30.6,56.9,80.1,95.0,107.7,119.3
Fichte_geduengt,30,229,08-17,22.3,30.7,56.6,79.2,94.5,107.6,121.7
Fichte_geduengt,30,230,08-18,22.2,30.8,56.5,78.8,94.2,107.2,126.6
Fichte_geduengt,30,231,08-19,22.4,31.9,55.6,78.2,94.2,108.1,136.0
Fichte_geduengt,30,232,08-20,22.6,33.6,55.1,78,94.5,109.8,139.9
Fichte_geduengt,30,233,08-21,22.9,35.3,54.9,78.7,94.7,108.5,140.2
Fichte_geduengt,30,234,08-22,23.2,36.7,54.8,79.8,95.0,108.4,141.8
Fichte_geduengt,30,235,08-23,23.7,38.2,54.8,80.6,95.3,108.4,142.9
Fichte_geduengt,30,236,08-24,24.2,39.8,55.0,81.4,95.8,107.9,142.4
Fichte_geduengt,30,237,08-25,24.9,41.0,55.3,82.2,96.0,107.5,142.0
Fichte_geduengt,30,238,08-26,25.6,41.7,55.7,82.9,95.1,106.6,140.9
Fichte_geduengt,30,239,08-27,26.1,42.3,55.8,82,94.5,105.5,139.8
Fichte_geduengt,30,240,08-28,25.5,42.1,55.9,81.2,93.8,104.7,137.3
Fichte_geduengt,30,241,08-29,24.5,42.1,56.1,80.4,92.5,103.1,133.7
Fichte_geduengt,30,242,08-30,23.4,42.4,56.4,79.6,91.7,100.8,130.6
Fichte_geduengt,30,243,08-31,22.4,42.7,56.9,78.4,91.0,100.0,128.5
Fichte_geduengt,30,244,09-01,21.5,43.0,57.7,77.5,90.5,99.9,128.0
Fichte_geduengt,30,245,09-02,20.5,43.3,58.4,77.9,90.5,99.8,128.7
Fichte_geduengt,30,246,09-03,19.5,43.4,59.0,78.3,91.3,100.8,129.7
Fichte_geduengt,30,247,09-04,18.8,43.4,59.4,78.9,92.4,102.7,131.8
Fichte_geduengt,30,248,09-05,18.2,43.4,58.7,79.4,93.7,104.1,133.3
Fichte_geduengt,30,249,09-06,17.7,43.4,58.1,79.8,94.4,104.5,130.8
Fichte_geduengt,30,250,09-07,17.1,43.4,57.4,79.9,95.4,105.6,129.5
Fichte_geduengt,30,251,09-08,16.5,42.5,56.9,80.3,95.9,106.6,122.1
Fichte_geduengt,30,252,09-09,15.9,40.6,56.3,80.5,95.9,106.5,119.9
Fichte_geduengt,30,253,09-10,15.4,38.9,55.6,79.9,95.6,106.8,118.6
Fichte_geduengt,30,254,09-11,15.0,37.3,54.9,79,95.0,106.1,115.8
Fichte_geduengt,30,255,09-12,14.4,36.7,54.2,78.5,94.7,105.9,114.1
Fichte_geduengt,30,256,09-13,14.0,36.7,53.8,78.2,94.4,106.1,114.4
Fichte_geduengt,30,257,09-14,13.5,36.9,53.8,78.3,94.6,106.4,115.3
Fichte_geduengt,30,258,09-15,13.1,37.0,53.9,78.6,95.1,106.9,117.0
Fichte_geduengt,30,259,09-16,12.6,37.1,53.9,78.8,95.6,107.9,118.3
Fichte_geduengt,30,260,09-17,12.2,37.2,54.0,79.2,96.1,108.5,120.3
Fichte_geduengt,30,261,09-18,11.8,37.2,54.0,80.2,96.8,109.2,121.3
Fichte_geduengt,30,262,09-19,11.4,36.8,54.1,81.3,97.5,110.1,120.9
Fichte_geduengt,30,263,09-20,11.0,36.5,53.9,82.4,98.0,110.4,120.9
Fichte_geduengt,30,264,09-21,10.6,36.2,54.2,83.4,98.2,110.5,121.2
Fichte_geduengt,30,265,09-22,10.3,35.8,54.5,83.1,98.4,110.7,122.5
Fichte_geduengt,30,266,09-23,10.0,35.5,54.8,83,98.3,110.9,123.3
Fichte_geduengt,30,267,09-24,9.3,35.1,55.2,83,98.0,109.6,122.1
Fichte_geduengt,30,268,09-25,8.6,34.7,55.6,83.2,97.4,108.8,121.7
Fichte_geduengt,30,269,09-26,7.9,34.3,55.9,83.6,97.1,108.4,121.7
Fichte_geduengt,30,270,09-27,7.3,33.8,56.1,84.1,96.4,107.8,118.4
Fichte_geduengt,30,271,09-28,6.7,33.4,56.1,84.5,96.1,106.2,116.7
Fichte_geduengt,30,272,09-29,6.0,32.9,56.1,84.8,96.0,105.4,116.5
Fichte_geduengt,30,273,09-30,5.4,32.3,56.3,85.2,96.1,105.1,117.4
Fichte_geduengt,30,274,10-01,4.8,31.8,56.5,85.6,96.6,105.5,117.9
Fichte_geduengt,30,275,10-02,4.3,30.3,56.8,86.1,96.8,105.6,118.5
Fichte_geduengt,30,276,10-03,4.0,28.2,56.8,86.4,97.0,105.7,118.5
Fichte_geduengt,30,277,10-04,4.0,26.7,56.5,86.4,96.9,105.7,117.9
Fichte_geduengt,30,278,10-05,4.0,25.2,56.1,86.5,96.8,106.2,117.2
Fichte_geduengt,30,279,10-06,3.9,23.7,55.7,86.6,96.7,108.0,119.2
Fichte_geduengt,30,280,10-07,3.8,22.4,55.3,86.8,96.5,109.0,118.9
Fichte_geduengt,30,281,10-08,3.8,21.2,55.0,86.4,95.7,108.9,118.1
Fichte_geduengt,30,282,10-09,3.7,20.2,54.8,85.9,95.0,108.8,117.8
Fichte_geduengt,30,283,10-10,3.8,19.3,54.8,85.4,94.4,109.1,117.8
Fichte_geduengt,30,284,10-11,4.1,18.5,54.2,84.9,94.4,109.4,117.9
Fichte_geduengt,30,285,10-12,4.6,17.8,53.8,84.8,94.3,109.5,116.3
Fichte_geduengt,30,286,10-13,5.2,17.3,53.5,84.7,94.5,108.8,114.9
Fichte_geduengt,30,287,10-14,6.0,16.8,53.3,84.9,94.5,108.8,114.8
Fichte_geduengt,30,288,10-15,6.8,16.9,53.4,84.8,94.7,108.6,114.6
Fichte_geduengt,30,289,10-16,7.6,17.6,53.5,84.6,94.8,108.6,115.0
Fichte_geduengt,30,290,10-17,8.4,19.2,54.1,84.2,94.8,108.2,115.9
Fichte_geduengt,30,291,10-18,9.1,21.1,54.6,83.6,94.5,107.8,116.0
Fichte_geduengt,30,292,10-19,10.0,23.2,55.2,83.2,94.2,106.9,115.0
Fichte_geduengt,30,293,10-20,10.9,25.1,55.9,83.1,93.7,106.2,113.9
Fichte_geduengt,30,294,10-21,11.8,27.4,56.6,82.9,92.8,105.1,113.0
Fichte_geduengt,30,295,10-22,12.7,29.7,57.3,82.7,92.3,104.2,111.9
Fichte_geduengt,30,296,10-23,13.4,32.2,58.1,82.6,91.8,103.6,111.8
Fichte_geduengt,30,297,10-24,13.8,34.5,58.8,82.5,91.5,103.2,111.7
Fichte_geduengt,30,298,10-25,14.1,36.8,59.7,82.4,91.4,102.4,111.1
Fichte_geduengt,30,299,10-26,14.5,39.4,60.8,82.3,91.4,100.0,108.3
Fichte_geduengt,30,300,10-27,14.9,42.2,62.1,82.4,91.7,98.8,107.1
Fichte_geduengt,30,301,10-28,15.3,44.8,63.3,82.7,92.1,98.1,106.2
Fichte_geduengt,30,302,10-29,15.7,47.2,64.3,83.2,92.6,97.5,105.6
Fichte_geduengt,30,303,10-30,16.0,49.5,65.3,83.7,93.0,97.4,105.3
Fichte_geduengt,30,304,10-31,16.0,51.6,66.3,84.2,93.0,97.9,105.9
Fichte_geduengt,30,305,11-01,15.8,53.9,67.2,84.5,93.2,99.0,107.1
Fichte_geduengt,30,306,11-02,15.6,56.4,68.4,84.7,93.4,99.8,110.2
Fichte_geduengt,30,307,11-03,15.3,58.8,69.6,84.8,94.0,101.2,111.9
Fichte_geduengt,30,308,11-04,14.9,60.7,70.6,84.9,94.5,101.8,124.5
Fichte_geduengt,30,309,11-05,14.5,62.0,71.5,85.1,94.7,102.1,130.6
Fichte_geduengt,30,310,11-06,14.0,62.5,71.9,85.4,95.0,102.4,131.0
Fichte_geduengt,30,311,11-07,13.6,62.9,72.3,85.9,95.5,102.9,141.5
Fichte_geduengt,30,312,11-08,12.9,63.2,72.8,86.5,96.1,103.5,143.0
Fichte_geduengt,30,313,11-09,12.2,63.6,73.2,87,96.8,106.0,149.3
Fichte_geduengt,30,314,11-10,14.4,64.4,74.1,87.6,97.4,107.1,150.6
Fichte_geduengt,30,315,11-11,16.6,65.3,75.2,88.5,98.1,108.2,152.0
Fichte_geduengt,30,316,11-12,18.8,66.2,76.3,89.1,98.9,108.7,152.3
Fichte_geduengt,30,317,11-13,21.1,66.7,77.4,89.6,99.5,109.1,152.5
Fichte_geduengt,30,318,11-14,23.3,67.2,78.5,90.1,100.0,109.9,153.1
Fichte_geduengt,30,319,11-15,25.6,67.5,79.3,90.6,100.6,110.8,153.8
Fichte_geduengt,30,320,11-16,27.9,67.7,79.9,90.9,101.0,111.6,154.5
Fichte_geduengt,30,321,11-17,30.3,67.9,80.6,91,101.2,112.3,155.2
Fichte_geduengt,30,322,11-18,32.7,68.3,81.3,91.2,102.1,113.3,156.3
Fichte_geduengt,30,323,11-19,35.2,68.8,82.1,91.3,102.9,114.0,157.4
Fichte_geduengt,30,324,11-20,37.9,69.4,82.8,91.5,103.7,113.8,157.4
Fichte_geduengt,30,325,11-21,40.7,69.9,83.8,91.8,104.2,113.2,159.9
Fichte_geduengt,30,326,11-22,43.8,70.2,84.7,92.2,104.4,113.1,158.4
Fichte_geduengt,30,327,11-23,46.9,71.1,85.1,92.5,104.1,112.7,158.0
Fichte_geduengt,30,328,11-24,50.1,72.1,85.7,92.9,104.0,112.8,146.5
Fichte_geduengt,30,329,11-25,53.4,73.1,86.2,93.3,104.2,112.9,140.5
Fichte_geduengt,30,330,11-26,57.0,74.0,86.7,93.7,104.5,113.3,139.8
Fichte_geduengt,30,331,11-27,60.7,74.8,87.3,94,104.8,113.7,130.1
Fichte_geduengt,30,332,11-28,64.4,75.6,87.9,94.4,104.9,114.1,129.3
Fichte_geduengt,30,333,11-29,68.1,76.6,88.8,94.5,105.2,112.6,123.4
Fichte_geduengt,30,334,11-30,68.9,77.0,89.2,94.9,105.4,113.6,125.9
Fichte_geduengt,30,335,12-01,69.6,77.4,89.5,94.9,105.6,115.7,133.3
Fichte_geduengt,30,336,12-02,70.4,77.6,89.7,95.1,105.7,120.0,143.9
Fichte_geduengt,30,337,12-03,71.1,77.9,89.6,95.4,106.0,125.6,159.1
Fichte_geduengt,30,338,12-04,71.9,78.1,89.5,95.6,106.1,127.0,163.2
Fichte_geduengt,30,339,12-05,72.7,78.4,89.5,95.8,105.9,126.9,163.8
Fichte_geduengt,30,340,12-06,73.5,78.7,89.7,96.1,106.0,126.6,163.5
Fichte_geduengt,30,341,12-07,74.3,79.3,89.8,96.3,105.9,126.3,163.2
Fichte_geduengt,30,342,12-08,75.0,79.7,89.9,96.4,105.4,125.8,162.5
Fichte_geduengt,30,343,12-09,75.7,80.1,90.0,96.3,105.0,125.3,161.7
Fichte_geduengt,30,344,12-10,76.4,80.5,90.0,96.2,104.8,125.3,161.2
Fichte_geduengt,30,345,12-11,77.1,80.9,89.8,96.4,104.7,124.9,158.0
Fichte_geduengt,30,346,12-12,77.6,81.7,90.2,96.8,105.1,125.3,157.7
Fichte_geduengt,30,347,12-13,78.1,81.9,90.9,97.1,105.9,126.1,157.8
Fichte_geduengt,30,348,12-14,78.4,82.3,91.4,97.4,107.2,127.1,158.7
Fichte_geduengt,30,349,12-15,78.6,82.7,91.9,97.6,107.6,128.3,160.3
Fichte_geduengt,30,350,12-16,78.5,83.0,92.3,97.8,107.6,128.2,159.8
Fichte_geduengt,30,351,12-17,78.3,83.2,92.6,97.9,107.5,127.9,159.6
Fichte_geduengt,30,352,12-18,78.2,83.3,92.6,98,107.3,127.8,158.9
Fichte_geduengt,30,353,12-19,78.0,83.2,92.2,97.8,106.9,127.5,158.4
Fichte_geduengt,30,354,12-20,77.8,83.0,91.7,97.4,106.5,126.2,155.0
Fichte_geduengt,30,355,12-21,77.6,82.8,90.8,97.1,106.3,123.6,146.7
Fichte_geduengt,30,356,12-22,77.6,82.9,90.7,97,106.3,120.1,137.5
Fichte_geduengt,30,357,12-23,77.6,83.0,90.7,97,106.1,114.7,122.3
Fichte_geduengt,30,358,12-24,77.5,83.3,90.9,97,106.1,112.9,117.7
Fichte_geduengt,30,359,12-25,77.6,83.5,91.1,97.1,106.2,112.7,116.9
Fichte_geduengt,30,360,12-26,77.5,83.7,91.2,97.2,106.3,113.1,117.4
Fichte_geduengt,30,361,12-27,77.5,83.7,91.4,97.2,106.8,113.6,118.3
Fichte_geduengt,30,362,12-28,77.5,83.8,91.7,97.5,107.4,114.2,119.2
Fichte_geduengt,30,363,12-29,77.6,84.1,92.1,98.1,108.1,114.8,120.3
Fichte_geduengt,30,364,12-30,77.5,84.3,92.8,98.8,108.5,115.6,121.6
Fichte_geduengt,30,365,12-31,77.1,84.5,93.5,99.1,109.0,116.9,
Fichte_geduengt,60,1,01-01,67.4,87.5,98.1,116.7,143.4,156.6,188.7
Fichte_geduengt,60,2,01-02,67.4,87.2,98.3,116.2,142.7,156.4,186.2
Fichte_geduengt,60,3,01-03,68.6,87.7,98.2,115.4,142.1,155.3,183.4
Fichte_geduengt,60,4,01-04,69.7,88.1,98.2,115.3,141.4,153.8,181.9
Fichte_geduengt,60,5,01-05,70.5,88.4,98.2,115.3,140.6,152.5,180.7
Fichte_geduengt,60,6,01-06,71.1,88.7,98.1,115.2,140.0,151.3,178.6
Fichte_geduengt,60,7,01-07,71.7,88.9,98.6,115.3,139.3,150.3,176.1
Fichte_geduengt,60,8,01-08,72.2,88.9,99.1,115.6,139.0,149.6,175.0
Fichte_geduengt,60,9,01-09,72.8,89.0,99.5,115.9,138.8,149.9,177.3
Fichte_geduengt,60,10,01-10,73.5,88.9,99.8,115.8,138.5,149.2,176.0
Fichte_geduengt,60,11,01-11,73.9,89.5,100.5,115.9,138.4,149.2,174.2
Fichte_geduengt,60,12,01-12,74.3,89.6,100.9,116,138.1,149.3,172.8
Fichte_geduengt,60,13,01-13,74.7,89.5,100.9,116.1,137.9,148.8,172.1
Fichte_geduengt,60,14,01-14,75.2,89.2,100.7,115.8,136.8,147.6,171.4
Fichte_geduengt,60,15,01-15,75.8,88.8,100.5,115.2,135.9,146.5,172.2
Fichte_geduengt,60,16,01-16,76.2,88.3,99.9,114.5,134.3,144.4,166.1
Fichte_geduengt,60,17,01-17,76.9,88.0,99.1,113.6,133.2,142.1,162.1
Fichte_geduengt,60,18,01-18,77.6,88.1,98.9,113.2,133.1,142.1,160.7
Fichte_geduengt,60,19,01-19,78.2,88.3,98.9,112.2,132.4,140.0,158.1
Fichte_geduengt,60,20,01-20,78.8,88.5,98.7,111.9,132.2,138.8,157.8
Fichte_geduengt,60,21,01-21,79.7,88.7,98.7,112.3,132.4,138.9,158.2
Fichte_geduengt,60,22,01-22,80.6,88.9,98.8,112.4,133.1,139.1,158.7
Fichte_geduengt,60,23,01-23,80.8,88.9,98.9,113.1,133.3,139.8,159.6
Fichte_geduengt,60,24,01-24,80.9,88.8,99.1,113.9,133.4,141.0,160.0
Fichte_geduengt,60,25,01-25,81.2,89.2,99.3,114.5,133.8,141.5,160.4
Fichte_geduengt,60,26,01-26,81.8,89.5,99.4,115.1,134.2,142.2,160.8
Fichte_geduengt,60,27,01-27,82.1,89.8,99.3,115.4,134.5,142.8,161.8
Fichte_geduengt,60,28,01-28,82.6,90.1,98.8,115.6,134.6,142.9,161.5
Fichte_geduengt,60,29,01-29,82.9,90.3,98.3,115.7,134.5,142.1,158.8
Fichte_geduengt,60,30,01-30,83.2,90.5,98.0,115.9,134.5,142.3,158.8
Fichte_geduengt,60,31,01-31,83.8,90.6,97.7,116.2,134.6,142.4,159.4
Fichte_geduengt,60,32,02-01,84.5,90.7,97.7,116.1,134.8,142.4,160.4
Fichte_geduengt,60,33,02-02,85.1,90.7,97.5,116,134.7,142.4,159.7
Fichte_geduengt,60,34,02-03,85.6,90.9,97.6,115.9,134.3,142.1,158.8
Fichte_geduengt,60,35,02-04,86.0,91.4,97.7,115.4,133.7,141.8,156.2
Fichte_geduengt,60,36,02-05,86.7,91.8,97.8,115,133.0,141.7,156.4
Fichte_geduengt,60,37,02-06,87.0,92.3,98.0,115.1,132.6,141.7,156.7
Fichte_geduengt,60,38,02-07,87.6,92.4,97.8,114.9,132.6,141.6,156.3
Fichte_geduengt,60,39,02-08,88.2,92.4,97.4,115.4,132.6,141.6,155.2
Fichte_geduengt,60,40,02-09,88.3,92.5,97.5,115.5,132.7,141.7,154.5
Fichte_geduengt,60,41,02-10,87.8,92.5,97.5,114.9,132.2,140.7,154.5
Fichte_geduengt,60,42,02-11,87.3,92.6,97.3,114.4,131.2,139.6,154.5
Fichte_geduengt,60,43,02-12,87.0,92.3,96.9,113.7,130.8,138.4,154.3
Fichte_geduengt,60,44,02-13,86.7,91.9,96.6,112.9,130.6,138.0,154.6
Fichte_geduengt,60,45,02-14,86.3,91.2,96.4,112.2,130.1,137.3,153.1
Fichte_geduengt,60,46,02-15,85.7,90.6,96.1,111.1,129.5,136.6,152.5
Fichte_geduengt,60,47,02-16,85.5,90.2,95.7,109.8,129.1,136.0,151.6
Fichte_geduengt,60,48,02-17,84.9,89.8,95.3,108.5,128.4,135.8,151.1
Fichte_geduengt,60,49,02-18,84.2,89.6,94.9,107.1,127.8,135.5,149.8
Fichte_geduengt,60,50,02-19,83.7,89.3,94.8,106.1,127.8,135.2,149.2
Fichte_geduengt,60,51,02-20,83.4,89.0,94.4,105.2,127.6,135.5,149.3
Fichte_geduengt,60,52,02-21,83.1,88.8,94.1,104.5,127.6,136.4,149.0
Fichte_geduengt,60,53,02-22,82.8,88.6,94.0,103.9,127.5,136.7,148.9
Fichte_geduengt,60,54,02-23,82.6,88.4,93.8,103.3,127.5,137.0,148.9
Fichte_geduengt,60,55,02-24,82.5,88.3,93.7,103.2,127.5,137.3,148.9
Fichte_geduengt,60,56,02-25,82.4,88.3,93.7,104,128.2,137.5,148.8
Fichte_geduengt,60,57,02-26,82.3,88.2,93.7,104.9,128.5,137.8,149.2
Fichte_geduengt,60,58,02-27,82.0,88.1,93.8,105.3,128.8,138.1,149.2
Fichte_geduengt,60,59,02-28,81.6,87.8,93.9,105.1,128.9,138.6,149.6
Fichte_geduengt,60,60,03-01,81.8,87.5,93.8,105.3,128.9,138.4,149.2
Fichte_geduengt,60,61,03-02,82.4,87.6,93.8,106.4,129.0,138.3,147.9
Fichte_geduengt,60,62,03-03,82.8,88.1,94.2,107.5,129.0,138.4,146.5
Fichte_geduengt,60,63,03-04,82.8,89.1,94.8,108.5,129.1,138.4,145.0
Fichte_geduengt,60,64,03-05,82.9,89.8,95.3,108.7,129.0,137.8,143.3
Fichte_geduengt,60,65,03-06,82.7,90.4,95.3,108.5,128.6,138.0,143.7
Fichte_geduengt,60,66,03-07,82.5,90.4,95.1,108.7,128.3,137.9,143.4
Fichte_geduengt,60,67,03-08,82.2,90.4,94.9,108.6,128.1,137.8,143.1
Fichte_geduengt,60,68,03-09,82.0,90.1,94.8,108.7,128.2,137.7,142.9
Fichte_geduengt,60,69,03-10,81.2,89.4,94.6,108.6,128.4,137.4,142.6
Fichte_geduengt,60,70,03-11,80.9,89.1,94.3,108.5,127.9,136.9,142.2
Fichte_geduengt,60,71,03-12,80.1,88.4,93.9,108.2,127.2,135.7,141.0
Fichte_geduengt,60,72,03-13,79.3,87.5,93.5,108,126.2,133.6,139.0
Fichte_geduengt,60,73,03-14,78.9,87.0,93.0,107.6,124.8,132.1,137.4
Fichte_geduengt,60,74,03-15,78.5,86.6,92.6,107.2,123.1,130.4,135.8
Fichte_geduengt,60,75,03-16,78.0,86.0,92.2,106.7,121.8,128.7,134.2
Fichte_geduengt,60,76,03-17,77.5,85.6,91.8,105.3,120.0,127.2,132.8
Fichte_geduengt,60,77,03-18,77.1,85.1,91.3,103.6,118.2,125.6,130.9
Fichte_geduengt,60,78,03-19,76.6,84.5,90.6,102.1,116.7,123.9,129.3
Fichte_geduengt,60,79,03-20,76.1,83.9,89.9,101,115.1,122.8,128.0
Fichte_geduengt,60,80,03-21,75.6,83.5,89.2,99.8,113.8,122.3,127.1
Fichte_geduengt,60,81,03-22,74.7,82.5,88.3,97.8,112.8,121.9,126.5
Fichte_geduengt,60,82,03-23,73.9,80.9,86.9,95.5,111.7,121.5,126.0
Fichte_geduengt,60,83,03-24,73.1,79.0,85.4,93.2,110.7,121.3,125.7
Fichte_geduengt,60,84,03-25,72.2,77.3,83.6,91,109.7,120.8,125.0
Fichte_geduengt,60,85,03-26,71.5,75.7,82.2,89.1,108.9,120.4,124.1
Fichte_geduengt,60,86,03-27,70.8,74.5,81.3,87.5,107.8,120.0,123.9
Fichte_geduengt,60,87,03-28,70.1,73.3,80.4,86.3,106.3,119.8,123.7
Fichte_geduengt,60,88,03-29,69.4,72.2,79.3,85,104.5,119.0,123.4
Fichte_geduengt,60,89,03-30,69.2,71.7,78.4,84,103.2,118.0,123.2
Fichte_geduengt,60,90,03-31,68.5,70.7,77.4,82.8,101.7,118.2,123.3
Fichte_geduengt,60,91,04-01,67.8,70.1,76.6,81.7,100.4,118.7,123.5
Fichte_geduengt,60,92,04-02,67.1,69.5,75.7,80.6,99.3,119.3,124.0
Fichte_geduengt,60,93,04-03,66.0,68.6,74.7,79.5,98.7,120.0,124.8
Fichte_geduengt,60,94,04-04,64.7,67.6,73.7,78.5,98.2,120.9,125.6
Fichte_geduengt,60,95,04-05,63.1,66.2,72.5,77.5,97.5,121.5,126.5
Fichte_geduengt,60,96,04-06,61.4,64.7,71.3,76.5,97.5,122.2,127.1
Fichte_geduengt,60,97,04-07,59.5,63.4,70.0,75.5,97.6,122.4,128.6
Fichte_geduengt,60,98,04-08,57.9,62.4,68.8,74.6,97.1,122.0,128.6
Fichte_geduengt,60,99,04-09,56.0,61.6,67.7,73.5,97.0,121.2,130.5
Fichte_geduengt,60,100,04-10,53.8,60.7,66.8,72.9,96.6,122.4,132.2
Fichte_geduengt,60,101,04-11,51.6,60.0,66.0,72.6,95.7,123.7,134.1
Fichte_geduengt,60,102,04-12,49.3,59.3,65.3,72.4,94.8,124.4,135.8
Fichte_geduengt,60,103,04-13,46.9,58.7,64.8,72.4,93.7,124.4,137.5
Fichte_geduengt,60,104,04-14,45.2,58.2,64.5,72.4,92.6,124.4,139.2
Fichte_geduengt,60,105,04-15,43.7,57.7,64.3,72.3,91.7,123.9,140.8
Fichte_geduengt,60,106,04-16,42.0,57.1,64.0,72.4,91.8,122.6,142.6
Fichte_geduengt,60,107,04-17,40.4,56.5,63.8,72.5,92.1,122.5,144.3
Fichte_geduengt,60,108,04-18,38.7,56.0,63.5,73,93.0,124.0,146.1
Fichte_geduengt,60,109,04-19,37.9,55.6,63.2,73.6,94.0,126.1,148.4
Fichte_geduengt,60,110,04-20,37.7,55.2,62.9,74.1,95.4,127.2,150.1
Fichte_geduengt,60,111,04-21,36.9,55.0,62.8,74.6,97.2,128.3,151.7
Fichte_geduengt,60,112,04-22,36.9,54.9,63.0,75.7,100.2,129.7,153.5
Fichte_geduengt,60,113,04-23,37.0,54.9,63.3,77.4,103.2,131.0,155.3
Fichte_geduengt,60,114,04-24,37.2,55.0,63.7,79.3,105.4,132.2,157.3
Fichte_geduengt,60,115,04-25,37.5,55.5,64.0,81.6,107.6,133.1,158.9
Fichte_geduengt,60,116,04-26,37.9,56.2,64.5,84.1,109.2,133.5,159.9
Fichte_geduengt,60,117,04-27,38.4,56.7,65.2,86.4,111.1,135.1,161.0
Fichte_geduengt,60,118,04-28,38.7,57.2,65.8,88.9,113.0,137.3,165.8
Fichte_geduengt,60,119,04-29,39.2,57.6,66.2,91.1,114.1,139.8,165.8
Fichte_geduengt,60,120,04-30,40.2,58.2,66.6,92.5,115.2,139.8,166.6
Fichte_geduengt,60,121,05-01,41.2,58.7,66.9,93.9,116.7,138.7,167.2
Fichte_geduengt,60,122,05-02,42.3,59.2,67.0,95.4,118.7,138.7,167.4
Fichte_geduengt,60,123,05-03,43.6,59.6,67.3,97.5,120.7,139.2,167.5
Fichte_geduengt,60,124,05-04,44.4,60.0,67.6,99.8,122.8,140.0,167.5
Fichte_geduengt,60,125,05-05,45.0,60.2,68.0,102.3,125.0,141.6,167.5
Fichte_geduengt,60,126,05-06,45.9,60.5,68.4,104.5,126.6,144.1,167.4
Fichte_geduengt,60,127,05-07,47.8,61.5,69.1,106.7,128.1,144.8,167.3
Fichte_geduengt,60,128,05-08,50.1,63.2,70.4,107.9,129.1,144.0,166.7
Fichte_geduengt,60,129,05-09,51.7,64.5,71.7,108.8,129.5,142.9,165.0
Fichte_geduengt,60,130,05-10,52.6,65.6,73.0,110.7,130.0,142.1,164.0
Fichte_geduengt,60,131,05-11,54.2,66.7,73.8,112.9,130.3,141.2,163.3
Fichte_geduengt,60,132,05-12,54.8,67.7,74.4,114.6,129.4,140.8,162.6
Fichte_geduengt,60,133,05-13,55.5,68.7,75.0,115.5,129.1,140.5,161.7
Fichte_geduengt,60,134,05-14,56.2,69.4,75.6,115.4,128.8,139.5,160.0
Fichte_geduengt,60,135,05-15,57.1,70.3,76.2,114.3,128.6,139.1,158.8
Fichte_geduengt,60,136,05-16,58.0,70.9,76.7,114.1,128.4,139.2,158.9
Fichte_geduengt,60,137,05-17,58.9,71.3,76.8,113.2,127.5,138.6,157.8
Fichte_geduengt,60,138,05-18,59.9,71.6,77.3,112.2,126.1,137.1,154.1
Fichte_geduengt,60,139,05-19,60.8,71.7,77.7,111.1,125.2,135.4,152.1
Fichte_geduengt,60,140,05-20,61.8,71.6,78.2,110.6,124.9,134.2,150.5
Fichte_geduengt,60,141,05-21,62.7,71.6,78.9,110.4,125.1,135.4,156.8
Fichte_geduengt,60,142,05-22,63.5,71.6,79.6,109.8,125.7,137.6,170.1
Fichte_geduengt,60,143,05-23,64.4,71.6,80.0,108.5,126.8,138.8,172.8
Fichte_geduengt,60,144,05-24,65.2,71.7,80.2,106.8,127.5,139.4,174.1
Fichte_geduengt,60,145,05-25,65.9,72.4,80.5,104.9,127.2,138.5,172.6
Fichte_geduengt,60,146,05-26,66.6,73.0,80.6,102.9,125.6,137.6,171.4
Fichte_geduengt,60,147,05-27,66.1,72.8,80.3,101.3,124.1,136.9,171.0
Fichte_geduengt,60,148,05-28,65.4,72.0,79.4,100.1,123.5,137.1,170.4
Fichte_geduengt,60,149,05-29,64.8,71.4,78.5,99.1,122.4,137.2,170.5
Fichte_geduengt,60,150,05-30,64.5,70.9,77.6,97.4,120.8,137.1,169.8
Fichte_geduengt,60,151,05-31,64.2,70.4,77.1,95.4,120.6,137.4,170.5
Fichte_geduengt,60,152,06-01,63.9,70.2,76.8,93.4,119.8,136.7,170.3
Fichte_geduengt,60,153,06-02,63.5,70.0,76.6,92,118.4,135.6,170.4
Fichte_geduengt,60,154,06-03,62.9,69.7,76.2,91.3,118.2,135.6,171.3
Fichte_geduengt,60,155,06-04,62.1,69.1,75.8,91.3,118.4,136.5,172.0
Fichte_geduengt,60,156,06-05,61.1,68.4,75.6,90.1,118.5,136.4,171.2
Fichte_geduengt,60,157,06-06,60.0,67.8,75.5,89.7,119.4,136.8,171.2
Fichte_geduengt,60,158,06-07,58.8,67.1,75.1,89.3,120.1,138.4,172.3
Fichte_geduengt,60,159,06-08,57.4,66.6,74.6,88.8,121.0,139.6,173.7
Fichte_geduengt,60,160,06-09,55.8,66.0,74.0,88.1,121.0,140.0,174.1
Fichte_geduengt,60,161,06-10,54.1,65.4,73.1,87.5,119.5,138.9,167.0
Fichte_geduengt,60,162,06-11,52.4,64.7,72.2,87.2,117.4,136.2,152.3
Fichte_geduengt,60,163,06-12,50.8,64.0,71.9,87.2,115.6,134.1,147.9
Fichte_geduengt,60,164,06-13,49.2,63.2,71.4,87.3,114.0,132.4,144.7
Fichte_geduengt,60,165,06-14,47.5,61.9,70.8,87.5,112.6,131.5,145.4
Fichte_geduengt,60,166,06-15,45.7,60.3,70.1,87.5,112.9,131.6,145.5
Fichte_geduengt,60,167,06-16,44.0,58.7,69.6,87.2,112.7,131.4,144.0
Fichte_geduengt,60,168,06-17,42.6,57.1,69.0,86.7,111.4,130.1,142.9
Fichte_geduengt,60,169,06-18,40.8,55.6,68.4,86.2,110.8,128.4,140.8
Fichte_geduengt,60,170,06-19,38.7,54.1,67.8,85.3,110.4,126.4,138.8
Fichte_geduengt,60,171,06-20,37.9,53.5,67.1,84.4,109.1,125.5,136.8
Fichte_geduengt,60,172,06-21,37.2,52.4,66.6,83.8,109.0,125.1,135.8
Fichte_geduengt,60,173,06-22,36.6,51.4,65.8,82.8,108.7,125.0,134.5
Fichte_geduengt,60,174,06-23,36.2,50.6,65.1,81.6,108.0,124.4,133.1
Fichte_geduengt,60,175,06-24,36.0,49.8,64.3,80.3,106.0,122.5,131.8
Fichte_geduengt,60,176,06-25,36.0,49.1,63.5,79.1,103.9,121.3,131.0
Fichte_geduengt,60,177,06-26,36.2,48.6,62.5,77.7,101.4,119.4,129.0
Fichte_geduengt,60,178,06-27,36.5,48.1,61.9,76.4,99.1,117.2,127.2
Fichte_geduengt,60,179,06-28,36.9,47.7,61.2,75.6,96.8,115.1,126.4
Fichte_geduengt,60,180,06-29,37.4,47.4,60.5,74.6,94.6,113.9,126.1
Fichte_geduengt,60,181,06-30,38.1,47.1,59.8,73.3,93.4,112.5,125.5
Fichte_geduengt,60,182,07-01,39.0,46.9,59.6,72,92.3,111.0,125.0
Fichte_geduengt,60,183,07-02,40.0,46.9,58.9,70.5,90.3,110.7,124.4
Fichte_geduengt,60,184,07-03,41.3,47.2,58.4,69.5,89.5,110.1,123.9
Fichte_geduengt,60,185,07-04,42.7,47.6,58.0,68.5,89.0,110.4,123.0
Fichte_geduengt,60,186,07-05,44.2,48.4,57.6,67.8,87.9,109.3,122.1
Fichte_geduengt,60,187,07-06,45.5,49.1,57.3,67.3,87.7,109.2,122.3
Fichte_geduengt,60,188,07-07,46.4,49.6,57.0,66.9,87.6,109.8,122.4
Fichte_geduengt,60,189,07-08,47.5,50.3,56.7,66.7,87.1,110.1,123.4
Fichte_geduengt,60,190,07-09,48.7,50.8,56.3,66.4,86.2,109.9,123.7
Fichte_geduengt,60,191,07-10,48.6,50.5,55.9,66.1,85.0,108.1,122.3
Fichte_geduengt,60,192,07-11,48.4,50.2,55.1,65.6,82.7,105.8,120.2
Fichte_geduengt,60,193,07-12,48.1,49.9,54.6,65.2,81.2,104.1,119.0
Fichte_geduengt,60,194,07-13,47.8,49.6,54.1,64.9,80.1,102.7,118.7
Fichte_geduengt,60,195,07-14,47.3,49.4,53.6,64.6,79.7,103.2,119.7
Fichte_geduengt,60,196,07-15,46.8,49.2,53.3,64.6,79.8,102.4,119.6
Fichte_geduengt,60,197,07-16,46.2,48.8,53.0,65,79.9,102.2,119.8
Fichte_geduengt,60,198,07-17,45.5,48.0,52.3,65.5,80.7,102.5,119.5
Fichte_geduengt,60,199,07-18,44.8,47.1,51.8,66,81.9,102.5,118.7
Fichte_geduengt,60,200,07-19,44.1,46.3,51.4,66.7,83.7,103.2,117.7
Fichte_geduengt,60,201,07-20,43.3,45.4,51.0,67,85.1,103.8,116.3
Fichte_geduengt,60,202,07-21,42.5,44.5,50.1,67.3,86.2,104.8,116.0
Fichte_geduengt,60,203,07-22,41.3,43.4,49.1,67.4,87.7,105.2,116.1
Fichte_geduengt,60,204,07-23,40.0,41.9,48.1,67.2,88.5,105.5,116.2
Fichte_geduengt,60,205,07-24,38.5,40.4,47.2,67.3,88.5,105.3,115.6
Fichte_geduengt,60,206,07-25,37.0,38.8,46.1,67.7,90.3,106.1,116.1
Fichte_geduengt,60,207,07-26,35.5,37.4,45.0,69.3,91.8,106.5,116.2
Fichte_geduengt,60,208,07-27,34.0,36.5,43.9,70.2,93.8,107.0,117.1
Fichte_geduengt,60,209,07-28,32.6,35.4,43.1,70.9,96.1,108.3,119.6
Fichte_geduengt,60,210,07-29,31.0,34.3,42.3,71.6,98.2,110.4,122.9
Fichte_geduengt,60,211,07-30,29.5,33.2,41.6,72.3,100.6,112.4,126.1
Fichte_geduengt,60,212,07-31,28.1,32.0,40.8,73.4,102.2,114.8,128.4
Fichte_geduengt,60,213,08-01,26.6,30.8,40.0,74.9,104.3,116.7,129.5
Fichte_geduengt,60,214,08-02,25.3,29.5,40.4,76,105.2,118.2,130.4
Fichte_geduengt,60,215,08-03,23.9,28.1,40.7,77,106.1,118.9,130.3
Fichte_geduengt,60,216,08-04,22.5,26.7,40.8,77.7,106.7,120.6,131.2
Fichte_geduengt,60,217,08-05,21.3,25.3,40.8,77.9,107.1,122.0,132.2
Fichte_geduengt,60,218,08-06,20.2,24.3,40.8,77.9,107.4,122.8,132.8
Fichte_geduengt,60,219,08-07,19.2,23.4,40.9,78.3,108.0,123.7,133.3
Fichte_geduengt,60,220,08-08,18.3,23.2,41.1,79,108.4,123.7,133.3
Fichte_geduengt,60,221,08-09,17.5,23.3,42.0,80.3,109.7,125.1,135.2
Fichte_geduengt,60,222,08-10,16.8,23.3,43.0,81.4,110.3,125.5,135.6
Fichte_geduengt,60,223,08-11,16.2,23.4,44.1,82.6,110.2,125.6,136.8
Fichte_geduengt,60,224,08-12,15.6,23.5,45.1,83.6,109.3,125.2,137.3
Fichte_geduengt,60,225,08-13,15.2,23.6,46.0,84,109.3,124.7,137.7
Fichte_geduengt,60,226,08-14,14.8,23.7,46.9,83.9,107.6,123.5,136.3
Fichte_geduengt,60,227,08-15,14.5,23.8,48.0,82.5,105.4,121.5,134.6
Fichte_geduengt,60,228,08-16,14.3,23.5,49.2,81.8,103.1,119.4,132.3
Fichte_geduengt,60,229,08-17,14.1,23.3,50.1,81.3,101.0,118.3,131.1
Fichte_geduengt,60,230,08-18,13.9,23.2,51.5,81.1,99.4,116.7,132.0
Fichte_geduengt,60,231,08-19,13.8,24.6,52.9,81.1,98.3,115.6,134.4
Fichte_geduengt,60,232,08-20,13.7,26.5,54.3,81.2,98.5,116.0,136.9
Fichte_geduengt,60,233,08-21,13.5,28.4,55.9,81.2,97.9,116.7,137.9
Fichte_geduengt,60,234,08-22,13.4,30.2,56.0,82.2,98.9,117.7,138.5
Fichte_geduengt,60,235,08-23,13.3,32.0,56.2,83.3,100.2,117.9,138.7
Fichte_geduengt,60,236,08-24,13.3,33.6,56.4,84.5,101.3,117.8,138.7
Fichte_geduengt,60,237,08-25,13.4,35.1,56.7,85.5,102.3,117.6,138.5
Fichte_geduengt,60,238,08-26,13.3,36.5,57.0,86.3,102.2,116.6,137.8
Fichte_geduengt,60,239,08-27,13.3,37.8,57.2,86.2,101.2,115.2,136.7
Fichte_geduengt,60,240,08-28,13.2,38.3,57.3,85.8,99.8,113.8,135.5
Fichte_geduengt,60,241,08-29,13.0,38.6,56.6,84.9,98.1,111.7,133.0
Fichte_geduengt,60,242,08-30,12.8,39.3,55.8,84.3,96.9,110.4,133.1
Fichte_geduengt,60,243,08-31,12.5,40.1,55.2,83.8,95.9,109.4,131.9
Fichte_geduengt,60,244,09-01,12.2,40.9,55.0,83.3,95.3,109.4,131.8
Fichte_geduengt,60,245,09-02,11.9,41.6,55.7,83.3,95.1,109.4,131.0
Fichte_geduengt,60,246,09-03,11.5,42.3,56.3,83.6,96.1,109.9,131.3
Fichte_geduengt,60,247,09-04,11.1,42.9,56.8,83.9,96.8,111.1,132.6
Fichte_geduengt,60,248,09-05,10.8,43.5,57.3,84.3,97.2,112.9,134.1
Fichte_geduengt,60,249,09-06,10.5,44.1,57.7,84.8,97.5,113.6,133.2
Fichte_geduengt,60,250,09-07,10.1,44.9,57.7,85.2,98.9,115.0,131.9
Fichte_geduengt,60,251,09-08,9.8,44.2,57.6,85.6,99.6,115.7,127.6
Fichte_geduengt,60,252,09-09,9.6,43.5,57.5,85.1,99.0,114.9,124.4
Fichte_geduengt,60,253,09-10,9.3,42.8,57.4,84.2,97.9,113.6,123.3
Fichte_geduengt,60,254,09-11,9.1,42.2,57.4,82.7,96.1,112.4,122.1
Fichte_geduengt,60,255,09-12,8.9,41.7,57.5,81,94.0,111.2,121.1
Fichte_geduengt,60,256,09-13,8.6,41.4,57.8,79.5,92.2,110.7,120.6
Fichte_geduengt,60,257,09-14,8.4,41.3,58.1,78.4,90.9,109.8,120.5
Fichte_geduengt,60,258,09-15,8.2,41.3,58.6,77.7,90.3,110.0,120.8
Fichte_geduengt,60,259,09-16,8.0,41.4,59.0,77.3,89.9,110.8,121.5
Fichte_geduengt,60,260,09-17,7.8,41.6,59.5,77,90.0,111.8,122.6
Fichte_geduengt,60,261,09-18,7.5,41.7,60.0,76.9,90.2,111.9,122.7
Fichte_geduengt,60,262,09-19,7.3,41.6,60.5,76.9,90.5,112.3,122.2
Fichte_geduengt,60,263,09-20,7.0,41.3,60.8,76.9,90.8,112.6,121.7
Fichte_geduengt,60,264,09-21,6.8,41.5,60.9,76.8,91.1,112.8,121.1
Fichte_geduengt,60,265,09-22,6.5,41.7,60.5,76.7,91.9,113.0,121.4
Fichte_geduengt,60,266,09-23,6.3,42.0,60.2,76.6,91.6,113.1,122.4
Fichte_geduengt,60,267,09-24,6.0,42.2,59.8,76.5,92.1,113.1,122.3
Fichte_geduengt,60,268,09-25,5.7,42.5,59.5,76.5,92.8,112.4,122.0
Fichte_geduengt,60,269,09-26,5.3,42.7,59.2,76.7,93.5,111.8,121.9
Fichte_geduengt,60,270,09-27,5.0,42.9,58.8,76.6,93.1,111.3,120.3
Fichte_geduengt,60,271,09-28,4.6,42.9,58.5,76.5,92.6,111.4,120.8
Fichte_geduengt,60,272,09-29,4.3,42.6,58.1,76.6,93.2,111.9,121.6
Fichte_geduengt,60,273,09-30,3.9,42.3,57.5,76.7,94.4,112.6,123.4
Fichte_geduengt,60,274,10-01,3.6,42.0,56.9,76.9,96.0,113.9,124.4
Fichte_geduengt,60,275,10-02,3.3,41.6,56.4,77.1,97.4,114.7,125.4
Fichte_geduengt,60,276,10-03,3.0,41.1,55.7,77.3,98.8,115.4,126.2
Fichte_geduengt,60,277,10-04,3.0,40.6,55.0,77.4,100.2,116.7,127.2
Fichte_geduengt,60,278,10-05,3.0,40.2,54.2,77.3,101.4,117.3,128.0
Fichte_geduengt,60,279,10-06,3.0,39.8,53.4,77.2,102.2,118.6,129.5
Fichte_geduengt,60,280,10-07,2.9,39.4,52.5,77.1,102.6,119.4,130.3
Fichte_geduengt,60,281,10-08,2.9,39.0,51.8,76.8,102.4,120.6,131.6
Fichte_geduengt,60,282,10-09,3.0,38.7,51.0,76.4,102.3,121.3,132.3
Fichte_geduengt,60,283,10-10,3.1,38.3,50.3,76,102.3,122.2,133.6
Fichte_geduengt,60,284,10-11,3.2,37.8,49.5,75.8,102.2,122.4,134.3
Fichte_geduengt,60,285,10-12,3.3,37.3,48.5,75.6,102.2,121.9,134.2
Fichte_geduengt,60,286,10-13,3.5,36.9,47.5,75.5,102.1,121.2,132.6
Fichte_geduengt,60,287,10-14,3.8,36.6,46.5,75.6,101.5,120.9,132.5
Fichte_geduengt,60,288,10-15,4.0,36.3,46.0,75.7,101.0,120.7,133.0
Fichte_geduengt,60,289,10-16,4.3,36.1,46.0,75.4,100.4,120.4,133.4
Fichte_geduengt,60,290,10-17,4.6,36.0,46.3,75.2,99.4,119.6,134.6
Fichte_geduengt,60,291,10-18,4.8,36.0,46.6,75,98.3,118.3,134.9
Fichte_geduengt,60,292,10-19,5.1,36.2,47.1,74.8,96.8,116.3,134.7
Fichte_geduengt,60,293,10-20,5.4,36.8,47.7,74.6,95.3,114.2,133.8
Fichte_geduengt,60,294,10-21,5.7,37.6,48.3,74.5,93.6,111.6,133.4
Fichte_geduengt,60,295,10-22,6.0,38.6,49.1,74.5,92.0,109.7,133.1
Fichte_geduengt,60,296,10-23,6.3,39.7,50.0,74.3,90.6,108.5,133.0
Fichte_geduengt,60,297,10-24,6.2,40.7,50.8,74.1,89.2,107.7,132.9
Fichte_geduengt,60,298,10-25,6.2,41.7,51.6,74,88.0,107.5,132.8
Fichte_geduengt,60,299,10-26,6.2,42.7,52.6,74,87.3,106.7,131.9
Fichte_geduengt,60,300,10-27,6.2,43.8,53.8,74.3,87.4,106.3,131.7
Fichte_geduengt,60,301,10-28,6.2,44.8,55.2,74.8,87.9,106.1,131.3
Fichte_geduengt,60,302,10-29,6.2,45.8,56.6,75.5,88.7,105.9,130.6
Fichte_geduengt,60,303,10-30,6.1,46.7,58.0,76.4,89.5,105.6,129.9
Fichte_geduengt,60,304,10-31,6.0,47.6,59.5,77.2,90.5,106.0,129.8
Fichte_geduengt,60,305,11-01,5.9,48.4,61.1,77.9,91.1,107.3,130.7
Fichte_geduengt,60,306,11-02,5.8,49.2,62.6,78.7,92.7,108.7,133.1
Fichte_geduengt,60,307,11-03,5.6,49.9,64.2,79.7,94.4,111.0,138.3
Fichte_geduengt,60,308,11-04,5.5,50.5,65.4,80.5,96.2,112.2,143.6
Fichte_geduengt,60,309,11-05,5.3,51.2,66.2,81.2,98.0,113.4,148.9
Fichte_geduengt,60,310,11-06,5.1,51.7,66.8,82,100.0,114.7,151.2
Fichte_geduengt,60,311,11-07,4.9,52.2,67.4,82.7,102.2,116.4,156.4
Fichte_geduengt,60,312,11-08,4.7,52.4,67.9,83.4,104.4,118.4,160.1
Fichte_geduengt,60,313,11-09,4.4,52.3,68.4,84.4,106.5,120.7,164.4
Fichte_geduengt,60,314,11-10,6.5,52.2,68.9,85.8,108.3,123.0,167.4
Fichte_geduengt,60,315,11-11,8.6,53.3,70.1,87.5,110.1,125.0,169.3
Fichte_geduengt,60,316,11-12,10.7,54.4,71.2,89.2,112.2,126.2,171.1
Fichte_geduengt,60,317,11-13,12.7,55.5,72.5,90.9,114.4,127.2,172.9
Fichte_geduengt,60,318,11-14,14.8,56.6,73.7,92.4,116.5,127.8,174.9
Fichte_geduengt,60,319,11-15,16.9,57.8,74.8,93.5,118.6,128.4,177.4
Fichte_geduengt,60,320,11-16,18.9,59.0,75.4,94.2,120.0,128.8,179.4
Fichte_geduengt,60,321,11-17,21.0,60.3,76.0,94.9,121.3,129.2,181.5
Fichte_geduengt,60,322,11-18,23.1,61.6,76.7,95.4,122.4,129.5,184.1
Fichte_geduengt,60,323,11-19,25.2,63.0,77.4,95.9,123.5,129.9,186.9
Fichte_geduengt,60,324,11-20,27.3,64.4,78.1,96,124.2,130.2,189.4
Fichte_geduengt,60,325,11-21,29.5,65.8,78.7,96.1,124.6,130.3,194.1
Fichte_geduengt,60,326,11-22,31.8,66.7,79.5,96.8,124.1,132.2,197.9
Fichte_geduengt,60,327,11-23,34.2,67.8,80.6,97.1,123.3,131.7,195.8
Fichte_geduengt,60,328,11-24,37.5,69.2,81.7,97.4,122.3,132.0,192.7
Fichte_geduengt,60,329,11-25,41.5,71.0,82.5,97.6,121.2,132.3,189.4
Fichte_geduengt,60,330,11-26,45.8,72.9,83.6,98,120.0,132.7,188.2
Fichte_geduengt,60,331,11-27,50.1,75.0,84.8,98.5,118.9,132.9,185.0
Fichte_geduengt,60,332,11-28,54.3,77.1,86.1,99.2,117.9,133.4,183.2
Fichte_geduengt,60,333,11-29,58.5,79.3,87.5,99.6,117.4,134.2,180.9
Fichte_geduengt,60,334,11-30,60.4,81.4,88.7,99.5,117.9,136.2,183.0
Fichte_geduengt,60,335,12-01,62.8,82.4,89.3,99.3,118.4,139.0,186.9
Fichte_geduengt,60,336,12-02,65.1,83.3,89.7,98.9,118.6,142.3,191.0
Fichte_geduengt,60,337,12-03,67.3,84.1,90.1,98.4,119.5,145.2,195.1
Fichte_geduengt,60,338,12-04,69.2,84.8,90.3,98,119.8,148.1,199.2
Fichte_geduengt,60,339,12-05,71.0,85.3,90.8,98.4,120.0,150.0,201.3
Fichte_geduengt,60,340,12-06,72.9,85.7,91.3,99,120.3,151.2,201.7
Fichte_geduengt,60,341,12-07,74.7,86.1,91.7,99.4,120.5,152.4,202.1
Fichte_geduengt,60,342,12-08,76.8,86.5,92.1,99.9,120.7,153.5,202.2
Fichte_geduengt,60,343,12-09,78.8,87.0,92.6,100.5,120.8,154.6,202.2
Fichte_geduengt,60,344,12-10,80.8,87.4,93.3,101.9,121.0,155.7,202.3
Fichte_geduengt,60,345,12-11,82.8,87.7,94.0,103.3,121.5,156.9,200.1
Fichte_geduengt,60,346,12-12,84.8,89.0,94.5,104.3,122.3,156.3,197.9
Fichte_geduengt,60,347,12-13,86.6,90.0,95.4,105.4,123.2,157.0,198.4
Fichte_geduengt,60,348,12-14,87.5,90.6,95.7,106.8,125.3,158.5,199.0
Fichte_geduengt,60,349,12-15,87.8,90.9,96.1,107.5,127.6,160.4,199.6
Fichte_geduengt,60,350,12-16,87.8,90.9,96.0,108,129.2,161.7,200.1
Fichte_geduengt,60,351,12-17,87.9,91.0,95.8,108.7,130.7,162.8,200.4
Fichte_geduengt,60,352,12-18,88.0,90.8,95.6,109.2,132.1,163.6,200.7
Fichte_geduengt,60,353,12-19,87.7,90.5,95.3,109.7,133.1,163.8,200.9
Fichte_geduengt,60,354,12-20,87.3,90.1,94.9,110,133.3,162.8,198.0
Fichte_geduengt,60,355,12-21,86.0,89.1,94.5,110.4,133.7,160.4,194.3
Fichte_geduengt,60,356,12-22,85.5,88.7,94.4,111.1,133.9,158.5,191.2
Fichte_geduengt,60,357,12-23,85.2,88.5,94.4,112,133.5,156.9,187.8
Fichte_geduengt,60,358,12-24,85.2,88.4,94.4,112.9,133.5,155.2,183.8
Fichte_geduengt,60,359,12-25,85.3,88.4,94.6,113.6,133.5,154.2,181.0
Fichte_geduengt,60,360,12-26,85.3,88.5,94.8,114.2,133.6,154.1,180.8
Fichte_geduengt,60,361,12-27,85.4,88.6,95.1,114.9,133.8,154.1,180.8
Fichte_geduengt,60,362,12-28,85.3,88.6,95.4,115.6,133.9,154.3,181.0
Fichte_geduengt,60,363,12-29,85.1,88.5,95.5,116.5,134.2,154.6,181.2
Fichte_geduengt,60,364,12-30,84.9,88.5,95.4,116.4,135.1,154.9,181.5
Fichte_geduengt,60,365,12-31,84.6,88.5,95.3,116.5,135.9,155.4,
